Id,OrgId,IncidentId,AlertId,Timestamp,DetectorId,AlertTitle,Category,MitreTechniques,IncidentGrade,ActionGrouped,ActionGranular,EntityType,EvidenceRole,DeviceId,Sha256,IpAddress,Url,AccountSid,AccountUpn,AccountObjectId,AccountName,DeviceName,NetworkMessageId,EmailClusterId,RegistryKey,RegistryValueName,RegistryValueData,ApplicationId,ApplicationName,OAuthApplicationId,ThreatFamily,FileName,FolderPath,ResourceIdName,ResourceType,Roles,OSFamily,OSVersion,AntispamDirection,SuspicionLevel,LastVerdict,CountryCode,State,City
618475291196,58,463,3755,2024-06-13T01:50:02.000Z,11,9,InitialAccess,T1566,BenignPositive,,,Mailbox,Impacted,98799,138268,360606,160396,22514,23159,23420,25100,153085,529644,,1631,635,860,2251,3421,881,,289573,117668,3586,,,5,66,,,,242,1445,10630
1142461301467,82,10155,4514,2024-06-06T12:19:45.000Z,1,1,InitialAccess,T1566.002,TruePositive,,,Mailbox,Impacted,98799,138268,360606,160396,1124,518,1111,1177,153085,529644,,1631,635,860,2251,3421,881,,289573,117668,3586,,,5,66,,,,242,1445,10630
523986011993,795,105746,690368,2024-06-03T08:54:33.000Z,2,2,CommandAndControl,,BenignPositive,,,Url,Related,98799,138268,360606,0,441377,673934,425863,453297,153085,529644,,1631,635,860,2251,3421,881,,289573,117668,3586,,,5,66,,Suspicious,Suspicious,242,1445,10630
1236950583278,23,331,812189,2024-06-13T01:48:36.000Z,4,3,InitialAccess,,FalsePositive,,,Ip,Related,98799,138268,138066,160396,441377,673934,425863,453297,153085,529644,,1631,635,860,2251,3421,881,,289573,117668,3586,,,5,66,,,,17,229,2635
1400159340664,13,377739,1130511,2024-06-03T13:19:57.000Z,34,1443,Exfiltration,,BenignPositive,,,Machine,Impacted,98799,138268,360606,160396,441377,673934,425863,453297,1263,529644,,1631,635,860,2251,3421,881,,289573,117668,3586,,,5,66,,,,242,1445,10630
1451698947913,342,9109,15626,2024-06-14T09:59:27.000Z,1,1,InitialAccess,T1566.002,BenignPositive,,,Url,Related,98799,138268,360606,26091,441377,673934,425863,453297,153085,529644,,1631,635,860,2251,3421,881,,289573,117668,3586,,,5,66,,,NoThreatsFound,242,1445,10630
8589939601,37,190,4169,2024-06-12T19:12:40.000Z,97,598,Exfiltration,,FalsePositive,,,MailMessage,Impacted,98799,138268,360606,160396,441377,7450,425863,453297,153085,30,,1631,635,860,2251,3421,881,,289573,117668,3586,,,5,66,,,,242,1445,10630
1013612285345,2,10636,3500,2024-06-12T01:55:07.000Z,18,14,Exfiltration,,BenignPositive,,,MailMessage,Impacted,98799,138268,360606,160396,441377,8,425863,453297,153085,8669,,1631,635,860,2251,3421,881,,289573,117668,3586,,,5,66,,,,242,1445,10630
1056561959390,155,489,1017118,2024-06-03T03:41:17.000Z,0,0,InitialAccess,T1078;T1078.004,TruePositive,,,CloudLogonRequest,Related,98799,138268,360606,160396,441377,673934,425863,453297,153085,529644,,1631,635,860,2251,3421,881,,289573,117668,3586,,,5,66,,,,242,1445,10630
1460288882818,90,157,1294477,2024-06-04T19:41:26.000Z,0,0,InitialAccess,T1078;T1078.004,TruePositive,,,Ip,Related,98799,138268,725,160396,441377,673934,425863,453297,153085,529644,,1631,635,860,2251,3421,881,,289573,117668,3586,,,5,66,,,,0,1,1
498216211121,91,7084,215483,2024-06-05T11:19:36.000Z,122,35008,Exfiltration,,BenignPositive,,,File,Impacted,98799,138268,360606,160396,441377,673934,425863,453297,153085,529644,,1631,635,860,2251,3421,881,,35213,0,3586,,,5,66,,,,242,1445,10630
807453853383,0,5426,29921,2024-06-04T08:31:16.000Z,0,0,InitialAccess,T1078;T1078.004,TruePositive,,,Ip,Related,98799,138268,27,160396,441377,673934,425863,453297,153085,529644,,1631,635,860,2251,3421,881,,289573,117668,3586,,,5,66,,,,31,6,3
1408749274638,88,91051,1114516,2024-06-14T04:50:11.000Z,58,43,Exfiltration,,FalsePositive,,,User,Impacted,98799,138268,360606,160396,28302,26395,29986,32149,153085,529644,,1631,635,860,2251,3421,881,,289573,117668,3586,,,5,66,,,,242,1445,10630
1236950585494,86,255458,55146,2024-06-04T21:07:14.000Z,3,4,SuspiciousActivity,,BenignPositive,,,Url,Related,98799,138268,360606,79,441377,673934,425863,453297,153085,529644,,1631,635,860,2251,3421,881,,289573,117668,3586,,,5,66,,,,242,1445,10630
833223656727,1221,72051,1524656,2024-06-05T23:35:03.000Z,33,22,InitialAccess,,FalsePositive,,,User,Impacted,98799,138268,360606,160396,870,523,861,817,153085,529644,,1631,635,860,2251,3421,881,,289573,117668,3586,,,5,66,,,,242,1445,10630
901943133686,225,10840,18394,2024-05-24T21:09:10.000Z,2145,184,Exfiltration,T1030,BenignPositive,,,Ip,Related,98799,138268,151170,160396,441377,673934,425863,453297,153085,529644,,1631,635,860,2251,3421,881,,289573,117668,3586,,,5,66,,,,242,1445,10630
1159641174879,4,284,375,2024-05-31T10:12:27.000Z,8,7,InitialAccess,T1133,FalsePositive,,,Machine,Impacted,98799,138268,360606,160396,441377,673934,425863,453297,512,529644,,1631,635,860,2251,3421,881,,289573,117668,3586,,,5,66,,,,242,1445,10630
618475295185,9,3420,11515,2024-06-05T16:06:19.000Z,40,5968,Exfiltration,,BenignPositive,,,User,Impacted,98799,138268,360606,160396,12835,20447,12481,13660,153085,529644,,1631,635,860,2251,3421,881,,289573,117668,3586,,,5,66,,,,242,1445,10630
1374389536549,0,141,1258611,2024-06-11T00:50:45.000Z,0,0,InitialAccess,T1078;T1078.004,TruePositive,,,Ip,Related,98799,138268,2755,160396,441377,673934,425863,453297,153085,529644,,1631,635,860,2251,3421,881,,289573,117668,3586,,,5,66,,,,1,0,0
755914248726,66,542127,346928,2024-06-12T05:01:10.000Z,5,34,SuspiciousActivity,,TruePositive,,,Ip,Related,98799,138268,2443,160396,441377,673934,425863,453297,153085,529644,,1631,635,860,2251,3421,881,,289573,117668,3586,,Contextual,5,66,,,,242,1445,10630
309237645999,217,169862,280512,2024-06-14T08:01:06.000Z,2,2,CommandAndControl,,BenignPositive,,,Process,Related,98799,2,360606,160396,441377,673934,425863,453297,153085,529644,,1631,635,860,2251,3421,881,,1,1,3586,,,5,66,,Suspicious,Suspicious,242,1445,10630
1597727835819,84,229,439950,2024-06-04T05:43:10.000Z,68,3440,Exfiltration,,TruePositive,,,Ip,Related,98799,138268,10398,160396,441377,673934,425863,453297,153085,529644,,1631,635,860,2251,3421,881,,289573,117668,3586,,,5,66,,,,242,1445,10630
257698041259,249,131294,1403310,2024-06-12T01:58:42.000Z,5,3139,SuspiciousActivity,,FalsePositive,,,Ip,Related,98799,138268,95214,160396,441377,673934,425863,453297,153085,529644,,1631,635,860,2251,3421,881,,289573,117668,3586,,Contextual,5,66,,,,242,1445,10630
695784703551,41,26896,26865,2024-06-06T15:14:10.000Z,32,3002,Exfiltration,,TruePositive,,,File,Impacted,98799,138268,360606,160396,441377,673934,425863,453297,153085,529644,,1631,635,860,2251,3421,881,,116524,0,3586,,,5,66,,,,242,1445,10630
1271310322153,5,810,324138,2024-06-07T23:58:49.000Z,0,0,InitialAccess,T1078;T1078.004,TruePositive,,,CloudLogonRequest,Related,98799,138268,360606,160396,441377,673934,425863,453297,153085,529644,,1631,635,860,2251,3421,881,,289573,117668,3586,,,5,66,,,,242,1445,10630
575525619441,26,26562,474165,2024-06-09T09:44:51.000Z,335,2600,CredentialAccess,,BenignPositive,,,File,Related,98799,3427,360606,160396,441377,673934,425863,453297,153085,529644,,1631,635,860,2251,3421,881,Vidar,8230,9089,3586,,,5,66,,Suspicious,Malicious,242,1445,10630
790273986966,71,299,1945,2024-06-03T18:35:47.000Z,194,167,Exfiltration,,FalsePositive,,,User,Impacted,98799,138268,360606,160396,441377,47019,425863,31406,153085,529644,,1631,635,860,2251,3421,881,,289573,117668,3586,,,5,66,,,,242,1445,10630
1279900258295,437,20625,631800,2024-06-04T15:29:17.000Z,2,2,CommandAndControl,,BenignPositive,,,Url,Related,98799,138268,360606,159463,441377,673934,425863,453297,153085,529644,,1631,635,860,2251,3421,881,,289573,117668,3586,,,5,66,,Suspicious,Suspicious,242,1445,10630
180388628219,0,416,505788,2024-06-06T06:00:45.000Z,0,0,InitialAccess,T1078;T1078.004,TruePositive,,,User,Impacted,98799,138268,360606,160396,58310,100091,61833,63853,153085,529644,,1631,635,860,2251,3421,881,,289573,117668,3586,,,5,66,,,,242,1445,10630
1005022349562,52,2401,1156061,2024-06-03T16:15:36.000Z,719,976,DefenseEvasion,,BenignPositive,,,Machine,Impacted,32289,138268,360606,160396,441377,673934,425863,453297,43592,529644,,1631,635,860,2251,3421,881,,289573,117668,3586,,,5,66,,,,242,1445,10630
1683627184535,69,142853,1155147,2024-06-11T13:35:26.000Z,1516,575,Discovery,T1078;T1136;T1087,BenignPositive,,,User,Impacted,98799,138268,360606,160396,441377,498953,425863,349070,153085,529644,,1631,635,860,2251,3421,881,,289573,117668,3586,,,5,66,,,,242,1445,10630
1623497641881,357,5803,2026,2024-06-05T16:18:15.000Z,91,68,CredentialAccess,T1110;T1110.001;T1110.003,TruePositive,,,User,Related,98799,138268,360606,160396,48693,83257,48928,52232,153085,529644,,1631,635,860,2251,3421,881,,289573,117668,3586,,Contextual,5,66,,,,242,1445,10630
1460288885568,1503,129799,886275,2024-06-06T20:44:07.000Z,0,0,InitialAccess,T1078;T1078.004,FalsePositive,,,Ip,Related,98799,138268,203837,160396,441377,673934,425863,453297,153085,529644,,1631,635,860,2251,3421,881,,289573,117668,3586,,,5,66,,,,0,9,37
463856472316,380,67623,241011,2024-06-08T04:03:14.000Z,28,19,InitialAccess,T1566,BenignPositive,,,MailMessage,Related,98799,138268,360606,160396,441377,91950,425863,453297,153085,172645,,1631,635,860,2251,3421,881,,289573,117668,3586,,,5,66,Inbound,,NoThreatsFound,242,1445,10630
77309412976,1,1643,538578,2024-06-08T02:45:35.000Z,0,0,InitialAccess,T1078;T1078.004,TruePositive,,,Ip,Related,98799,138268,503,160396,441377,673934,425863,453297,153085,529644,,1631,635,860,2251,3421,881,,289573,117668,3586,,,5,66,,,,9,14,11
1116691497990,129,152009,39878,2024-06-11T20:59:59.000Z,10,8,InitialAccess,T1566.001,TruePositive,,,Mailbox,Impacted,98799,138268,360606,160396,38915,32920,36948,27235,153085,529644,,1631,635,860,2251,3421,881,,289573,117668,3586,,,5,66,,,Malicious,242,1445,10630
197568499394,507,31281,1102364,2024-06-06T23:53:25.000Z,107,812,DefenseEvasion,,BenignPositive,,,Machine,Impacted,3213,138268,360606,160396,441377,673934,425863,453297,6267,529644,,1631,635,860,2251,3421,881,,289573,117668,3586,,,0,0,,Suspicious,Suspicious,242,1445,10630
283467842371,406,6020,68551,2024-05-23T01:48:53.000Z,224,203,Impact,,TruePositive,,,Ip,Related,98799,138268,82,160396,441377,673934,425863,453297,153085,529644,,1631,635,860,2251,3421,881,,289573,117668,3586,,,5,66,,,,242,1445,10630
1606317770465,0,92,395507,2024-06-08T20:58:24.000Z,0,0,InitialAccess,T1078;T1078.004,TruePositive,,,Ip,Related,98799,138268,56,160396,441377,673934,425863,453297,153085,529644,,1631,635,860,2251,3421,881,,289573,117668,3586,,,5,66,,,,1,0,0
996432413725,47,40207,1639434,2024-05-20T07:34:16.000Z,690,147,Impact,,FalsePositive,,,User,Impacted,98799,138268,360606,160396,5735,8188,5720,6170,153085,529644,,1631,635,860,2251,3421,881,,289573,117668,3586,,,5,66,,,,242,1445,10630
300647712955,13,15335,10926,2024-06-13T18:06:34.000Z,34,1474,Exfiltration,,BenignPositive,,,File,Impacted,98799,2160,360606,160396,441377,673934,425863,453297,153085,529644,,1631,635,860,2251,3421,881,,2490,7,3586,,,5,66,,,,242,1445,10630
1297080128132,66,98173,549388,2024-06-03T03:31:04.000Z,5,34,SuspiciousActivity,,TruePositive,,,Ip,Related,98799,138268,14989,160396,441377,673934,425863,453297,153085,529644,,1631,635,860,2251,3421,881,,289573,117668,3586,,Contextual,5,66,,,,242,1445,10630
403726930532,69,54010,888854,2024-06-13T09:00:06.000Z,0,0,InitialAccess,T1078;T1078.004,FalsePositive,,,CloudLogonRequest,Related,98799,138268,360606,160396,441377,673934,425863,453297,153085,529644,,1631,635,860,2251,3421,881,,289573,117668,3586,,,5,66,,,,242,1445,10630
240518173350,299,68384,65119,2024-06-14T08:27:40.000Z,1,1,InitialAccess,T1566.002,BenignPositive,,,Mailbox,Impacted,98799,138268,360606,160396,163256,123144,131293,131050,153085,529644,,1631,635,860,2251,3421,881,,289573,117668,3586,,,5,66,,,,242,1445,10630
609885356628,42,2,1574683,2024-06-05T09:13:23.000Z,135,11629,Malware,,BenignPositive,,,File,Related,98799,4225,360606,160396,441377,673934,425863,453297,153085,529644,,1631,635,860,2251,3421,881,Zegost,6,86647,3586,,,5,66,,Suspicious,Malicious,242,1445,10630
962072676114,0,78123,549243,2024-06-08T23:33:50.000Z,14,12,CredentialAccess,T1110;T1110.003;T1110.001,TruePositive,,,CloudLogonRequest,Related,98799,138268,360606,160396,441377,673934,425863,453297,153085,529644,,1631,635,860,2251,3421,881,,289573,117668,3586,,,5,66,,,,242,1445,10630
438086669113,4,548,434,2024-05-23T18:15:38.000Z,8,7,InitialAccess,T1133,BenignPositive,,,Machine,Impacted,98799,138268,360606,160396,441377,673934,425863,453297,231,529644,,1631,635,860,2251,3421,881,,289573,117668,3586,,,5,66,,,,242,1445,10630
506806145249,380,31797,62984,2024-06-03T08:15:10.000Z,1,1,InitialAccess,T1566.002,BenignPositive,,,Url,Related,98799,138268,360606,78013,441377,673934,425863,453297,153085,529644,,1631,635,860,2251,3421,881,,289573,117668,3586,,,5,66,,,Malicious,242,1445,10630
214748366556,0,114,1260828,2024-06-06T12:32:01.000Z,7,6,InitialAccess,,TruePositive,,,User,Impacted,98799,138268,360606,160396,780,1045,769,829,153085,529644,,1631,635,860,2251,3421,881,,289573,117668,3586,,,5,66,,,,242,1445,10630
704374639403,34,199656,261757,2024-06-06T21:13:48.000Z,3,4,SuspiciousActivity,,BenignPositive,,,Process,Related,98799,1,360606,160396,441377,673934,425863,453297,153085,529644,,1631,635,860,2251,3421,881,,1,1,3586,,,5,66,,Suspicious,Suspicious,242,1445,10630
1219770712090,6,1424,1178,2024-05-25T22:42:43.000Z,17,1261,Impact,,BenignPositive,,,Ip,Related,98799,138268,3130,160396,441377,673934,425863,453297,153085,529644,,1631,635,860,2251,3421,881,,289573,117668,3586,,,5,66,,,,242,1445,10630
790273984959,5,274,382576,2024-06-11T15:38:07.000Z,0,0,InitialAccess,T1078;T1078.004,TruePositive,,,User,Impacted,98799,138268,360606,160396,112,160,104,130,153085,529644,,1631,635,860,2251,3421,881,,289573,117668,3586,,,5,66,,,,242,1445,10630
103079218218,33,5278,3572,2024-06-03T23:17:21.000Z,38,25,Impact,,BenignPositive,,,Url,Related,98799,138268,360606,1974,441377,673934,425863,453297,153085,529644,,1631,635,860,2251,3421,881,,289573,117668,3586,,,5,66,,,,242,1445,10630
8589939525,4,202,480,2024-05-26T02:21:29.000Z,8,7,InitialAccess,T1133,FalsePositive,,,Machine,Impacted,98799,138268,360606,160396,441377,673934,425863,453297,280,529644,,1631,635,860,2251,3421,881,,289573,117668,3586,,,5,66,,,,242,1445,10630
549755814778,61,109753,187284,2024-06-07T23:48:33.000Z,5,31,SuspiciousActivity,,FalsePositive,,,CloudApplication,Impacted,98799,138268,360606,160396,441377,673934,425863,453297,153085,529644,,1631,635,860,0,0,881,,289573,117668,3586,,,5,66,,,,242,1445,10630
1348619733773,29,263,348,2024-06-10T15:04:46.000Z,54,33,Persistence,T1078;T1098,BenignPositive,,,User,Impacted,98799,138268,360606,160396,246199,340064,302364,214490,153085,529644,,1631,635,860,2251,3421,881,,289573,117668,3586,,,5,66,,,,242,1445,10630
171798696145,178,179,947599,2024-06-05T05:27:28.000Z,0,0,InitialAccess,T1078;T1078.004,TruePositive,,,User,Impacted,98799,138268,360606,160396,40414,67798,40072,42589,153085,529644,,1631,635,860,2251,3421,881,,289573,117668,3586,,,5,66,,,,242,1445,10630
962072675658,44,6669,4247,2024-06-07T17:08:08.000Z,50,36,Exfiltration,,BenignPositive,,,File,Impacted,98799,138268,360606,160396,441377,673934,425863,453297,153085,529644,,1631,635,860,2251,3421,881,,122678,25914,3586,,,5,66,,,,242,1445,10630
953482740432,60,110,11141,2024-06-11T15:45:41.000Z,51,5844,Exfiltration,,FalsePositive,,,MailMessage,Impacted,98799,138268,360606,160396,441377,75122,425863,453297,153085,25231,,1631,635,860,2251,3421,881,,289573,117668,3586,,,5,66,,,,242,1445,10630
695784706965,4,431,392,2024-05-20T09:38:07.000Z,8,7,InitialAccess,T1133,FalsePositive,,,Machine,Impacted,98799,138268,360606,160396,441377,673934,425863,453297,158,529644,,1631,635,860,2251,3421,881,,289573,117668,3586,,,5,66,,,,242,1445,10630
1348619732895,703,656,636390,2024-06-10T19:03:55.000Z,2,2,CommandAndControl,,FalsePositive,,,Process,Related,98799,33,360606,160396,441377,673934,425863,453297,153085,529644,,1631,635,860,2251,3421,881,,0,2,3586,,,5,66,,Suspicious,Suspicious,242,1445,10630
695784702402,160,1223,3300,2024-06-06T13:32:50.000Z,1,1,InitialAccess,T1566.002,TruePositive,,,Mailbox,Impacted,98799,138268,360606,160396,100477,85765,98066,106203,153085,529644,,1631,635,860,2251,3421,881,,289573,117668,3586,,,5,66,,,,242,1445,10630
1168231108656,10,2141,217,2024-05-22T06:10:52.000Z,12,723,Impact,,TruePositive,,,Ip,Related,98799,138268,1983,160396,441377,673934,425863,453297,153085,529644,,1631,635,860,2251,3421,881,,289573,117668,3586,,,5,66,,,,242,1445,10630
1219770713815,0,117,106724,2024-06-08T15:21:07.000Z,4,3,InitialAccess,,TruePositive,,,User,Impacted,98799,138268,360606,160396,1225,1674,1223,1288,153085,529644,,1631,635,860,2251,3421,881,,289573,117668,3586,,,5,66,,,,242,1445,10630
910533068761,39,419,11571,2024-06-15T00:39:43.000Z,6,5,InitialAccess,T1566,BenignPositive,,,Mailbox,Impacted,98799,138268,360606,160396,24760,21370,24745,26300,153085,529644,,1631,635,860,2251,3421,881,,289573,117668,3586,,,5,66,,,NoThreatsFound,242,1445,10630
1340029798637,240,4072,1160525,2024-05-31T13:35:08.000Z,884,300,InitialAccess,T1078,TruePositive,,,Ip,Related,98799,138268,921,160396,441377,673934,425863,453297,153085,529644,,1631,635,860,2251,3421,881,,289573,117668,3586,,,5,66,,,,242,1445,10630
1047972025230,256,855,197768,2024-06-08T20:56:56.000Z,3,4,SuspiciousActivity,,FalsePositive,,,Ip,Related,98799,138268,132585,160396,441377,673934,425863,453297,153085,529644,,1631,635,860,2251,3421,881,,289573,117668,3586,,,5,66,,Suspicious,Suspicious,242,1445,10630
17179871239,1032,8121,5400,2024-06-07T05:24:16.000Z,654,879,Exfiltration,T1048;T1011;T1567;T1567.002,FalsePositive,,,MailCluster,Related,98799,138268,360606,160396,441377,673934,425863,453297,153085,529644,907964919.0,1631,635,860,2251,3421,881,,289573,117668,3586,,,5,66,,,,242,1445,10630
1692217116375,0,440,107720,2024-06-06T19:49:11.000Z,0,0,InitialAccess,T1078;T1078.004,TruePositive,,,User,Impacted,98799,138268,360606,160396,1484,2026,1486,1569,153085,529644,,1631,635,860,2251,3421,881,,289573,117668,3586,,,5,66,,,,242,1445,10630
274877908154,180,33956,66339,2024-06-12T00:05:57.000Z,28,19,InitialAccess,T1566,BenignPositive,,,MailMessage,Related,98799,138268,360606,160396,441377,73725,425863,453297,153085,192046,,1631,635,860,2251,3421,881,,289573,117668,3586,,,5,66,,,,242,1445,10630
618475294554,164,6357,4721,2024-05-21T01:39:22.000Z,392,177,Execution,T1059,BenignPositive,,,User,Impacted,98799,138268,360606,160396,441377,673934,425863,66843,153085,529644,,1631,635,860,2251,3421,881,,289573,117668,3586,,,5,66,,,,242,1445,10630
472446405786,289,595627,1699180,2024-06-13T06:57:51.000Z,907,1526,InitialAccess,,BenignPositive,,,Mailbox,Impacted,98799,138268,360606,160396,441377,62466,425863,453297,153085,529644,,1631,635,860,2251,3421,881,,289573,117668,3586,,,5,66,,,,242,1445,10630
154618826510,12,2235,1528,2024-05-30T22:29:04.000Z,16,1055,Impact,,BenignPositive,,,Ip,Related,98799,138268,6005,160396,441377,673934,425863,453297,153085,529644,,1631,635,860,2251,3421,881,,289573,117668,3586,,,5,66,,,,242,1445,10630
1090921696147,537,16881,62146,2024-05-24T03:07:13.000Z,388,147,Impact,,BenignPositive,,,Ip,Related,98799,138268,995,160396,441377,673934,425863,453297,153085,529644,,1631,635,860,2251,3421,881,,289573,117668,3586,,,5,66,,,,242,1445,10630
1288490189696,18,568683,1072961,2024-06-08T17:02:31.000Z,9,32,Execution,,FalsePositive,,,File,Related,98799,36242,360606,160396,441377,673934,425863,453297,153085,529644,,1631,635,860,2251,3421,881,,56214,117668,3586,,,5,66,,,,242,1445,10630
352187320627,223,26454,92583,2024-06-06T12:25:27.000Z,561,9338,Exfiltration,,BenignPositive,,,MailMessage,Impacted,98799,138268,360606,160396,441377,96825,425863,453297,153085,13936,,1631,635,860,2251,3421,881,,289573,117668,3586,,,5,66,,,,242,1445,10630
326417518789,1776,15025,72295,2024-06-07T23:47:05.000Z,4110,2252,PrivilegeEscalation,T1078,BenignPositive,,,User,Impacted,98799,138268,360606,160396,216381,358289,307977,231278,153085,529644,,1631,635,860,2251,3421,881,,289573,117668,3586,,,5,66,,,,242,1445,10630
352187320801,383,7403,158917,2024-06-10T22:15:55.000Z,1,1,InitialAccess,T1566.002,TruePositive,,,MailCluster,Related,98799,138268,360606,160396,441377,673934,425863,453297,153085,529644,3995859473.0,1631,635,860,2251,3421,881,,289573,117668,3586,,,5,66,,,Suspicious,242,1445,10630
661424966347,29,17027,24922,2024-06-06T17:43:40.000Z,101,78,CredentialAccess,,BenignPositive,,,User,Impacted,98799,138268,360606,160396,441377,673934,425863,20052,153085,529644,,1631,635,860,2251,3421,881,,289573,117668,3586,,,5,66,,,,242,1445,10630
1116691501882,306,66003,449155,2024-06-06T07:06:25.000Z,6,5,InitialAccess,T1566,TruePositive,,,MailCluster,Related,98799,138268,360606,160396,441377,673934,425863,453297,153085,529644,,1631,635,860,2251,3421,881,,289573,117668,3586,,,5,66,,,NoThreatsFound,242,1445,10630
188978565640,155,59,1196336,2024-06-11T11:36:31.000Z,0,0,InitialAccess,T1078;T1078.004,TruePositive,,,User,Impacted,98799,138268,360606,160396,5535,7838,5554,5934,153085,529644,,1631,635,860,2251,3421,881,,289573,117668,3586,,,5,66,,,,242,1445,10630
1297080128102,9,45,354261,2024-06-11T18:28:51.000Z,94,44274,Exfiltration,,BenignPositive,,,User,Impacted,98799,138268,360606,160396,38775,63333,39012,40390,153085,529644,,1631,635,860,2251,3421,881,,289573,117668,3586,,,5,66,,,,242,1445,10630
1443109013170,189,3375,26256,2024-06-03T06:16:43.000Z,207,42,CommandAndControl,T1568;T1008,FalsePositive,,,Ip,Related,98799,138268,373,160396,441377,673934,425863,453297,153085,529644,,1631,635,860,2251,3421,881,,289573,117668,3586,,,5,66,,,,242,1445,10630
858993461996,29,4452,2845,2024-05-24T21:18:26.000Z,475,105,Exfiltration,T1030,BenignPositive,,,Ip,Related,98799,138268,360143,160396,441377,673934,425863,453297,153085,529644,,1631,635,860,2251,3421,881,,289573,117668,3586,,,5,66,,,,242,1445,10630
163208760309,522,566,269139,2024-06-05T03:54:25.000Z,2,2,CommandAndControl,,BenignPositive,,,Machine,Impacted,23204,138268,360606,160396,441377,673934,425863,453297,29217,529644,,1631,635,860,2251,3421,881,,289573,117668,3586,,,0,0,,Suspicious,Suspicious,242,1445,10630
584115553424,16,90038,144608,2024-06-10T21:22:52.000Z,24,32773,Exfiltration,,BenignPositive,,,MailMessage,Impacted,98799,138268,360606,160396,441377,384899,425863,453297,153085,226745,,1631,635,860,2251,3421,881,,289573,117668,3586,,,5,66,,,,242,1445,10630
944892805577,54,229967,433172,2024-06-05T11:17:25.000Z,1151,20612,Exfiltration,,BenignPositive,,,MailMessage,Impacted,98799,138268,360606,160396,441377,115146,425863,453297,153085,64635,,1631,635,860,2251,3421,881,,289573,117668,3586,,,5,66,,,,242,1445,10630
1614907708073,9,160,209133,2024-06-12T08:01:24.000Z,155,35068,Exfiltration,,BenignPositive,,,MailMessage,Impacted,98799,138268,360606,160396,441377,13251,425863,453297,153085,25319,,1631,635,860,2251,3421,881,,289573,117668,3586,,,5,66,,,,242,1445,10630
1666447315652,4,1681,292,2024-05-22T15:44:09.000Z,8,7,InitialAccess,T1133,FalsePositive,,,Machine,Impacted,98799,138268,360606,160396,441377,673934,425863,453297,138,529644,,1631,635,860,2251,3421,881,,289573,117668,3586,,,5,66,,,,242,1445,10630
1297080125683,349,557,1580562,2024-06-15T06:56:45.000Z,31,567,Malware,,BenignPositive,,,File,Related,98799,93167,360606,160396,441377,673934,425863,453297,153085,529644,,1631,635,860,2251,3421,881,Wacatac,195314,99164,3586,,,5,66,,Suspicious,Malicious,242,1445,10630
1142461301461,504,3848,5294,2024-06-05T04:54:03.000Z,1,1,InitialAccess,T1566.002,FalsePositive,,,Mailbox,Impacted,98799,138268,360606,160396,146441,176245,127919,170126,153085,529644,,1631,635,860,2251,3421,881,,289573,117668,3586,,,5,66,,,,242,1445,10630
730144443890,2,13029,4162,2024-06-06T15:04:17.000Z,18,14,Exfiltration,,BenignPositive,,,User,Impacted,98799,138268,360606,160396,2449,1774,2449,2572,153085,529644,,1631,635,860,2251,3421,881,,289573,117668,3586,,,5,66,,,,242,1445,10630
1090921696615,101,253,357565,2024-06-04T09:47:15.000Z,6,5,InitialAccess,T1566,TruePositive,,,User,Impacted,98799,138268,360606,160396,86239,93035,97743,103929,153085,529644,,1631,635,860,2251,3421,881,,289573,117668,3586,,,5,66,,,,242,1445,10630
317827581538,7,4581,3218,2024-06-02T17:34:49.000Z,22,10,Impact,,FalsePositive,,,Ip,Related,98799,138268,2533,160396,441377,673934,425863,453297,153085,529644,,1631,635,860,2251,3421,881,,289573,117668,3586,,,5,66,,,,242,1445,10630
472446407144,9,379,1083923,2024-06-15T13:25:54.000Z,31,229,Malware,,FalsePositive,,,Machine,Impacted,302,138268,360606,160396,441377,673934,425863,453297,1284,529644,,1631,635,860,2251,3421,881,,289573,117668,3586,,,0,0,,Suspicious,Suspicious,242,1445,10630
1305670059931,23,107,546165,2024-06-06T07:31:38.000Z,7,6,InitialAccess,,TruePositive,,,CloudLogonRequest,Related,98799,138268,360606,160396,441377,673934,425863,453297,153085,529644,,1631,635,860,2251,3421,881,,289573,117668,3586,,,5,66,,,,242,1445,10630
1194000910114,0,163,1346369,2024-06-05T20:55:38.000Z,7,6,InitialAccess,,TruePositive,,,Ip,Related,98799,138268,27,160396,441377,673934,425863,453297,153085,529644,,1631,635,860,2251,3421,881,,289573,117668,3586,,,5,66,,,,31,6,3
438086668633,53,2616,2499,2024-06-04T03:05:28.000Z,116,94,InitialAccess,T1190;T1133,FalsePositive,,,Url,Related,98799,138268,360606,1996,441377,673934,425863,453297,153085,529644,,1631,635,860,2251,3421,881,,289573,117668,3586,,,5,66,,,,242,1445,10630
1451698948451,5,1043,102589,2024-06-06T10:35:14.000Z,4,3,InitialAccess,,TruePositive,,,Ip,Related,98799,138268,1661,160396,441377,673934,425863,453297,153085,529644,,1631,635,860,2251,3421,881,,289573,117668,3586,,,5,66,,,,4,106,191
1580547966180,938,46687,96663,2024-06-14T15:34:30.000Z,6,5,InitialAccess,T1566,FalsePositive,,,Ip,Related,98799,138268,408,160396,441377,673934,425863,453297,153085,529644,,1631,635,860,2251,3421,881,,289573,117668,3586,,,5,66,,,NoThreatsFound,242,1445,10630
68719480142,59,196369,284027,2024-06-05T16:52:03.000Z,2,2,CommandAndControl,,BenignPositive,,,User,Impacted,98799,138268,360606,160396,262913,409169,292998,264862,153085,529644,,1631,635,860,2251,3421,881,,289573,117668,3586,,,5,66,,Suspicious,Suspicious,242,1445,10630
1116691498827,163,446,17264,2024-06-12T20:23:46.000Z,221,4555,Exfiltration,,BenignPositive,,,File,Impacted,98799,471,360606,160396,441377,673934,425863,453297,153085,529644,,1631,635,860,2251,3421,881,,520,33,3586,,,5,66,,,,242,1445,10630
1219770713815,0,117,965205,2024-06-08T21:04:10.000Z,0,0,InitialAccess,T1078;T1078.004,TruePositive,,,Ip,Related,98799,138268,44,160396,441377,673934,425863,453297,153085,529644,,1631,635,860,2251,3421,881,,289573,117668,3586,,,5,66,,,,1,0,0
1425929146622,403,43369,47926,2024-06-10T16:29:10.000Z,6,5,InitialAccess,T1566,BenignPositive,,,MailCluster,Related,98799,138268,360606,160396,441377,673934,425863,453297,153085,529644,,1631,635,860,2251,3421,881,,289573,117668,3586,,,5,66,,,,242,1445,10630
515396080347,4,2769,523,2024-05-27T17:53:03.000Z,8,7,InitialAccess,T1133,BenignPositive,,,Machine,Impacted,98799,138268,360606,160396,441377,673934,425863,453297,238,529644,,1631,635,860,2251,3421,881,,289573,117668,3586,,,5,66,,,,242,1445,10630
1176821041723,843,92946,1399406,2024-06-11T10:49:13.000Z,5,2980,SuspiciousActivity,,BenignPositive,,,Ip,Related,98799,138268,297426,160396,441377,673934,425863,453297,153085,529644,,1631,635,860,2251,3421,881,,289573,117668,3586,,Contextual,5,66,,,,242,1445,10630
274877906944,25,104,793167,2024-06-07T08:14:57.000Z,67,65757,Exfiltration,,BenignPositive,,,MailMessage,Impacted,98799,138268,360606,160396,441377,609945,425863,453297,153085,88995,,1631,635,860,2251,3421,881,,289573,117668,3586,,,5,66,,,,242,1445,10630
1297080125683,349,557,1101729,2024-06-13T05:46:16.000Z,31,436,Malware,,BenignPositive,,,File,Related,98799,105117,360606,160396,441377,673934,425863,453297,153085,529644,,1631,635,860,2251,3421,881,Phonzy,145538,99123,3586,,,5,66,,Suspicious,Malicious,242,1445,10630
489626275272,2,7720,5351,2024-06-06T14:37:23.000Z,18,14,Exfiltration,,BenignPositive,,,MailMessage,Impacted,98799,138268,360606,160396,441377,8,425863,453297,153085,36064,,1631,635,860,2251,3421,881,,289573,117668,3586,,,5,66,,,,242,1445,10630
498216206984,17,236,435495,2024-06-05T09:34:34.000Z,20,28357,Exfiltration,,FalsePositive,,,User,Impacted,98799,138268,360606,160396,34092,53441,31991,35684,153085,529644,,1631,635,860,2251,3421,881,,289573,117668,3586,,,5,66,,,,242,1445,10630
773094117234,14,558,10403,2024-05-24T03:55:38.000Z,143,117,Impact,,TruePositive,,,Ip,Related,98799,138268,35583,160396,441377,673934,425863,453297,153085,529644,,1631,635,860,2251,3421,881,,289573,117668,3586,,,5,66,,,,242,1445,10630
1589137902620,212,439,770,2024-06-06T09:35:22.000Z,28,19,InitialAccess,T1566,FalsePositive,,,MailMessage,Related,98799,138268,360606,160396,441377,60088,425863,453297,153085,178491,,1631,635,860,2251,3421,881,,289573,117668,3586,,,5,66,,,,242,1445,10630
1297080123895,151,538027,1519575,2024-06-13T17:51:37.000Z,25,17,InitialAccess,,BenignPositive,,,MailMessage,Related,98799,138268,360606,160396,441377,6420,425863,453297,153085,422270,,1631,635,860,2251,3421,881,,289573,117668,3586,,,5,66,,,,242,1445,10630
747324313490,68,20744,1909,2024-06-06T08:33:13.000Z,35,23,InitialAccess,T1566,BenignPositive,,,User,Impacted,98799,138268,360606,160396,2023,7286,2022,2083,153085,529644,,1631,635,860,2251,3421,881,,289573,117668,3586,,,5,66,,,,242,1445,10630
1314259995910,51,4459,135237,2024-06-06T05:06:46.000Z,39,26,Execution,T1559;T1106;T1059.005,BenignPositive,,,User,Related,98799,138268,360606,160396,21746,35535,21939,23842,153085,529644,,1631,635,860,2251,3421,881,,289573,117668,3586,,,5,66,,,,242,1445,10630
936302872585,158,67850,693252,2024-06-05T01:26:06.000Z,2,2,CommandAndControl,,FalsePositive,,,Machine,Impacted,6814,138268,360606,160396,441377,673934,425863,453297,11780,529644,,1631,635,860,2251,3421,881,,289573,117668,3586,,,0,0,,Suspicious,Suspicious,242,1445,10630
481036338609,88,420,35929,2024-06-13T04:25:43.000Z,58,43,Exfiltration,,FalsePositive,,,User,Impacted,98799,138268,360606,160396,36831,24485,38709,39724,153085,529644,,1631,635,860,2251,3421,881,,289573,117668,3586,,,5,66,,,,242,1445,10630
876173330322,131,75162,68275,2024-06-13T06:47:39.000Z,47,30,InitialAccess,T1566.002,BenignPositive,,,MailMessage,Related,98799,138268,360606,160396,441377,33629,425863,453297,153085,17355,,1631,635,860,2251,3421,881,,289573,117668,3586,,,5,66,Intraorg,,Malicious,242,1445,10630
962072679272,1074,20192,19397,2024-06-10T12:52:50.000Z,2700,324,CommandAndControl,T1071;T1571,TruePositive,,,Ip,Related,98799,138268,252448,160396,441377,673934,425863,453297,153085,529644,,1631,635,860,2251,3421,881,,289573,117668,3586,,,5,66,,,,242,1445,10630
1194000910114,0,163,1298549,2024-06-05T18:34:47.000Z,0,0,InitialAccess,T1078;T1078.004,TruePositive,,,CloudLogonRequest,Related,98799,138268,360606,160396,441377,673934,425863,453297,153085,529644,,1631,635,860,2251,3421,881,,289573,117668,3586,,,5,66,,,,242,1445,10630
1322849930224,63,159,1192285,2024-06-05T00:59:34.000Z,0,0,InitialAccess,T1078;T1078.004,TruePositive,,,CloudLogonRequest,Related,98799,138268,360606,160396,441377,673934,425863,453297,153085,529644,,1631,635,860,2251,3421,881,,289573,117668,3586,,,5,66,,,,242,1445,10630
962072674332,6,2212,1378,2024-05-21T21:19:46.000Z,17,725,Impact,,BenignPositive,,,Ip,Related,98799,138268,1117,160396,441377,673934,425863,453297,153085,529644,,1631,635,860,2251,3421,881,,289573,117668,3586,,,5,66,,,,242,1445,10630
429496731829,13,107703,146927,2024-06-11T00:00:29.000Z,86,31550,Exfiltration,,BenignPositive,,,File,Impacted,98799,126426,360606,160396,441377,673934,425863,453297,153085,529644,,1631,635,860,2251,3421,881,,148894,6422,3586,,,5,66,,,,242,1445,10630
532575945300,43,11671,3916,2024-05-24T07:07:35.000Z,52,10,Impact,,BenignPositive,,,Ip,Related,98799,138268,640,160396,441377,673934,425863,453297,153085,529644,,1631,635,860,2251,3421,881,,289573,117668,3586,,,5,66,,,,242,1445,10630
1073741827836,72,70,1197001,2024-06-08T06:37:13.000Z,0,0,InitialAccess,T1078;T1078.004,TruePositive,,,Ip,Related,98799,138268,234,160396,441377,673934,425863,453297,153085,529644,,1631,635,860,2251,3421,881,,289573,117668,3586,,,5,66,,,,1,0,0
893353198275,288,491419,1366052,2024-06-04T13:37:33.000Z,9,185,Execution,,BenignPositive,,,File,Related,98799,114689,360606,160396,441377,673934,425863,453297,153085,529644,,1631,635,860,2251,3421,881,,114513,117668,3586,,,5,66,,,,242,1445,10630
103079217489,5,278,413587,2024-06-05T02:25:39.000Z,4,3,InitialAccess,,TruePositive,,,Ip,Related,98799,138268,305,160396,441377,673934,425863,453297,153085,529644,,1631,635,860,2251,3421,881,,289573,117668,3586,,,5,66,,,,0,1,1
858993460943,0,177,523338,2024-06-05T01:30:15.000Z,0,0,InitialAccess,T1078;T1078.004,TruePositive,,,Ip,Related,98799,138268,11561,160396,441377,673934,425863,453297,153085,529644,,1631,635,860,2251,3421,881,,289573,117668,3586,,,5,66,,,,7,8,6
85899346544,17,27472,18898,2024-06-10T10:45:52.000Z,20,5862,Exfiltration,,FalsePositive,,,User,Impacted,98799,138268,360606,160396,895,1232,893,953,153085,529644,,1631,635,860,2251,3421,881,,289573,117668,3586,,,5,66,,,,242,1445,10630
841813590085,6,3389,3624,2024-06-13T06:58:09.000Z,246,230,InitialAccess,T1078,BenignPositive,,,User,Impacted,98799,138268,360606,160396,441377,673934,425863,73104,153085,529644,,1631,635,860,2251,3421,881,,289573,117668,3586,,,5,66,,,,242,1445,10630
1202590843284,356,20040,27333,2024-06-04T08:18:10.000Z,11,9,InitialAccess,T1566,BenignPositive,,,Mailbox,Impacted,98799,138268,360606,160396,281533,255513,277053,34300,153085,529644,,1631,635,860,2251,3421,881,,289573,117668,3586,,,5,66,,,,242,1445,10630
687194769353,253,106415,147900,2024-06-09T01:55:22.000Z,1,1,InitialAccess,T1566.002,TruePositive,,,MailMessage,Related,98799,138268,360606,160396,441377,22758,425863,453297,153085,124203,,1631,635,860,2251,3421,881,,289573,117668,3586,,,5,66,Inbound,,NoThreatsFound,242,1445,10630
472446404541,23,355,534459,2024-06-03T06:44:04.000Z,0,0,InitialAccess,T1078;T1078.004,TruePositive,,,User,Impacted,98799,138268,360606,160396,3437,4608,3438,3630,153085,529644,,1631,635,860,2251,3421,881,,289573,117668,3586,,,5,66,,,,242,1445,10630
1185410975627,134,15205,232574,2024-06-09T14:30:46.000Z,1,1,InitialAccess,T1566.002,BenignPositive,,,Url,Related,98799,138268,360606,2208,441377,673934,425863,453297,153085,529644,,1631,635,860,2251,3421,881,,289573,117668,3586,,,5,66,,,NoThreatsFound,242,1445,10630
712964573092,227,16231,12940,2024-06-10T05:01:06.000Z,1,1,InitialAccess,T1566.002,TruePositive,,,Url,Related,98799,138268,360606,1672,441377,673934,425863,453297,153085,529644,,1631,635,860,2251,3421,881,,289573,117668,3586,,,5,66,,,NoThreatsFound,242,1445,10630
1460288882818,90,157,1251192,2024-06-05T03:45:17.000Z,0,0,InitialAccess,T1078;T1078.004,TruePositive,,,Ip,Related,98799,138268,265,160396,441377,673934,425863,453297,153085,529644,,1631,635,860,2251,3421,881,,289573,117668,3586,,,5,66,,,,23,60,61
1460288882423,0,136,810796,2024-06-11T06:57:25.000Z,0,0,InitialAccess,T1078;T1078.004,TruePositive,,,CloudLogonRequest,Related,98799,138268,360606,160396,441377,673934,425863,453297,153085,529644,,1631,635,860,2251,3421,881,,289573,117668,3586,,,5,66,,,,242,1445,10630
764504179156,77,72123,226283,2024-06-16T03:31:09.000Z,1,1,InitialAccess,T1566.002,BenignPositive,,,MailCluster,Related,98799,138268,360606,160396,441377,673934,425863,453297,153085,529644,,1631,635,860,2251,3421,881,,289573,117668,3586,,,5,66,,,Malicious,242,1445,10630
936302874451,164,124258,1649696,2024-06-14T17:23:27.000Z,318,111,CredentialAccess,T1110,BenignPositive,,,User,Impacted,98799,138268,360606,160396,10201,15693,10385,10909,153085,529644,,1631,635,860,2251,3421,881,,289573,117668,3586,,,5,66,,,,242,1445,10630
1468878820367,654,16618,216547,2024-06-15T16:01:19.000Z,943,1187,CommandAndControl,,FalsePositive,,,Ip,Related,98799,138268,3200,160396,441377,673934,425863,453297,153085,529644,,1631,635,860,2251,3421,881,,289573,117668,3586,,,5,66,,,,242,1445,10630
1683627181809,0,187,328658,2024-06-07T17:37:18.000Z,7,6,InitialAccess,,TruePositive,,,CloudLogonRequest,Related,98799,138268,360606,160396,441377,673934,425863,453297,153085,529644,,1631,635,860,2251,3421,881,,289573,117668,3586,,,5,66,,,,242,1445,10630
1468878815829,43,295653,1721030,2024-06-10T11:43:10.000Z,172,111,CredentialAccess,T1110,BenignPositive,,,User,Impacted,98799,138268,360606,160396,381740,493879,414526,346084,153085,529644,,1631,635,860,2251,3421,881,,289573,117668,3586,,,5,66,,,,242,1445,10630
1657857380381,10,3400,792,2024-05-23T21:15:21.000Z,12,983,Impact,,TruePositive,,,Ip,Related,98799,138268,22032,160396,441377,673934,425863,453297,153085,529644,,1631,635,860,2251,3421,881,,289573,117668,3586,,,5,66,,,,242,1445,10630
1194000910114,0,163,172421,2024-06-05T14:56:36.000Z,0,0,InitialAccess,T1078;T1078.004,TruePositive,,,CloudLogonRequest,Related,98799,138268,360606,160396,441377,673934,425863,453297,153085,529644,,1631,635,860,2251,3421,881,,289573,117668,3586,,,5,66,,,,242,1445,10630
1142461305248,105,43437,120733,2024-06-07T15:01:30.000Z,6,5,InitialAccess,T1566,FalsePositive,,,Ip,Related,98799,138268,50157,160396,441377,673934,425863,453297,153085,529644,,1631,635,860,2251,3421,881,,289573,117668,3586,,,5,66,,,NoThreatsFound,242,1445,10630
687194772270,226,162,1294145,2024-06-12T10:11:42.000Z,14,12,CredentialAccess,T1110;T1110.003;T1110.001,TruePositive,,,User,Impacted,98799,138268,360606,160396,3922,5250,3873,4076,153085,529644,,1631,635,860,2251,3421,881,,289573,117668,3586,,,5,66,,,,242,1445,10630
206158431788,21,465,88508,2024-06-06T23:00:18.000Z,3,4,SuspiciousActivity,,BenignPositive,,,Process,Related,98799,2,360606,160396,441377,673934,425863,453297,153085,529644,,1631,635,860,2251,3421,881,,1,1,3586,,,5,66,,Suspicious,Suspicious,242,1445,10630
635655161844,31,17,57817,2024-06-05T02:41:02.000Z,93,916,Exfiltration,,BenignPositive,,,Machine,Impacted,98799,138268,360606,160396,441377,673934,425863,453297,436,529644,,1631,635,860,2251,3421,881,,289573,117668,3586,,,5,66,,,,242,1445,10630
730144443636,289,211548,278356,2024-06-10T08:29:07.000Z,2,2,CommandAndControl,,BenignPositive,,,Url,Related,98799,138268,360606,93209,441377,673934,425863,453297,153085,529644,,1631,635,860,2251,3421,881,,289573,117668,3586,,,5,66,,Suspicious,Suspicious,242,1445,10630
1236950585523,115,55500,259462,2024-06-04T20:38:40.000Z,3,4,SuspiciousActivity,,TruePositive,,,Machine,Impacted,168,138268,360606,160396,441377,673934,425863,453297,958,529644,,1631,635,860,2251,3421,881,,289573,117668,3586,,,5,66,,Suspicious,Suspicious,242,1445,10630
1262720388133,254,6673,8848,2024-06-04T07:11:20.000Z,210,201,Exfiltration,,BenignPositive,,,User,Impacted,98799,138268,360606,160396,26,39,24,29,153085,529644,,1631,635,860,2251,3421,881,,289573,117668,3586,,,5,66,,,,242,1445,10630
1563368100613,1135,55783,1321392,2024-06-09T11:54:36.000Z,100,77,InitialAccess,,FalsePositive,,,User,Impacted,98799,138268,360606,160396,363608,464995,346817,328819,153085,529644,,1631,635,860,2251,3421,881,,289573,117668,3586,,,5,66,,,,242,1445,10630
850403524706,501,23816,16751,2024-06-14T23:17:37.000Z,35,23,InitialAccess,T1566,BenignPositive,,,User,Impacted,98799,138268,360606,160396,168365,146257,155832,132014,153085,529644,,1631,635,860,2251,3421,881,,289573,117668,3586,,,5,66,,,,242,1445,10630
163208759782,326,23890,31934,2024-06-07T09:05:09.000Z,13,11,InitialAccess,T1566,TruePositive,,,Mailbox,Impacted,98799,138268,360606,160396,53644,90964,53048,57993,153085,529644,,1631,635,860,2251,3421,881,,289573,117668,3586,,,5,66,,,Malicious,242,1445,10630
352187322724,285,283784,1656031,2024-06-09T21:28:48.000Z,3779,3037,CredentialAccess,T1078;T1110,BenignPositive,,,Ip,Related,98799,138268,9549,160396,441377,673934,425863,453297,153085,529644,,1631,635,860,2251,3421,881,,289573,117668,3586,,,5,66,,,,242,1445,10630
1546188227329,107,130777,158351,2024-06-12T01:03:13.000Z,1,1,InitialAccess,T1566.002,TruePositive,,,MailCluster,Related,98799,138268,360606,160396,441377,673934,425863,453297,153085,529644,,1631,635,860,2251,3421,881,,289573,117668,3586,,,5,66,,,Malicious,242,1445,10630
386547057593,18,214272,433576,2024-06-06T19:35:53.000Z,136,34571,Exfiltration,,FalsePositive,,,Ip,Related,98799,138268,5735,160396,441377,673934,425863,453297,153085,529644,,1631,635,860,2251,3421,881,,289573,117668,3586,,,5,66,,,,242,1445,10630
1546188230090,35,165,1034079,2024-06-04T13:37:50.000Z,0,0,InitialAccess,T1078;T1078.004,TruePositive,,,CloudLogonSession,Related,98799,138268,360606,160396,441377,673934,425863,453297,153085,529644,,1631,635,860,2251,3421,881,,289573,117668,3586,,,5,66,,,,242,1445,10630
953482741535,185,3122,690,2024-05-25T18:14:14.000Z,128,902,CommandAndControl,T1568;T1573;T1008,FalsePositive,,,Url,Related,98799,138268,360606,33733,441377,673934,425863,453297,153085,529644,,1631,635,860,2251,3421,881,,289573,117668,3586,,,5,66,,,,242,1445,10630
798863920914,12,2884,1854,2024-05-23T22:25:56.000Z,16,186,Impact,,BenignPositive,,,Ip,Related,98799,138268,9814,160396,441377,673934,425863,453297,153085,529644,,1631,635,860,2251,3421,881,,289573,117668,3586,,,5,66,,,,242,1445,10630
438086669115,4,2647,358,2024-05-30T02:42:28.000Z,8,7,InitialAccess,T1133,FalsePositive,,,Machine,Impacted,98799,138268,360606,160396,441377,673934,425863,453297,816,529644,,1631,635,860,2251,3421,881,,289573,117668,3586,,,5,66,,,,242,1445,10630
1142461300738,25,106,36153,2024-06-12T10:27:36.000Z,30,15097,Exfiltration,,BenignPositive,,,User,Impacted,98799,138268,360606,160396,6835,3592,6826,7266,153085,529644,,1631,635,860,2251,3421,881,,289573,117668,3586,,,5,66,,,,242,1445,10630
171798693639,0,169,507896,2024-06-04T13:19:02.000Z,0,0,InitialAccess,T1078;T1078.004,TruePositive,,,CloudLogonRequest,Related,98799,138268,360606,160396,441377,673934,425863,453297,153085,529644,,1631,635,860,2251,3421,881,,289573,117668,3586,,,5,66,,,,242,1445,10630
1563368097721,658,6101,195340,2024-06-06T07:31:38.000Z,3,4,SuspiciousActivity,,TruePositive,,,Machine,Impacted,13206,138268,360606,160396,441377,673934,425863,453297,20163,529644,,1631,635,860,2251,3421,881,,289573,117668,3586,,,5,66,,Suspicious,Suspicious,242,1445,10630
1460288881954,161,8252,6388,2024-06-03T12:58:36.000Z,11,9,InitialAccess,T1566,BenignPositive,,,MailMessage,Related,98799,138268,360606,160396,441377,282379,425863,453297,153085,421976,,1631,635,860,2251,3421,881,,289573,117668,3586,,,5,66,,,,242,1445,10630
670014900222,49,94745,696963,2024-06-06T00:03:15.000Z,2,2,CommandAndControl,,TruePositive,,,Machine,Impacted,63360,138268,360606,160396,441377,673934,425863,453297,73446,529644,,1631,635,860,2251,3421,881,,289573,117668,3586,,,0,0,,Suspicious,Suspicious,242,1445,10630
481036339197,49,65934,739841,2024-06-17T04:32:36.000Z,2,2,CommandAndControl,,TruePositive,,,Machine,Impacted,1374,138268,360606,160396,441377,673934,425863,453297,3100,529644,,1631,635,860,2251,3421,881,,289573,117668,3586,,,0,0,,Suspicious,Suspicious,242,1445,10630
171798691841,25,103,70837,2024-06-04T12:31:02.000Z,30,22011,Exfiltration,,BenignPositive,,,MailMessage,Impacted,98799,138268,360606,160396,441377,5234,425863,453297,153085,354544,,1631,635,860,2251,3421,881,,289573,117668,3586,,,5,66,,,,242,1445,10630
343597386080,236,2228,1105971,2024-06-14T08:21:48.000Z,950,1619,InitialAccess,,BenignPositive,,,Ip,Related,98799,138268,4518,160396,441377,673934,425863,453297,153085,529644,,1631,635,860,2251,3421,881,,289573,117668,3586,,,5,66,,,,0,9,18
644245096174,0,81,494943,2024-06-05T11:53:49.000Z,0,0,InitialAccess,T1078;T1078.004,TruePositive,,,User,Impacted,98799,138268,360606,160396,554,738,548,593,153085,529644,,1631,635,860,2251,3421,881,,289573,117668,3586,,,5,66,,,,242,1445,10630
103079215880,279,7162,5148,2024-06-09T05:36:37.000Z,27,18,Discovery,T1087;T1087.002,FalsePositive,,,Machine,Related,98799,138268,360606,160396,441377,673934,425863,453297,113989,529644,,1631,635,860,2251,3421,881,,289573,117668,3586,,Destination,5,66,,,,242,1445,10630
498216207876,88,577,1114371,2024-06-11T21:39:07.000Z,58,43,Exfiltration,,FalsePositive,,,User,Impacted,98799,138268,360606,160396,15372,21323,16035,16821,153085,529644,,1631,635,860,2251,3421,881,,289573,117668,3586,,,5,66,,,,242,1445,10630
309237649430,10,208,222,2024-05-20T10:26:22.000Z,12,52,Impact,,TruePositive,,,Ip,Related,98799,138268,3304,160396,441377,673934,425863,453297,153085,529644,,1631,635,860,2251,3421,881,,289573,117668,3586,,,5,66,,,,242,1445,10630
111669152214,5,31,893147,2024-06-09T23:35:00.000Z,4,3,InitialAccess,,TruePositive,,,Ip,Related,98799,138268,4578,160396,441377,673934,425863,453297,153085,529644,,1631,635,860,2251,3421,881,,289573,117668,3586,,,5,66,,,,3,1445,10630
944892808565,35,276,75241,2024-06-06T19:51:18.000Z,4,3,InitialAccess,,TruePositive,,,User,Impacted,98799,138268,360606,160396,4530,6316,4529,4858,153085,529644,,1631,635,860,2251,3421,881,,289573,117668,3586,,,5,66,,,,242,1445,10630
523986011928,0,99,996035,2024-06-12T01:18:16.000Z,4,3,InitialAccess,,TruePositive,,,CloudLogonRequest,Related,98799,138268,360606,160396,441377,673934,425863,453297,153085,529644,,1631,635,860,2251,3421,881,,289573,117668,3586,,,5,66,,,,242,1445,10630
1065151891536,119,9887,3175,2024-06-14T05:34:15.000Z,28,19,InitialAccess,T1566,FalsePositive,,,MailMessage,Related,98799,138268,360606,160396,441377,108,425863,453297,153085,8137,,1631,635,860,2251,3421,881,,289573,117668,3586,,,5,66,,,,242,1445,10630
764504179638,18,574722,1081400,2024-06-15T09:50:27.000Z,9,47,Execution,,FalsePositive,,,File,Related,98799,13107,360606,160396,441377,673934,425863,453297,153085,529644,,1631,635,860,2251,3421,881,,18956,117668,3586,,,5,66,,,,242,1445,10630
128849019531,22,155,412096,2024-06-09T03:22:26.000Z,4,3,InitialAccess,,TruePositive,,,Ip,Related,98799,138268,1744,160396,441377,673934,425863,453297,153085,529644,,1631,635,860,2251,3421,881,,289573,117668,3586,,,5,66,,,,10,1445,10630
1374389535542,548,165356,812656,2024-06-13T10:03:08.000Z,0,0,InitialAccess,T1078;T1078.004,FalsePositive,,,Ip,Related,98799,138268,354138,160396,441377,673934,425863,453297,153085,529644,,1631,635,860,2251,3421,881,,289573,117668,3586,,,5,66,,,,0,30,576
807453854149,277,1626,18409,2024-05-21T17:10:04.000Z,1843,103,CommandAndControl,T1189;T1071;T1203,BenignPositive,,,User,Impacted,98799,138268,360606,160396,206694,352174,233220,112610,153085,529644,,1631,635,860,2251,3421,881,,289573,117668,3586,,,5,66,,,,242,1445,10630
25769803842,67,21187,299459,2024-06-08T23:01:20.000Z,1,1,InitialAccess,T1566.002,BenignPositive,,,Url,Related,98799,138268,360606,171,441377,673934,425863,453297,153085,529644,,1631,635,860,2251,3421,881,,289573,117668,3586,,,5,66,,,Malicious,242,1445,10630
1374389535421,22,146,333117,2024-06-08T04:47:49.000Z,0,0,InitialAccess,T1078;T1078.004,TruePositive,,,Ip,Related,98799,138268,167,160396,441377,673934,425863,453297,153085,529644,,1631,635,860,2251,3421,881,,289573,117668,3586,,,5,66,,,,3,39,45
171798695974,20,2908,617,2024-06-04T15:13:24.000Z,49,35,CommandAndControl,T1046;T1030;T1071;T1071.001,BenignPositive,,,Ip,Related,98799,138268,23292,160396,441377,673934,425863,453297,153085,529644,,1631,635,860,2251,3421,881,,289573,117668,3586,,,5,66,,,,242,1445,10630
154618823709,125,3108,8090,2024-06-12T08:27:40.000Z,322,4413,Exfiltration,,BenignPositive,,,File,Impacted,98799,138268,360606,160396,441377,673934,425863,453297,153085,529644,,1631,635,860,2251,3421,881,,10889,809,3586,,,5,66,,,,242,1445,10630
1623497637945,6,323892,781814,2024-06-13T09:26:59.000Z,2,2,CommandAndControl,,BenignPositive,,,Url,Related,98799,138268,360606,18,441377,673934,425863,453297,153085,529644,,1631,635,860,2251,3421,881,,289573,117668,3586,,,5,66,,Suspicious,Suspicious,242,1445,10630
1133871370861,9,53,1118431,2024-06-10T07:39:56.000Z,171,75572,Exfiltration,,BenignPositive,,,Ip,Related,98799,138268,428,160396,441377,673934,425863,453297,153085,529644,,1631,635,860,2251,3421,881,,289573,117668,3586,,,5,66,,,,242,1445,10630
1065151891019,1,279,329772,2024-06-04T02:25:03.000Z,0,0,InitialAccess,T1078;T1078.004,TruePositive,,,CloudLogonRequest,Related,98799,138268,360606,160396,441377,673934,425863,453297,153085,529644,,1631,635,860,2251,3421,881,,289573,117668,3586,,,5,66,,,,242,1445,10630
1245540516011,11,402476,877260,2024-06-04T12:41:55.000Z,0,0,InitialAccess,T1078;T1078.004,FalsePositive,,,User,Impacted,98799,138268,360606,160396,358163,532161,375861,368884,153085,529644,,1631,635,860,2251,3421,881,,289573,117668,3586,,,5,66,,,,242,1445,10630
274877906944,25,104,57149,2024-06-07T15:02:57.000Z,30,20168,Exfiltration,,BenignPositive,,,MailMessage,Impacted,98799,138268,360606,160396,441377,6341,425863,453297,153085,13656,,1631,635,860,2251,3421,881,,289573,117668,3586,,,5,66,,,,242,1445,10630
1090921697740,1650,10457,666231,2024-06-12T05:06:04.000Z,35,23,InitialAccess,T1566,TruePositive,,,MailMessage,Related,98799,138268,360606,160396,441377,174190,425863,453297,153085,506542,,1631,635,860,2251,3421,881,,289573,117668,3586,,,5,66,,,,242,1445,10630
1443109013265,0,303,69747,2024-06-04T06:23:17.000Z,0,0,InitialAccess,T1078;T1078.004,TruePositive,,,Ip,Related,98799,138268,65,160396,441377,673934,425863,453297,153085,529644,,1631,635,860,2251,3421,881,,289573,117668,3586,,,5,66,,,,0,30,35
523986015118,2107,79859,1422160,2024-06-16T23:49:03.000Z,5,80,SuspiciousActivity,,TruePositive,,,User,Impacted,98799,138268,360606,160396,153291,219092,156108,142521,153085,529644,,1631,635,860,2251,3421,881,,289573,117668,3586,,,5,66,,,,242,1445,10630
910533069050,52,25755,98437,2024-06-13T03:06:45.000Z,386,363,Impact,T1485;T1565;T1491,BenignPositive,,,Machine,Impacted,98799,138268,360606,160396,441377,673934,425863,453297,646,529644,,1631,635,860,2251,3421,881,,289573,117668,3586,,,5,66,,,,242,1445,10630
1554778164621,2,8013,5809,2024-06-04T22:24:54.000Z,15,13,Exfiltration,,BenignPositive,,,User,Impacted,98799,138268,360606,160396,5020,6458,5004,5336,153085,529644,,1631,635,860,2251,3421,881,,289573,117668,3586,,,5,66,,,,242,1445,10630
1125281433373,0,80,322589,2024-06-05T21:31:37.000Z,7,6,InitialAccess,,TruePositive,,,CloudLogonRequest,Related,98799,138268,360606,160396,441377,673934,425863,453297,153085,529644,,1631,635,860,2251,3421,881,,289573,117668,3586,,,5,66,,,,242,1445,10630
120259084526,11,427567,857113,2024-06-13T09:18:22.000Z,0,0,InitialAccess,T1078;T1078.004,FalsePositive,,,CloudLogonRequest,Related,98799,138268,360606,160396,441377,673934,425863,453297,153085,529644,,1631,635,860,2251,3421,881,,289573,117668,3586,,,5,66,,,,242,1445,10630
944892809349,115,201268,715202,2024-06-03T18:33:47.000Z,3,4,SuspiciousActivity,,BenignPositive,,,Ip,Related,98799,138268,1694,160396,441377,673934,425863,453297,153085,529644,,1631,635,860,2251,3421,881,,289573,117668,3586,,,5,66,,Suspicious,Suspicious,242,1445,10630
1511828488239,6,379107,426311,2024-06-10T08:08:30.000Z,2,2,CommandAndControl,,BenignPositive,,,Url,Related,98799,138268,360606,97,441377,673934,425863,453297,153085,529644,,1631,635,860,2251,3421,881,,289573,117668,3586,,,5,66,,Suspicious,Suspicious,242,1445,10630
1468878819665,36,8250,733103,2024-06-14T22:13:21.000Z,36,139,InitialAccess,,TruePositive,,,User,Impacted,98799,138268,360606,160396,131438,206378,145900,126461,153085,529644,,1631,635,860,2251,3421,881,,289573,117668,3586,,,5,66,,Suspicious,Suspicious,242,1445,10630
901943132893,120,30326,214108,2024-06-12T18:01:34.000Z,333,4475,Exfiltration,,BenignPositive,,,File,Impacted,98799,138268,360606,160396,441377,673934,425863,453297,153085,529644,,1631,635,860,2251,3421,881,,9231,0,3586,,,5,66,,,,242,1445,10630
523986011928,0,99,839259,2024-06-12T13:03:11.000Z,4,3,InitialAccess,,TruePositive,,,CloudLogonRequest,Related,98799,138268,360606,160396,441377,673934,425863,453297,153085,529644,,1631,635,860,2251,3421,881,,289573,117668,3586,,,5,66,,,,242,1445,10630
704374638569,158,70710,557972,2024-06-05T04:50:02.000Z,5,80,SuspiciousActivity,,FalsePositive,,,User,Impacted,98799,138268,360606,160396,441377,184439,425863,113263,153085,529644,,1631,635,860,2251,3421,881,,289573,117668,3586,,,5,66,,,,242,1445,10630
1305670059578,145,72411,12023,2024-06-09T14:38:03.000Z,1,1,InitialAccess,T1566.002,TruePositive,,,Mailbox,Impacted,98799,138268,360606,160396,9269,7224,9232,9981,153085,529644,,1631,635,860,2251,3421,881,,289573,117668,3586,,,5,66,,,Malicious,242,1445,10630
85899348016,13,7147,8610,2024-06-07T17:15:16.000Z,34,927,Exfiltration,,BenignPositive,,,File,Impacted,98799,16509,360606,160396,441377,673934,425863,453297,153085,529644,,1631,635,860,2251,3421,881,,19262,26,3586,,,5,66,,,,242,1445,10630
661424967912,36,525374,1513029,2024-06-04T13:32:30.000Z,25,17,InitialAccess,,BenignPositive,,,MailMessage,Related,98799,138268,360606,160396,441377,5636,425863,453297,153085,450775,,1631,635,860,2251,3421,881,,289573,117668,3586,,,5,66,,,,242,1445,10630
283467841895,142,338361,434568,2024-06-07T15:00:15.000Z,112,8239,Exfiltration,,FalsePositive,,,MailMessage,Impacted,98799,138268,360606,160396,441377,35706,425863,453297,153085,58869,,1631,635,860,2251,3421,881,,289573,117668,3586,,,5,66,,,,242,1445,10630
1503238555908,102,302,144587,2024-06-14T04:53:40.000Z,108,32577,Exfiltration,,BenignPositive,,,File,Impacted,98799,125730,360606,160396,441377,673934,425863,453297,153085,529644,,1631,635,860,2251,3421,881,,157967,5981,3586,,,5,66,,,,242,1445,10630
1185410978531,443,1211,46032,2024-06-08T22:55:24.000Z,1,1,InitialAccess,T1566.002,TruePositive,,,MailCluster,Related,98799,138268,360606,160396,441377,673934,425863,453297,153085,529644,2119917504.0,1631,635,860,2251,3421,881,,289573,117668,3586,,,5,66,,,Suspicious,242,1445,10630
1408749276344,121,441689,565463,2024-06-07T04:46:49.000Z,5,1615,SuspiciousActivity,,TruePositive,,,CloudApplication,Impacted,98799,138268,360606,160396,441377,673934,425863,453297,153085,529644,,1631,635,860,0,0,881,,289573,117668,3586,,,5,66,,,,242,1445,10630
798863919100,39,11154,344263,2024-06-10T14:59:27.000Z,9,59,Execution,,TruePositive,,,File,Related,98799,138268,360606,160396,441377,673934,425863,453297,153085,529644,,1631,635,860,2251,3421,881,,60718,117668,3586,,,5,66,,,,242,1445,10630
1657857376742,77,33043,117540,2024-06-09T03:38:32.000Z,1,1,InitialAccess,T1566.002,BenignPositive,,,Mailbox,Impacted,98799,138268,360606,160396,149288,120403,156249,123905,153085,529644,,1631,635,860,2251,3421,881,,289573,117668,3586,,,5,66,,,,242,1445,10630
704374638309,0,94,309521,2024-06-08T07:52:25.000Z,0,0,InitialAccess,T1078;T1078.004,TruePositive,,,CloudLogonRequest,Related,98799,138268,360606,160396,441377,673934,425863,453297,153085,529644,,1631,635,860,2251,3421,881,,289573,117668,3586,,,5,66,,,,242,1445,10630
730144440718,64,5675,5127,2024-06-10T16:35:17.000Z,159,65,Exfiltration,T1041,BenignPositive,,,File,Related,98799,138268,360606,160396,441377,673934,425863,453297,153085,529644,,1631,635,860,2251,3421,881,,45983,96404,3586,,,5,66,,,,242,1445,10630
352187322506,169,234,863788,2024-06-09T07:12:18.000Z,4,3,InitialAccess,,TruePositive,,,User,Impacted,98799,138268,360606,160396,40638,68562,40872,43041,153085,529644,,1631,635,860,2251,3421,881,,289573,117668,3586,,,5,66,,,,242,1445,10630
1142461304534,12,247,465579,2024-06-09T01:23:33.000Z,74,55,CommandAndControl,T1071;T1048,BenignPositive,,,Ip,Related,98799,138268,19,160396,441377,673934,425863,453297,153085,529644,,1631,635,860,2251,3421,881,,289573,117668,3586,,,5,66,,,,242,1445,10630
1022202220888,769,105584,1553183,2024-06-04T20:41:48.000Z,5,80,SuspiciousActivity,,FalsePositive,,,CloudApplication,Impacted,98799,138268,360606,160396,441377,673934,425863,453297,153085,529644,,1631,635,860,2,2,881,,289573,117668,3586,,,5,66,,,,242,1445,10630
1382979469846,316,20418,35115,2024-06-12T12:37:31.000Z,10,8,InitialAccess,T1566.001,BenignPositive,,,File,Related,98799,11398,360606,160396,441377,673934,425863,453297,153085,529644,,1631,635,860,2251,3421,881,,224,117668,3586,,,5,66,,,,242,1445,10630
1486058686048,189,77677,82814,2024-06-05T17:30:47.000Z,400,96,DefenseEvasion,T1562,FalsePositive,,,Machine,Impacted,79,138268,360606,160396,441377,673934,425863,453297,549,529644,,1631,635,860,2251,3421,881,,289573,117668,3586,,,5,66,,,,242,1445,10630
1580547965457,316,5591,24746,2024-06-12T19:23:53.000Z,10,8,InitialAccess,T1566.001,BenignPositive,,,Mailbox,Impacted,98799,138268,360606,160396,33839,33259,32269,35838,153085,529644,,1631,635,860,2251,3421,881,,289573,117668,3586,,,5,66,,,Malicious,242,1445,10630
1460288884655,2834,15905,1025359,2024-06-04T01:12:36.000Z,19,15,InitialAccess,,FalsePositive,,,Ip,Related,98799,138268,12357,160396,441377,673934,425863,453297,153085,529644,,1631,635,860,2251,3421,881,,289573,117668,3586,,,5,66,,,,57,107,295
635655165012,198,11448,4632,2024-06-14T04:16:54.000Z,119,99,SuspiciousActivity,,BenignPositive,,,User,Impacted,98799,138268,360606,160396,441377,673934,425863,4261,153085,529644,,1631,635,860,2251,3421,881,,289573,117668,3586,,,5,66,,,,242,1445,10630
1228360650744,57,222821,475720,2024-06-10T18:04:19.000Z,46,2765,Exfiltration,,BenignPositive,,,Machine,Impacted,98799,138268,360606,160396,441377,673934,425863,453297,2282,529644,,1631,635,860,2251,3421,881,,289573,117668,3586,,,5,66,,,,242,1445,10630
996432414302,7,329,984,2024-05-25T21:21:10.000Z,21,412,Impact,,FalsePositive,,,Ip,Related,98799,138268,8824,160396,441377,673934,425863,453297,153085,529644,,1631,635,860,2251,3421,881,,289573,117668,3586,,,5,66,,,,242,1445,10630
1228360651217,285,128949,662153,2024-06-07T19:52:26.000Z,241,224,InitialAccess,,BenignPositive,,,User,Impacted,98799,138268,360606,160396,403,277,396,432,153085,529644,,1631,635,860,2251,3421,881,,289573,117668,3586,,,5,66,,,,242,1445,10630
103079219702,443,1497,45685,2024-06-09T04:40:17.000Z,1,1,InitialAccess,T1566.002,TruePositive,,,Url,Related,98799,138268,360606,754,441377,673934,425863,453297,153085,529644,,1631,635,860,2251,3421,881,,289573,117668,3586,,,5,66,,,Malicious,242,1445,10630
1297080127492,57,69346,110961,2024-06-13T15:24:20.000Z,46,29342,Exfiltration,,BenignPositive,,,Machine,Impacted,98799,138268,360606,160396,441377,673934,425863,453297,791,529644,,1631,635,860,2251,3421,881,,289573,117668,3586,,,5,66,,,,242,1445,10630
412316865381,133,74976,733658,2024-06-15T13:57:33.000Z,3,4,SuspiciousActivity,,BenignPositive,,,Ip,Related,98799,138268,360606,160396,441377,673934,425863,453297,153085,529644,,1631,635,860,2251,3421,881,,289573,117668,3586,,,5,66,,Suspicious,Suspicious,242,1445,10630
163208761933,278,5911,4452,2024-06-11T02:00:40.000Z,1,1,InitialAccess,T1566.002,BenignPositive,,,MailCluster,Related,98799,138268,360606,160396,441377,673934,425863,453297,153085,529644,,1631,635,860,2251,3421,881,,289573,117668,3586,,,5,66,,,Suspicious,242,1445,10630
1047972020289,6,2522,1666,2024-06-02T02:17:17.000Z,17,396,Impact,,BenignPositive,,,Ip,Related,98799,138268,4039,160396,441377,673934,425863,453297,153085,529644,,1631,635,860,2251,3421,881,,289573,117668,3586,,,5,66,,,,242,1445,10630
1030792151620,58,8139,2580,2024-06-10T21:52:31.000Z,11,9,InitialAccess,T1566,BenignPositive,,,User,Impacted,98799,138268,360606,160396,16777,16865,16680,18432,153085,529644,,1631,635,860,2251,3421,881,,289573,117668,3586,,,5,66,,,,242,1445,10630
68719478487,0,79,1239802,2024-06-05T12:55:25.000Z,0,0,InitialAccess,T1078;T1078.004,TruePositive,,,Ip,Related,98799,138268,46,160396,441377,673934,425863,453297,153085,529644,,1631,635,860,2251,3421,881,,289573,117668,3586,,,5,66,,,,1,0,0
25769806995,33,7910,6334,2024-06-10T19:41:10.000Z,38,25,Impact,,BenignPositive,,,Machine,Impacted,98799,138268,360606,160396,441377,673934,425863,453297,6995,529644,,1631,635,860,2251,3421,881,,289573,117668,3586,,,5,66,,,,242,1445,10630
936302871269,127,221,963430,2024-06-07T04:45:12.000Z,4,3,InitialAccess,,TruePositive,,,Ip,Related,98799,138268,49078,160396,441377,673934,425863,453297,153085,529644,,1631,635,860,2251,3421,881,,289573,117668,3586,,,5,66,,,,6,1445,10630
910533071644,133,21731,275313,2024-06-07T09:10:02.000Z,2,2,CommandAndControl,,BenignPositive,,,Url,Related,98799,138268,360606,0,441377,673934,425863,453297,153085,529644,,1631,635,860,2251,3421,881,,289573,117668,3586,,,5,66,,Suspicious,Suspicious,242,1445,10630
781684050868,73,32731,20762,2024-06-04T12:18:03.000Z,80,4969,Exfiltration,,FalsePositive,,,MailMessage,Impacted,98799,138268,360606,160396,441377,57101,425863,453297,153085,1271,,1631,635,860,2251,3421,881,,289573,117668,3586,,,5,66,,,,242,1445,10630
1245540518918,94,48395,769696,2024-06-13T16:06:12.000Z,2,2,CommandAndControl,,BenignPositive,,,Process,Related,98799,1,360606,160396,441377,673934,425863,453297,153085,529644,,1631,635,860,2251,3421,881,,1,1,3586,,,5,66,,Suspicious,Suspicious,242,1445,10630
549755816383,5,286,103694,2024-06-05T07:37:35.000Z,0,0,InitialAccess,T1078;T1078.004,TruePositive,,,Ip,Related,98799,138268,17964,160396,441377,673934,425863,453297,153085,529644,,1631,635,860,2251,3421,881,,289573,117668,3586,,,5,66,,,,9,14,11
171798693847,39,753,127258,2024-06-12T16:36:04.000Z,9,59,Execution,,TruePositive,,,File,Related,98799,138268,360606,160396,441377,673934,425863,453297,153085,529644,,1631,635,860,2251,3421,881,,28960,117668,3586,,,5,66,,,,242,1445,10630
1408749274774,496,41682,366100,2024-06-05T11:15:03.000Z,10,8,InitialAccess,T1566.001,TruePositive,,,MailMessage,Related,98799,138268,360606,160396,441377,94806,425863,453297,153085,149413,,1631,635,860,2251,3421,881,,289573,117668,3586,,,5,66,,,,242,1445,10630
1288490192866,108,125669,368161,2024-06-05T14:53:39.000Z,10,8,InitialAccess,T1566.001,BenignPositive,,,MailMessage,Related,98799,138268,360606,160396,441377,165916,425863,453297,153085,138040,,1631,635,860,2251,3421,881,,289573,117668,3586,,,5,66,Inbound,,Malicious,242,1445,10630
1357209667571,19,4821,2036,2024-05-31T13:28:31.000Z,23,16,CommandAndControl,,TruePositive,,,Ip,Related,98799,138268,563,160396,441377,673934,425863,453297,153085,529644,,1631,635,860,2251,3421,881,,289573,117668,3586,,,5,66,,,,242,1445,10630
352187322268,20,2878,615,2024-05-28T17:41:47.000Z,49,35,CommandAndControl,T1046;T1030;T1071;T1071.001,FalsePositive,,,Ip,Related,98799,138268,56294,160396,441377,673934,425863,453297,153085,529644,,1631,635,860,2251,3421,881,,289573,117668,3586,,,5,66,,,,242,1445,10630
1503238555656,19,708,2139,2024-05-27T22:45:07.000Z,23,16,CommandAndControl,,BenignPositive,,,Url,Related,98799,138268,360606,125,441377,673934,425863,453297,153085,529644,,1631,635,860,2251,3421,881,,289573,117668,3586,,,5,66,,,,242,1445,10630
455266534868,88,326,77486,2024-06-14T01:16:01.000Z,58,43,Exfiltration,,FalsePositive,,,User,Impacted,98799,138268,360606,160396,28290,23835,29760,31129,153085,529644,,1631,635,860,2251,3421,881,,289573,117668,3586,,,5,66,,,,242,1445,10630
154618823709,125,3108,12154,2024-06-12T04:38:00.000Z,322,6292,Exfiltration,,BenignPositive,,,File,Impacted,98799,138268,360606,160396,441377,673934,425863,453297,153085,529644,,1631,635,860,2251,3421,881,,13890,20307,3586,,,5,66,,,,242,1445,10630
1314259993613,18,234802,1081280,2024-06-15T05:52:21.000Z,9,32,Execution,,FalsePositive,,,File,Related,98799,13800,360606,160396,441377,673934,425863,453297,153085,529644,,1631,635,860,2251,3421,881,,18919,117668,3586,,,5,66,,,,242,1445,10630
1683627181242,523,16686,422263,2024-06-11T08:10:47.000Z,36,378,SuspiciousActivity,,BenignPositive,,,Machine,Impacted,10695,138268,360606,160396,441377,673934,425863,453297,17923,529644,,1631,635,860,2251,3421,881,,289573,117668,3586,,,5,66,,Suspicious,Suspicious,242,1445,10630
790273985121,40,32444,20832,2024-06-10T01:59:36.000Z,1,1,InitialAccess,T1566.002,BenignPositive,,,MailMessage,Related,98799,138268,360606,160396,441377,295130,425863,453297,153085,459090,,1631,635,860,2251,3421,881,,289573,117668,3586,,,5,66,,,,242,1445,10630
1168231105284,504,531056,1542496,2024-06-03T18:29:56.000Z,3181,12807,InitialAccess,T1078,TruePositive,,,Ip,Related,98799,138268,172,160396,441377,673934,425863,453297,153085,529644,,1631,635,860,2251,3421,881,,289573,117668,3586,,,5,66,,,,242,1445,10630
1451698946595,3698,109275,1553712,2024-06-05T11:11:37.000Z,5,80,SuspiciousActivity,,,ContainAccount,update stsrefreshtokenvalidfrom timestamp.,User,Impacted,98799,138268,360606,160396,59527,106925,60854,67100,153085,529644,,1631,635,860,2251,3421,881,,289573,117668,3586,,,5,66,,,,242,1445,10630
489626272314,267,183368,232786,2024-06-14T05:10:31.000Z,6,5,InitialAccess,T1566,FalsePositive,,,Mailbox,Impacted,98799,138268,360606,160396,106331,85376,86340,104432,153085,529644,,1631,635,860,2251,3421,881,,289573,117668,3586,,,5,66,,,NoThreatsFound,242,1445,10630
1090921695319,355,205241,1040403,2024-06-11T22:43:13.000Z,0,0,InitialAccess,T1078;T1078.004,FalsePositive,,,Ip,Related,98799,138268,160774,160396,441377,673934,425863,453297,153085,529644,,1631,635,860,2251,3421,881,,289573,117668,3586,,,5,66,,,,0,68,18
1159641171324,159,4210,206560,2024-06-07T04:15:23.000Z,2,2,CommandAndControl,,FalsePositive,,,Url,Related,98799,138268,360606,72199,441377,673934,425863,453297,153085,529644,,1631,635,860,2251,3421,881,,289573,117668,3586,,,5,66,,Suspicious,Suspicious,242,1445,10630
1314259995397,8,247465,277718,2024-06-06T14:28:50.000Z,2,2,CommandAndControl,,TruePositive,,,Url,Related,98799,138268,360606,671,441377,673934,425863,453297,153085,529644,,1631,635,860,2251,3421,881,,289573,117668,3586,,,5,66,,Suspicious,Suspicious,242,1445,10630
979252544406,18,567414,1557860,2024-06-07T18:33:57.000Z,9,32,Execution,,FalsePositive,,,CloudApplication,Impacted,98799,138268,360606,160396,441377,673934,425863,453297,153085,529644,,1631,635,860,4,4,881,,289573,117668,3586,,,5,66,,,,242,1445,10630
420906798199,63,532623,512873,2024-06-06T00:42:14.000Z,0,0,InitialAccess,T1078;T1078.004,TruePositive,,,CloudLogonRequest,Related,98799,138268,360606,160396,441377,673934,425863,453297,153085,529644,,1631,635,860,2251,3421,881,,289573,117668,3586,,,5,66,,,,242,1445,10630
1254130453842,85,1062,111499,2024-06-11T01:10:07.000Z,69,27692,Exfiltration,,BenignPositive,,,File,Impacted,98799,62526,360606,160396,441377,673934,425863,453297,153085,529644,,1631,635,860,2251,3421,881,,113055,43746,3586,,,5,66,,,,242,1445,10630
403726930857,4,1940,349,2024-05-30T16:27:57.000Z,8,7,InitialAccess,T1133,FalsePositive,,,Machine,Impacted,98799,138268,360606,160396,441377,673934,425863,453297,160,529644,,1631,635,860,2251,3421,881,,289573,117668,3586,,,5,66,,,,242,1445,10630
403726927644,0,21,1167751,2024-06-06T09:14:16.000Z,0,0,InitialAccess,T1078;T1078.004,TruePositive,,,User,Impacted,98799,138268,360606,160396,129,182,121,148,153085,529644,,1631,635,860,2251,3421,881,,289573,117668,3586,,,5,66,,,,242,1445,10630
1271310323744,10,2028,100,2024-05-23T11:27:44.000Z,12,52,Impact,,TruePositive,,,Ip,Related,98799,138268,1805,160396,441377,673934,425863,453297,153085,529644,,1631,635,860,2251,3421,881,,289573,117668,3586,,,5,66,,,,242,1445,10630
257698040494,40,760,264368,2024-06-10T15:49:25.000Z,36,100,CredentialAccess,,BenignPositive,,,Url,Related,98799,138268,360606,458,441377,673934,425863,453297,153085,529644,,1631,635,860,2251,3421,881,,289573,117668,3586,,,5,66,,Suspicious,Suspicious,242,1445,10630
1494648622874,100,11932,13380,2024-05-25T11:10:36.000Z,72,53,Impact,,BenignPositive,,,Ip,Related,98799,138268,98,160396,441377,673934,425863,453297,153085,529644,,1631,635,860,2251,3421,881,,289573,117668,3586,,,5,66,,,,242,1445,10630
128849023217,323,71182,34340,2024-06-13T17:20:20.000Z,228,208,Exfiltration,,BenignPositive,,,File,Impacted,98799,3321,360606,160396,441377,673934,425863,453297,153085,529644,,1631,635,860,2251,3421,881,,3807,289,3586,,,5,66,,,,242,1445,10630
1503238557652,735,46967,284030,2024-06-03T15:25:23.000Z,2,2,CommandAndControl,,BenignPositive,,,Process,Related,98799,9,360606,160396,441377,673934,425863,453297,153085,529644,,1631,635,860,2251,3421,881,,0,2,3586,,,5,66,,Suspicious,Suspicious,242,1445,10630
309237649430,10,208,190,2024-05-20T04:42:48.000Z,12,52,Impact,,TruePositive,,,Ip,Related,98799,138268,4881,160396,441377,673934,425863,453297,153085,529644,,1631,635,860,2251,3421,881,,289573,117668,3586,,,5,66,,,,242,1445,10630
704374639780,154,31957,458160,2024-06-12T16:43:43.000Z,13,11,InitialAccess,T1566,BenignPositive,,,Mailbox,Impacted,98799,138268,360606,160396,304368,237405,259312,296499,153085,529644,,1631,635,860,2251,3421,881,,289573,117668,3586,,,5,66,,,,242,1445,10630
94489284077,2,3529,8127,2024-06-06T19:13:44.000Z,42,27,Exfiltration,,BenignPositive,,,File,Impacted,98799,138268,360606,160396,441377,673934,425863,453297,153085,529644,,1631,635,860,2251,3421,881,,58427,113209,3586,,,5,66,,,,242,1445,10630
609885356613,43,17277,5305,2024-05-30T10:19:30.000Z,52,10,Impact,,BenignPositive,,,Ip,Related,98799,138268,13005,160396,441377,673934,425863,453297,153085,529644,,1631,635,860,2251,3421,881,,289573,117668,3586,,,5,66,,,,242,1445,10630
1511828491612,692,196833,591948,2024-06-13T19:29:37.000Z,330,804,DefenseEvasion,T1078;T1078.004,BenignPositive,,,User,Impacted,98799,138268,360606,160396,177876,250330,182198,177473,153085,529644,,1631,635,860,2251,3421,881,,289573,117668,3586,,,5,66,,,,242,1445,10630
266287974762,5,137,325177,2024-06-09T16:06:26.000Z,0,0,InitialAccess,T1078;T1078.004,TruePositive,,,User,Impacted,98799,138268,360606,160396,58,80,52,63,153085,529644,,1631,635,860,2251,3421,881,,289573,117668,3586,,,5,66,,,,242,1445,10630
730144442143,0,227,518439,2024-06-10T05:30:00.000Z,7,6,InitialAccess,,TruePositive,,,CloudLogonRequest,Related,98799,138268,360606,160396,441377,673934,425863,453297,153085,529644,,1631,635,860,2251,3421,881,,289573,117668,3586,,,5,66,,,,242,1445,10630
1288490192017,51,7393,801186,2024-06-12T07:27:44.000Z,39,26,Execution,T1559;T1106;T1059.005,BenignPositive,,,File,Related,98799,53,360606,160396,441377,673934,425863,453297,153085,529644,,1631,635,860,2251,3421,881,,3,12,3586,,,5,66,,,,242,1445,10630
541165879854,274,522,110343,2024-06-11T03:40:30.000Z,272,260,Execution,T1053.002;T1053.005,FalsePositive,,,Process,Related,98799,45,360606,160396,441377,673934,425863,453297,153085,529644,,1631,635,860,2251,3421,881,,13,3,3586,,,5,66,,Suspicious,Suspicious,242,1445,10630
738734375717,177,1092,777597,2024-06-09T21:22:29.000Z,2,2,CommandAndControl,,FalsePositive,,,Machine,Impacted,73625,138268,360606,160396,441377,673934,425863,453297,101351,529644,,1631,635,860,2251,3421,881,,289573,117668,3586,,,0,0,,Suspicious,Suspicious,242,1445,10630
1211180778147,171,284762,797094,2024-06-05T09:03:44.000Z,753,42009,Exfiltration,,BenignPositive,,,MailMessage,Impacted,98799,138268,360606,160396,441377,19612,425863,453297,153085,97298,,1631,635,860,2251,3421,881,,289573,117668,3586,,,5,66,,,,242,1445,10630
455266535608,52,318579,1645619,2024-06-12T13:13:06.000Z,594,758,InitialAccess,,BenignPositive,,,Ip,Related,98799,138268,7544,160396,441377,673934,425863,453297,153085,529644,,1631,635,860,2251,3421,881,,289573,117668,3586,,,5,66,,,,242,1445,10630
34359743094,9,231,1124413,2024-06-03T23:24:38.000Z,77,1995,Exfiltration,,BenignPositive,,,File,Impacted,98799,6791,360606,160396,441377,673934,425863,453297,153085,529644,,1631,635,860,2251,3421,881,,163,729,3586,,,5,66,,,,242,1445,10630
1520418424431,1,62,860246,2024-06-09T21:23:49.000Z,0,0,InitialAccess,T1078;T1078.004,TruePositive,,,User,Impacted,98799,138268,360606,160396,3631,4859,3617,3807,153085,529644,,1631,635,860,2251,3421,881,,289573,117668,3586,,,5,66,,,,242,1445,10630
1614907707997,69,36656,45815,2024-06-04T07:55:21.000Z,1,1,InitialAccess,T1566.002,BenignPositive,,,MailMessage,Related,98799,138268,360606,160396,441377,421679,425863,453297,153085,516236,,1631,635,860,2251,3421,881,,289573,117668,3586,,,5,66,,,,242,1445,10630
987842483162,162,79944,297432,2024-05-20T23:25:41.000Z,479,520,InitialAccess,T1566,BenignPositive,,,Ip,Related,98799,138268,20917,160396,441377,673934,425863,453297,153085,529644,,1631,635,860,2251,3421,881,,289573,117668,3586,,,5,66,,,,242,1445,10630
1236950586083,599,19202,81752,2024-06-10T14:12:31.000Z,47,30,InitialAccess,T1566.002,FalsePositive,,,User,Impacted,98799,138268,360606,160396,25657,86097,25573,28921,153085,529644,,1631,635,860,2251,3421,881,,289573,117668,3586,,,5,66,,,,242,1445,10630
266287974422,90,248,974978,2024-06-05T07:27:07.000Z,0,0,InitialAccess,T1078;T1078.004,TruePositive,,,CloudLogonSession,Related,98799,138268,360606,160396,441377,673934,425863,453297,153085,529644,,1631,635,860,2251,3421,881,,289573,117668,3586,,,5,66,,,,242,1445,10630
1503238555908,102,302,430707,2024-06-14T02:19:11.000Z,108,37725,Exfiltration,,BenignPositive,,,Machine,Impacted,1784,138268,360606,160396,441377,673934,425863,453297,3804,529644,,1631,635,860,2251,3421,881,,289573,117668,3586,,,5,66,,,,242,1445,10630
1348619736052,442,65708,47795,2024-06-12T15:10:17.000Z,1,1,InitialAccess,T1566.002,TruePositive,,,Url,Related,98799,138268,360606,58313,441377,673934,425863,453297,153085,529644,,1631,635,860,2251,3421,881,,289573,117668,3586,,,5,66,,,NoThreatsFound,242,1445,10630
1228360650991,30,113113,92309,2024-06-03T13:25:08.000Z,37,844,Exfiltration,,FalsePositive,,,User,Impacted,98799,138268,360606,160396,7226,383,7264,7755,153085,529644,,1631,635,860,2251,3421,881,,289573,117668,3586,,,5,66,,,,242,1445,10630
25769808006,207,4546,76040,2024-06-04T19:29:06.000Z,3,4,SuspiciousActivity,,BenignPositive,,,Process,Related,98799,26,360606,160396,441377,673934,425863,453297,153085,529644,,1631,635,860,2251,3421,881,,13,3,3586,,,5,66,,Suspicious,Suspicious,242,1445,10630
1546188229555,205,39519,481651,2024-06-06T22:56:08.000Z,13,11,InitialAccess,T1566,BenignPositive,,,MailCluster,Related,98799,138268,360606,160396,441377,673934,425863,453297,153085,529644,,1631,635,860,2251,3421,881,,289573,117668,3586,,,5,66,,,Malicious,242,1445,10630
833223660020,508,1135,628992,2024-06-15T21:06:26.000Z,3,4,SuspiciousActivity,,BenignPositive,,,Ip,Related,98799,138268,99119,160396,441377,673934,425863,453297,153085,529644,,1631,635,860,2251,3421,881,,289573,117668,3586,,,5,66,,Suspicious,Suspicious,242,1445,10630
661424963920,705,3604,270774,2024-06-09T08:11:55.000Z,107,812,DefenseEvasion,,FalsePositive,,,File,Related,98799,851,360606,160396,441377,673934,425863,453297,153085,529644,,1631,635,860,2251,3421,881,AskToolbar,946,162,3586,,,5,66,,Suspicious,Suspicious,242,1445,10630
317827584610,173,6006,657294,2024-06-03T20:32:06.000Z,13,11,InitialAccess,T1566,TruePositive,,,MailMessage,Related,98799,138268,360606,160396,441377,27951,425863,453297,153085,98271,,1631,635,860,2251,3421,881,,289573,117668,3586,,,5,66,,,,242,1445,10630
695784702575,267,36413,22801,2024-06-16T21:50:48.000Z,271,259,LateralMovement,T1210,BenignPositive,,,Machine,Impacted,98799,138268,360606,160396,441377,673934,425863,453297,28213,529644,,1631,635,860,2251,3421,881,,289573,117668,3586,,Destination,5,66,,,,242,1445,10630
1357209667315,0,174,184802,2024-06-04T10:52:15.000Z,0,0,InitialAccess,T1078;T1078.004,TruePositive,,,User,Impacted,98799,138268,360606,160396,387,509,379,415,153085,529644,,1631,635,860,2251,3421,881,,289573,117668,3586,,,5,66,,,,242,1445,10630
60129543933,0,84,395095,2024-06-05T21:06:23.000Z,4,3,InitialAccess,,TruePositive,,,Ip,Related,98799,138268,11594,160396,441377,673934,425863,453297,153085,529644,,1631,635,860,2251,3421,881,,289573,117668,3586,,,5,66,,,,5,1445,10630
1443109013040,354,31523,64397,2024-06-06T12:37:34.000Z,434,21110,Exfiltration,,TruePositive,,,File,Impacted,98799,138268,360606,160396,441377,673934,425863,453297,153085,529644,,1631,635,860,2251,3421,881,,253663,53809,3586,,,5,66,,,,242,1445,10630
1692217119386,301,128288,456760,2024-06-06T20:38:19.000Z,13,11,InitialAccess,T1566,BenignPositive,,,MailCluster,Related,98799,138268,360606,160396,441377,673934,425863,453297,153085,529644,,1631,635,860,2251,3421,881,,289573,117668,3586,,,5,66,,,Malicious,242,1445,10630
403726927644,0,21,541817,2024-06-06T05:20:15.000Z,0,0,InitialAccess,T1078;T1078.004,TruePositive,,,User,Impacted,98799,138268,360606,160396,1318,1805,1318,1390,153085,529644,,1631,635,860,2251,3421,881,,289573,117668,3586,,,5,66,,,,242,1445,10630
1228360648674,19,649,2240,2024-06-01T12:01:35.000Z,23,16,CommandAndControl,,TruePositive,,,Url,Related,98799,138268,360606,257,441377,673934,425863,453297,153085,529644,,1631,635,860,2251,3421,881,,289573,117668,3586,,,5,66,,,,242,1445,10630
171798693639,0,169,314358,2024-06-04T15:20:36.000Z,0,0,InitialAccess,T1078;T1078.004,TruePositive,,,Ip,Related,98799,138268,2,160396,441377,673934,425863,453297,153085,529644,,1631,635,860,2251,3421,881,,289573,117668,3586,,,5,66,,,,0,11,8
1537598291993,6,988,1359,2024-05-24T18:16:27.000Z,17,835,Impact,,BenignPositive,,,Ip,Related,98799,138268,3681,160396,441377,673934,425863,453297,153085,529644,,1631,635,860,2251,3421,881,,289573,117668,3586,,,5,66,,,,242,1445,10630
1262720386789,0,72,1279838,2024-06-10T08:56:03.000Z,7,6,InitialAccess,,TruePositive,,,Ip,Related,98799,138268,40,160396,441377,673934,425863,453297,153085,529644,,1631,635,860,2251,3421,881,,289573,117668,3586,,,5,66,,,,1,0,0
188978563521,5,29,1270326,2024-06-04T10:59:45.000Z,7,6,InitialAccess,,TruePositive,,,Ip,Related,98799,138268,17120,160396,441377,673934,425863,453297,153085,529644,,1631,635,860,2251,3421,881,,289573,117668,3586,,,5,66,,,,17,174,2006
25769806671,75,37,1179217,2024-06-07T14:16:53.000Z,7,6,InitialAccess,,TruePositive,,,Ip,Related,98799,138268,4,160396,441377,673934,425863,453297,153085,529644,,1631,635,860,2251,3421,881,,289573,117668,3586,,,5,66,,,,12,12,9
309237646071,82,4244,1019,2024-06-06T08:14:49.000Z,1,1,InitialAccess,T1566.002,TruePositive,,,MailMessage,Related,98799,138268,360606,160396,441377,2489,425863,453297,153085,1070,,1631,635,860,2251,3421,881,,289573,117668,3586,,,5,66,,,,242,1445,10630
1116691497737,130,78499,1199039,2024-06-10T18:53:17.000Z,0,0,InitialAccess,T1078;T1078.004,BenignPositive,,,CloudLogonRequest,Related,98799,138268,360606,160396,441377,673934,425863,453297,153085,529644,,1631,635,860,2251,3421,881,,289573,117668,3586,,,5,66,,,,242,1445,10630
1305670061099,76,61,1227363,2024-06-08T15:01:29.000Z,0,0,InitialAccess,T1078;T1078.004,TruePositive,,,Ip,Related,98799,138268,707,160396,441377,673934,425863,453297,153085,529644,,1631,635,860,2251,3421,881,,289573,117668,3586,,,5,66,,,,28,84,89
429496733101,183,238979,416403,2024-06-10T19:57:12.000Z,152,272,SuspiciousActivity,,BenignPositive,,,Ip,Related,98799,138268,91119,160396,441377,673934,425863,453297,153085,529644,,1631,635,860,2251,3421,881,,289573,117668,3586,,,5,66,,,,242,1445,10630
1425929144528,313,3598,167307,2024-06-06T23:25:09.000Z,0,0,InitialAccess,T1078;T1078.004,TruePositive,,,User,Impacted,98799,138268,360606,160396,128,181,120,147,153085,529644,,1631,635,860,2251,3421,881,,289573,117668,3586,,,5,66,,,,242,1445,10630
1468878819342,20,965,1364,2024-05-25T15:28:29.000Z,79,1317,Impact,,FalsePositive,,,Ip,Related,98799,138268,2608,160396,441377,673934,425863,453297,153085,529644,,1631,635,860,2251,3421,881,,289573,117668,3586,,,5,66,,,,242,1445,10630
309237647966,98,491983,1287174,2024-06-06T20:09:44.000Z,0,0,InitialAccess,T1078;T1078.004,FalsePositive,,,Ip,Related,98799,138268,178718,160396,441377,673934,425863,453297,153085,529644,,1631,635,860,2251,3421,881,,289573,117668,3586,,,5,66,,,,74,194,247
1090921696615,101,253,366450,2024-06-03T23:38:22.000Z,6,5,InitialAccess,T1566,TruePositive,,,MailCluster,Related,98799,138268,360606,160396,441377,673934,425863,453297,153085,529644,3425846815.0,1631,635,860,2251,3421,881,,289573,117668,3586,,,5,66,,,NoThreatsFound,242,1445,10630
1331439865195,97,140740,67285,2024-06-12T08:45:18.000Z,1,1,InitialAccess,T1566.002,TruePositive,,,MailMessage,Related,98799,138268,360606,160396,441377,28609,425863,453297,153085,42829,,1631,635,860,2251,3421,881,,289573,117668,3586,,,5,66,Intraorg,,Malicious,242,1445,10630
463856471732,201,173415,187906,2024-06-13T14:36:08.000Z,5,97,SuspiciousActivity,,BenignPositive,,,User,Impacted,98799,138268,360606,160396,11,23,9,11,153085,529644,,1631,635,860,2251,3421,881,,289573,117668,3586,,,5,66,,,,242,1445,10630
1614907708318,4,2837,567,2024-05-26T03:54:07.000Z,8,7,InitialAccess,T1133,FalsePositive,,,Machine,Impacted,98799,138268,360606,160396,441377,673934,425863,453297,307,529644,,1631,635,860,2251,3421,881,,289573,117668,3586,,,5,66,,,,242,1445,10630
223338299805,304,6135,14106,2024-06-07T14:42:59.000Z,13,11,InitialAccess,T1566,FalsePositive,,,File,Related,98799,5025,360606,160396,441377,673934,425863,453297,153085,529644,,1631,635,860,2251,3421,881,,2404,117668,3586,,,5,66,,,,242,1445,10630
1597727836869,204,596,959,2024-06-03T18:07:11.000Z,44,71,SuspiciousActivity,,FalsePositive,,,File,Related,98799,138268,360606,160396,441377,673934,425863,453297,153085,529644,,1631,635,860,2251,3421,881,,33113,70,3586,,,5,66,,Suspicious,Suspicious,242,1445,10630
1073741825803,0,561,321297,2024-06-08T07:44:26.000Z,0,0,InitialAccess,T1078;T1078.004,TruePositive,,,User,Impacted,98799,138268,360606,160396,544,726,539,583,153085,529644,,1631,635,860,2251,3421,881,,289573,117668,3586,,,5,66,,,,242,1445,10630
326417515791,374,20756,582721,2024-06-11T14:24:31.000Z,5,62,SuspiciousActivity,,BenignPositive,,,Ip,Related,98799,138268,56479,160396,441377,673934,425863,453297,153085,529644,,1631,635,860,2251,3421,881,,289573,117668,3586,,Contextual,5,66,,,,242,1445,10630
1133871368555,113,17319,12931,2024-06-05T07:24:30.000Z,1,1,InitialAccess,T1566.002,BenignPositive,,,Url,Related,98799,138268,360606,12236,441377,673934,425863,453297,153085,529644,,1631,635,860,2251,3421,881,,289573,117668,3586,,,5,66,,,Malicious,242,1445,10630
1700807052576,35,139,1306214,2024-06-08T21:28:13.000Z,0,0,InitialAccess,T1078;T1078.004,TruePositive,,,Ip,Related,98799,138268,42,160396,441377,673934,425863,453297,153085,529644,,1631,635,860,2251,3421,881,,289573,117668,3586,,,5,66,,,,1,0,0
51539610472,34,281511,598975,2024-06-12T12:14:09.000Z,2,2,CommandAndControl,,BenignPositive,,,Url,Related,98799,138268,360606,147793,441377,673934,425863,453297,153085,529644,,1631,635,860,2251,3421,881,,289573,117668,3586,,,5,66,,Suspicious,Suspicious,242,1445,10630
1219770714756,8,13921,260956,2024-06-06T05:45:58.000Z,3,4,SuspiciousActivity,,TruePositive,,,Process,Related,98799,5,360606,160396,441377,673934,425863,453297,153085,529644,,1631,635,860,2251,3421,881,,2,41,3586,,,5,66,,Suspicious,Suspicious,242,1445,10630
257698039475,7,2914,611,2024-05-26T10:35:33.000Z,21,279,Impact,,FalsePositive,,,Ip,Related,98799,138268,85349,160396,441377,673934,425863,453297,153085,529644,,1631,635,860,2251,3421,881,,289573,117668,3586,,,5,66,,,,242,1445,10630
231928238444,105,55495,140512,2024-06-15T02:06:12.000Z,1,1,InitialAccess,T1566.002,BenignPositive,,,MailMessage,Related,98799,138268,360606,160396,441377,127382,425863,453297,153085,171416,,1631,635,860,2251,3421,881,,289573,117668,3586,,,5,66,,,,242,1445,10630
1434519078470,21,1158,38562,2024-06-12T02:07:20.000Z,3,4,SuspiciousActivity,,BenignPositive,,,Process,Related,98799,1,360606,160396,441377,673934,425863,453297,153085,529644,,1631,635,860,2251,3421,881,,1,1,3586,,,5,66,,Suspicious,Suspicious,242,1445,10630
1125281433890,102,356,1110905,2024-06-04T04:23:32.000Z,108,53343,Exfiltration,,BenignPositive,,,User,Impacted,98799,138268,360606,160396,8638,12336,8747,9251,153085,529644,,1631,635,860,2251,3421,881,,289573,117668,3586,,,5,66,,,,242,1445,10630
1700807052576,35,139,1302681,2024-06-08T14:23:17.000Z,7,6,InitialAccess,,TruePositive,,,User,Impacted,98799,138268,360606,160396,10501,16393,10499,11424,153085,529644,,1631,635,860,2251,3421,881,,289573,117668,3586,,,5,66,,,,242,1445,10630
214748366556,0,114,1219290,2024-06-06T07:42:37.000Z,14,12,CredentialAccess,T1110;T1110.003;T1110.001,TruePositive,,,CloudLogonRequest,Related,98799,138268,360606,160396,441377,673934,425863,453297,153085,529644,,1631,635,860,2251,3421,881,,289573,117668,3586,,,5,66,,,,242,1445,10630
1288490193751,83,14544,437480,2024-06-11T11:12:32.000Z,60,14608,Exfiltration,,BenignPositive,,,MailMessage,Impacted,98799,138268,360606,160396,441377,10736,425863,453297,153085,109385,,1631,635,860,2251,3421,881,,289573,117668,3586,,,5,66,,,,242,1445,10630
687194772270,226,162,967140,2024-06-05T17:23:00.000Z,0,0,InitialAccess,T1078;T1078.004,TruePositive,,,Ip,Related,98799,138268,3010,160396,441377,673934,425863,453297,153085,529644,,1631,635,860,2251,3421,881,,289573,117668,3586,,,5,66,,,,27,35,34
317827584748,38,160268,221986,2024-06-11T05:03:42.000Z,10,8,InitialAccess,T1566.001,BenignPositive,,,File,Related,98799,1867,360606,160396,441377,673934,425863,453297,153085,529644,,1631,635,860,2251,3421,881,,2854,117668,3586,,,5,66,,,Malicious,242,1445,10630
120259084648,79,1387,188662,2024-06-03T07:40:10.000Z,56,40,CredentialAccess,T1003;T1012;T1552.002,FalsePositive,,,RegistryValue,Related,98799,138268,360606,160396,441377,673934,425863,453297,153085,529644,,0,635,860,2251,3421,881,,289573,117668,3586,,,5,66,,Suspicious,Suspicious,242,1445,10630
670014899433,1002,25883,298012,2024-06-06T14:18:05.000Z,1519,3157,Persistence,T1060,BenignPositive,,,Process,Related,98799,10292,360606,160396,441377,673934,425863,453297,153085,529644,,1631,635,860,2251,3421,881,,6494,0,3586,,,5,66,,,,242,1445,10630
1314259994265,496,30843,60343,2024-06-10T22:51:22.000Z,13,11,InitialAccess,T1566,BenignPositive,,,MailCluster,Related,98799,138268,360606,160396,441377,673934,425863,453297,153085,529644,2621622817.0,1631,635,860,2251,3421,881,,289573,117668,3586,,,5,66,,,Malicious,242,1445,10630
1434519078418,41,66919,41679,2024-06-14T15:15:13.000Z,32,16336,Exfiltration,,TruePositive,,,User,Impacted,98799,138268,360606,160396,284415,366349,299549,238773,153085,529644,,1631,635,860,2251,3421,881,,289573,117668,3586,,,5,66,,,,242,1445,10630
944892806958,45,30287,93394,2024-06-12T02:46:24.000Z,6,5,InitialAccess,T1566,FalsePositive,,,Mailbox,Impacted,98799,138268,360606,160396,1,1,1,1,153085,529644,,1631,635,860,2251,3421,881,,289573,117668,3586,,,5,66,,,,242,1445,10630
2259,52,13068,233669,2024-06-11T21:42:26.000Z,13,11,InitialAccess,T1566,BenignPositive,,,MailMessage,Related,98799,138268,360606,160396,441377,242685,425863,453297,153085,151987,,1631,635,860,2251,3421,881,,289573,117668,3586,,,5,66,Inbound,,Malicious,242,1445,10630
1314259993883,374,24153,305528,2024-06-10T13:51:18.000Z,10,8,InitialAccess,T1566.001,TruePositive,,,MailCluster,Related,98799,138268,360606,160396,441377,673934,425863,453297,153085,529644,,1631,635,860,2251,3421,881,,289573,117668,3586,,,5,66,,,Malicious,242,1445,10630
77309412973,7,3956,944,2024-05-26T08:43:56.000Z,21,1102,Impact,,FalsePositive,,,Ip,Related,98799,138268,33,160396,441377,673934,425863,453297,153085,529644,,1631,635,860,2251,3421,881,,289573,117668,3586,,,5,66,,,,242,1445,10630
1202590848083,46,6493,4486,2024-06-04T08:05:28.000Z,64,42,CommandAndControl,T1568;T1008,FalsePositive,,,Ip,Related,98799,138268,3288,160396,441377,673934,425863,453297,153085,529644,,1631,635,860,2251,3421,881,,289573,117668,3586,,,5,66,,,,242,1445,10630
1228360646693,6,2479,1332,2024-05-27T04:34:41.000Z,17,1387,Impact,,BenignPositive,,,Ip,Related,98799,138268,1458,160396,441377,673934,425863,453297,153085,529644,,1631,635,860,2251,3421,881,,289573,117668,3586,,,5,66,,,,242,1445,10630
1494648620656,7,4084,1003,2024-06-01T10:57:45.000Z,21,467,Impact,,FalsePositive,,,Ip,Related,98799,138268,250,160396,441377,673934,425863,453297,153085,529644,,1631,635,860,2251,3421,881,,289573,117668,3586,,,5,66,,,,242,1445,10630
94489283991,59,320520,713721,2024-06-12T00:39:49.000Z,2,2,CommandAndControl,,BenignPositive,,,Url,Related,98799,138268,360606,1515,441377,673934,425863,453297,153085,529644,,1631,635,860,2251,3421,881,,289573,117668,3586,,,5,66,,Suspicious,Suspicious,242,1445,10630
781684049017,16,81900,1108397,2024-06-05T20:01:25.000Z,55,73568,Exfiltration,,BenignPositive,,,MailMessage,Impacted,98799,138268,360606,160396,441377,229633,425863,453297,153085,352033,,1631,635,860,2251,3421,881,,289573,117668,3586,,,5,66,,,,242,1445,10630
420906796686,1,301,398133,2024-06-04T23:52:53.000Z,0,0,InitialAccess,T1078;T1078.004,TruePositive,,,User,Impacted,98799,138268,360606,160396,4130,5649,4128,4415,153085,529644,,1631,635,860,2251,3421,881,,289573,117668,3586,,,5,66,,,,242,1445,10630
1460288881404,290,8006,3278,2024-06-04T23:03:45.000Z,150,124,CredentialAccess,,FalsePositive,,,User,Impacted,98799,138268,360606,160396,44958,78676,42301,49236,153085,529644,,1631,635,860,2251,3421,881,,289573,117668,3586,,,5,66,,,,242,1445,10630
206158430958,127,108,1241586,2024-06-10T17:26:26.000Z,0,0,InitialAccess,T1078;T1078.004,TruePositive,,,CloudLogonRequest,Related,98799,138268,360606,160396,441377,673934,425863,453297,153085,529644,,1631,635,860,2251,3421,881,,289573,117668,3586,,,5,66,,,,242,1445,10630
1099511628951,215,217674,1518200,2024-06-11T12:50:29.000Z,33,22,InitialAccess,,BenignPositive,,,User,Impacted,98799,138268,360606,160396,2752,9716,2729,2893,153085,529644,,1631,635,860,2251,3421,881,,289573,117668,3586,,,5,66,,,,242,1445,10630
1142461305072,36,1064,420606,2024-06-06T08:43:48.000Z,36,165,SuspiciousActivity,,TruePositive,,,User,Impacted,98799,138268,360606,160396,233358,407848,283092,277322,153085,529644,,1631,635,860,2251,3421,881,,289573,117668,3586,,,5,66,,Suspicious,Suspicious,242,1445,10630
137438954090,17,18429,18884,2024-06-06T15:35:32.000Z,20,5601,Exfiltration,,FalsePositive,,,File,Impacted,98799,6745,360606,160396,441377,673934,425863,453297,153085,529644,,1631,635,860,2251,3421,881,,8010,90,3586,,,5,66,,,,242,1445,10630
1348619735867,428,1588,305328,2024-06-12T22:20:42.000Z,10,8,InitialAccess,T1566.001,BenignPositive,,,User,Impacted,98799,138268,360606,160396,2552,1175,2557,2163,153085,529644,,1631,635,860,2251,3421,881,,289573,117668,3586,,,5,66,,,,242,1445,10630
1434519078565,220,46367,1129593,2024-06-05T09:06:40.000Z,178,4096,Exfiltration,,FalsePositive,,,File,Impacted,98799,138268,360606,160396,441377,673934,425863,453297,153085,529644,,1631,635,860,2251,3421,881,,3100,1767,3586,,,5,66,,,,242,1445,10630
515396080349,4,762,1734,2024-05-30T09:45:37.000Z,8,7,InitialAccess,T1133,FalsePositive,,,Machine,Impacted,98799,138268,360606,160396,441377,673934,425863,453297,728,529644,,1631,635,860,2251,3421,881,,289573,117668,3586,,,5,66,,,,242,1445,10630
1563368097504,0,82,532661,2024-06-05T00:34:55.000Z,7,6,InitialAccess,,TruePositive,,,CloudLogonRequest,Related,98799,138268,360606,160396,441377,673934,425863,453297,153085,529644,,1631,635,860,2251,3421,881,,289573,117668,3586,,,5,66,,,,242,1445,10630
747324310818,216,110500,452695,2024-06-05T14:24:25.000Z,6,5,InitialAccess,T1566,TruePositive,,,Mailbox,Impacted,98799,138268,360606,160396,7449,5806,7455,8009,153085,529644,,1631,635,860,2251,3421,881,,289573,117668,3586,,,5,66,,,,242,1445,10630
695784703327,159,76817,128310,2024-06-03T23:32:01.000Z,2,2,CommandAndControl,,FalsePositive,,,Url,Related,98799,138268,360606,40051,441377,673934,425863,453297,153085,529644,,1631,635,860,2251,3421,881,,289573,117668,3586,,,5,66,,Suspicious,Suspicious,242,1445,10630
1597727839063,404,634,1159248,2024-06-10T08:00:50.000Z,289,281,SuspiciousActivity,,FalsePositive,,,Machine,Impacted,98799,138268,360606,160396,441377,673934,425863,453297,2207,529644,,1631,635,860,2251,3421,881,,289573,117668,3586,,,5,66,,,,242,1445,10630
609885356628,42,2,1587951,2024-06-04T16:07:18.000Z,31,16527,Malware,,BenignPositive,,,File,Related,98799,6845,360606,160396,441377,673934,425863,453297,153085,529644,,1631,635,860,2251,3421,881,Convagent,6,88333,3586,,,5,66,,Suspicious,Malicious,242,1445,10630
1194000912370,345,4334,82788,2024-06-04T21:54:17.000Z,1320,170,Collection,T1005,TruePositive,,,Machine,Impacted,6468,138268,360606,160396,441377,673934,425863,453297,10563,529644,,1631,635,860,2251,3421,881,,289573,117668,3586,,,5,66,,,,242,1445,10630
1125281436107,78,27480,29117,2024-06-05T15:57:13.000Z,1,1,InitialAccess,T1566.002,BenignPositive,,,MailMessage,Related,98799,138268,360606,160396,441377,7041,425863,453297,153085,43559,,1631,635,860,2251,3421,881,,289573,117668,3586,,,5,66,Inbound,,Malicious,242,1445,10630
266287976013,3,266173,192773,2024-06-04T16:47:40.000Z,3,1180,SuspiciousActivity,,BenignPositive,,,Process,Related,98799,2,360606,160396,441377,673934,425863,453297,153085,529644,,1631,635,860,2251,3421,881,,1,1,3586,,,5,66,,Suspicious,Suspicious,242,1445,10630
781684052223,385,57510,37169,2024-06-12T12:54:51.000Z,1,1,InitialAccess,T1566.002,BenignPositive,,,MailMessage,Related,98799,138268,360606,160396,441377,67294,425863,453297,153085,72579,,1631,635,860,2251,3421,881,,289573,117668,3586,,,5,66,,,,242,1445,10630
1176821039882,288,221765,461127,2024-06-10T11:24:33.000Z,6,5,InitialAccess,T1566,BenignPositive,,,MailMessage,Related,98799,138268,360606,160396,441377,31671,425863,453297,153085,202460,,1631,635,860,2251,3421,881,,289573,117668,3586,,,5,66,,,,242,1445,10630
386547058543,0,143,1178338,2024-06-09T03:57:09.000Z,7,6,InitialAccess,,TruePositive,,,CloudLogonRequest,Related,98799,138268,360606,160396,441377,673934,425863,453297,153085,529644,,1631,635,860,2251,3421,881,,289573,117668,3586,,,5,66,,,,242,1445,10630
401,304,212653,48190,2024-06-11T17:28:02.000Z,28,19,InitialAccess,T1566,TruePositive,,,MailMessage,Related,98799,138268,360606,160396,441377,3130,425863,453297,153085,111986,,1631,635,860,2251,3421,881,,289573,117668,3586,,,5,66,,,,242,1445,10630
1675037247246,0,351,167192,2024-06-06T21:35:36.000Z,7,6,InitialAccess,,TruePositive,,,Ip,Related,98799,138268,481,160396,441377,673934,425863,453297,153085,529644,,1631,635,860,2251,3421,881,,289573,117668,3586,,,5,66,,,,9,14,11
1348619733773,29,263,312,2024-06-07T22:44:45.000Z,54,33,Persistence,T1078;T1098,BenignPositive,,,Ip,Related,98799,138268,32143,160396,441377,673934,425863,453297,153085,529644,,1631,635,860,2251,3421,881,,289573,117668,3586,,,5,66,,,,242,1445,10630
876173328803,79,17589,425375,2024-06-05T01:34:17.000Z,56,40,CredentialAccess,T1003;T1012;T1552.002,FalsePositive,,,Process,Related,98799,14,360606,160396,441377,673934,425863,453297,153085,529644,,1631,635,860,2251,3421,881,,7,3,3586,,,5,66,,Suspicious,Suspicious,242,1445,10630
1537598293364,187,3362,12,2024-06-04T17:17:15.000Z,1,1,InitialAccess,T1566.002,FalsePositive,,,Mailbox,Impacted,98799,138268,360606,160396,89997,98810,102472,94108,153085,529644,,1631,635,860,2251,3421,881,,289573,117668,3586,,,5,66,,,,242,1445,10630
523986012262,49,132766,286103,2024-06-13T19:56:25.000Z,2,2,CommandAndControl,,TruePositive,,,User,Impacted,98799,138268,360606,160396,35635,59555,35821,38682,153085,529644,,1631,635,860,2251,3421,881,,289573,117668,3586,,,5,66,,Suspicious,Suspicious,242,1445,10630
1692217117374,8,49121,259863,2024-06-05T02:50:37.000Z,3,4,SuspiciousActivity,,TruePositive,,,Machine,Impacted,13,138268,360606,160396,441377,673934,425863,453297,12,529644,,1631,635,860,2251,3421,881,,289573,117668,3586,,,5,66,,Suspicious,Suspicious,242,1445,10630
146028888913,61,24907,576477,2024-06-10T09:30:17.000Z,5,31,SuspiciousActivity,,BenignPositive,,,CloudApplication,Impacted,98799,138268,360606,160396,441377,673934,425863,453297,153085,529644,,1631,635,860,2,2,881,,289573,117668,3586,,,5,66,,,,242,1445,10630
1468878819571,704,112992,237276,2024-06-10T02:51:01.000Z,1,1,InitialAccess,T1566.002,TruePositive,,,Url,Related,98799,138268,360606,2764,441377,673934,425863,453297,153085,529644,,1631,635,860,2251,3421,881,,289573,117668,3586,,,5,66,,,NoThreatsFound,242,1445,10630
317827583317,302,16366,251170,2024-06-10T22:27:49.000Z,2,2,CommandAndControl,,BenignPositive,,,User,Impacted,98799,138268,360606,160396,11488,18742,11663,12635,153085,529644,,1631,635,860,2251,3421,881,,289573,117668,3586,,,5,66,,Suspicious,Suspicious,242,1445,10630
970662610688,0,268,123931,2024-06-05T03:08:52.000Z,7,6,InitialAccess,,TruePositive,,,CloudLogonRequest,Related,98799,138268,360606,160396,441377,673934,425863,453297,153085,529644,,1631,635,860,2251,3421,881,,289573,117668,3586,,,5,66,,,,242,1445,10630
1520418424546,0,135,1199687,2024-06-10T20:46:51.000Z,0,0,InitialAccess,T1078;T1078.004,TruePositive,,,Ip,Related,98799,138268,272,160396,441377,673934,425863,453297,153085,529644,,1631,635,860,2251,3421,881,,289573,117668,3586,,,5,66,,,,46,1445,10630
1236950583800,28,376559,1664176,2024-06-03T18:41:55.000Z,311,32466,SuspiciousActivity,,FalsePositive,,,CloudApplication,Related,98799,138268,360606,160396,441377,673934,425863,453297,153085,529644,,1631,635,860,1824,1602,881,,289573,117668,3586,,,5,66,,,,242,1445,10630
498216206984,17,236,23593,2024-06-04T16:29:14.000Z,20,1973,Exfiltration,,FalsePositive,,,Mailbox,Related,98799,138268,360606,160396,441377,2,425863,453297,153085,529644,,1631,635,860,2251,3421,881,,289573,117668,3586,,,5,66,,,,242,1445,10630
111669151079,65,270423,656904,2024-06-03T18:48:41.000Z,455,477,InitialAccess,,TruePositive,,,Mailbox,Impacted,98799,138268,360606,160396,22189,23525,22927,25697,153085,529644,,1631,635,860,2251,3421,881,,289573,117668,3586,,,5,66,,,,242,1445,10630
1434519079023,13,13591,5272,2024-06-14T17:02:25.000Z,34,2242,Exfiltration,,BenignPositive,,,File,Impacted,98799,786,360606,160396,441377,673934,425863,453297,153085,529644,,1631,635,860,2251,3421,881,,880,7,3586,,,5,66,,,,242,1445,10630
128849020587,0,88,335200,2024-06-08T14:51:32.000Z,7,6,InitialAccess,,TruePositive,,,Ip,Related,98799,138268,34,160396,441377,673934,425863,453297,153085,529644,,1631,635,860,2251,3421,881,,289573,117668,3586,,,5,66,,,,1,0,0
25769805564,45,2645,27151,2024-06-11T23:03:55.000Z,6,5,InitialAccess,T1566,FalsePositive,,,Mailbox,Impacted,98799,138268,360606,160396,1,1,1,1,153085,529644,,1631,635,860,2251,3421,881,,289573,117668,3586,,,5,66,,,,242,1445,10630
927712940278,420,20985,235147,2024-06-14T18:40:51.000Z,10,8,InitialAccess,T1566.001,BenignPositive,,,Mailbox,Impacted,98799,138268,360606,160396,153102,127527,143918,142784,153085,529644,,1631,635,860,2251,3421,881,,289573,117668,3586,,,5,66,,,,242,1445,10630
927712939473,2,8185,5519,2024-06-05T20:11:22.000Z,18,14,Exfiltration,,BenignPositive,,,MailMessage,Impacted,98799,138268,360606,160396,441377,84139,425863,453297,153085,465547,,1631,635,860,2251,3421,881,,289573,117668,3586,,,5,66,,,,242,1445,10630
1142461304162,35,348,180670,2024-06-03T09:14:05.000Z,0,0,InitialAccess,T1078;T1078.004,TruePositive,,,Ip,Related,98799,138268,500,160396,441377,673934,425863,453297,153085,529644,,1631,635,860,2251,3421,881,,289573,117668,3586,,,5,66,,,,0,31,48
712964574922,12,1301,1381,2024-05-25T22:31:03.000Z,16,641,Impact,,BenignPositive,,,Ip,Related,98799,138268,1313,160396,441377,673934,425863,453297,153085,529644,,1631,635,860,2251,3421,881,,289573,117668,3586,,,5,66,,,,242,1445,10630
197568495697,359,397212,958756,2024-06-13T17:29:08.000Z,0,0,InitialAccess,T1078;T1078.004,FalsePositive,,,Ip,Related,98799,138268,328225,160396,441377,673934,425863,453297,153085,529644,,1631,635,860,2251,3421,881,,289573,117668,3586,,,5,66,,,,21,6,3
386547058543,0,143,1273317,2024-06-09T04:39:44.000Z,7,6,InitialAccess,,TruePositive,,,CloudLogonRequest,Related,98799,138268,360606,160396,441377,673934,425863,453297,153085,529644,,1631,635,860,2251,3421,881,,289573,117668,3586,,,5,66,,,,242,1445,10630
266287974762,5,137,1260814,2024-06-09T15:39:14.000Z,0,0,InitialAccess,T1078;T1078.004,TruePositive,,,User,Impacted,98799,138268,360606,160396,72,98,66,84,153085,529644,,1631,635,860,2251,3421,881,,289573,117668,3586,,,5,66,,,,242,1445,10630
670014902817,103,24334,31987,2024-06-04T14:39:40.000Z,6,5,InitialAccess,T1566,BenignPositive,,,MailMessage,Related,98799,138268,360606,160396,441377,17532,425863,453297,153085,16714,,1631,635,860,2251,3421,881,,289573,117668,3586,,,5,66,Inbound,,Malicious,242,1445,10630
1632087574958,28,228054,119620,2024-06-11T21:17:39.000Z,28,19,InitialAccess,T1566,TruePositive,,,Ip,Related,98799,138268,28575,160396,441377,673934,425863,453297,153085,529644,,1631,635,860,2251,3421,881,,289573,117668,3586,,,5,66,,,NoThreatsFound,242,1445,10630
1262720385103,67,45873,12593,2024-06-06T02:34:26.000Z,1,1,InitialAccess,T1566.002,BenignPositive,,,Mailbox,Impacted,98799,138268,360606,160396,441377,2659,425863,453297,153085,529644,,1631,635,860,2251,3421,881,,289573,117668,3586,,,5,66,,,,242,1445,10630
575525618195,498,145440,549415,2024-06-03T05:26:55.000Z,9,2034,Execution,,FalsePositive,,,User,Impacted,98799,138268,360606,160396,61556,107340,61317,67286,153085,529644,,1631,635,860,2251,3421,881,,289573,117668,3586,,,5,66,,,,242,1445,10630
1305670059931,23,107,1337233,2024-06-03T16:24:03.000Z,14,12,CredentialAccess,T1110;T1110.003;T1110.001,TruePositive,,,User,Impacted,98799,138268,360606,160396,3038,4025,3022,3173,153085,529644,,1631,635,860,2251,3421,881,,289573,117668,3586,,,5,66,,,,242,1445,10630
1108101562368,25,124,153885,2024-06-05T13:49:37.000Z,30,12440,Exfiltration,,BenignPositive,,,User,Impacted,98799,138268,360606,160396,6024,4948,6007,6487,153085,529644,,1631,635,860,2251,3421,881,,289573,117668,3586,,,5,66,,,,242,1445,10630
1331439866611,6047,73845,1617707,2024-06-07T14:08:31.000Z,11,9,InitialAccess,T1566,,ContainAccount,update stsrefreshtokenvalidfrom timestamp.,Mailbox,Impacted,98799,138268,360606,160396,238097,607888,286886,318304,153085,529644,,1631,635,860,2251,3421,881,,289573,117668,3586,,,5,66,,,,242,1445,10630
1443109015005,697,7787,14327,2024-06-03T10:08:44.000Z,1,1,InitialAccess,T1566.002,TruePositive,,,Mailbox,Impacted,98799,138268,360606,160396,43049,40747,41711,51209,153085,529644,,1631,635,860,2251,3421,881,,289573,117668,3586,,,5,66,,,,242,1445,10630
1597727838531,92,56037,604915,2024-06-04T01:30:04.000Z,3,4,SuspiciousActivity,,BenignPositive,,,Url,Related,98799,138268,360606,3792,441377,673934,425863,453297,153085,529644,,1631,635,860,2251,3421,881,,289573,117668,3586,,,5,66,,,,242,1445,10630
146028892782,165,60156,140435,2024-06-04T22:55:41.000Z,1,1,InitialAccess,T1566.002,BenignPositive,,,Mailbox,Impacted,98799,138268,360606,160396,78932,76091,64400,99116,153085,529644,,1631,635,860,2251,3421,881,,289573,117668,3586,,,5,66,,,,242,1445,10630
584115555596,59,92037,604994,2024-06-04T11:08:20.000Z,3,4,SuspiciousActivity,,BenignPositive,,,User,Impacted,98799,138268,360606,160396,37714,62746,38621,40109,153085,529644,,1631,635,860,2251,3421,881,,289573,117668,3586,,,5,66,,Suspicious,Suspicious,242,1445,10630
60129543933,0,84,183207,2024-06-05T12:24:31.000Z,4,3,InitialAccess,,TruePositive,,,User,Impacted,98799,138268,360606,160396,197,276,188,222,153085,529644,,1631,635,860,2251,3421,881,,289573,117668,3586,,,5,66,,,,242,1445,10630
1065151891112,0,347,170895,2024-06-10T08:49:54.000Z,0,0,InitialAccess,T1078;T1078.004,TruePositive,,,CloudLogonSession,Related,98799,138268,360606,160396,441377,673934,425863,453297,153085,529644,,1631,635,860,2251,3421,881,,289573,117668,3586,,,5,66,,,,242,1445,10630
798863917068,1506,201918,1354366,2024-06-14T09:53:43.000Z,0,0,InitialAccess,T1078;T1078.004,TruePositive,,,Ip,Related,98799,138268,88594,160396,441377,673934,425863,453297,153085,529644,,1631,635,860,2251,3421,881,,289573,117668,3586,,,5,66,,,,0,1,90
163208758295,1421,61005,367174,2024-06-05T18:22:54.000Z,11,9,InitialAccess,T1566,BenignPositive,,,Mailbox,Impacted,98799,138268,360606,160396,55064,51151,52822,44348,153085,529644,,1631,635,860,2251,3421,881,,289573,117668,3586,,,5,66,,,,242,1445,10630
1314259996425,3,177299,627458,2024-06-14T16:13:02.000Z,3,319,SuspiciousActivity,,BenignPositive,,,Ip,Related,98799,138268,4702,160396,441377,673934,425863,453297,153085,529644,,1631,635,860,2251,3421,881,,289573,117668,3586,,,5,66,,Suspicious,Suspicious,242,1445,10630
257698041869,619,372512,1037199,2024-06-13T12:55:52.000Z,0,0,InitialAccess,T1078;T1078.004,FalsePositive,,,User,Impacted,98799,138268,360606,160396,345156,584706,408390,400121,153085,529644,,1631,635,860,2251,3421,881,,289573,117668,3586,,,5,66,,,,242,1445,10630
1142461302367,41,165704,211985,2024-06-11T06:47:18.000Z,32,2208,Exfiltration,,TruePositive,,,MailMessage,Impacted,98799,138268,360606,160396,441377,602578,425863,453297,153085,379876,,1631,635,860,2251,3421,881,,289573,117668,3586,,,5,66,,,,242,1445,10630
1503238554533,18,55388,434892,2024-06-05T03:19:58.000Z,263,7734,Exfiltration,,FalsePositive,,,Machine,Impacted,98799,138268,360606,160396,441377,673934,425863,453297,1079,529644,,1631,635,860,2251,3421,881,,289573,117668,3586,,,5,66,,,,242,1445,10630
790273984959,5,274,387679,2024-06-11T20:43:32.000Z,0,0,InitialAccess,T1078;T1078.004,TruePositive,,,CloudLogonRequest,Related,98799,138268,360606,160396,441377,673934,425863,453297,153085,529644,,1631,635,860,2251,3421,881,,289573,117668,3586,,,5,66,,,,242,1445,10630
1365799601371,192,9846,299525,2024-06-06T14:51:47.000Z,130,110,InitialAccess,,TruePositive,,,MailMessage,Related,98799,138268,360606,160396,441377,27708,425863,453297,153085,242367,,1631,635,860,2251,3421,881,,289573,117668,3586,,,5,66,,,,242,1445,10630
481036341081,194,669,1657699,2024-06-04T06:09:45.000Z,137,116,Impact,T1485,BenignPositive,,,Ip,Related,98799,138268,24,160396,441377,673934,425863,453297,153085,529644,,1631,635,860,2251,3421,881,,289573,117668,3586,,,5,66,,,,242,1445,10630
549755816383,5,286,107008,2024-06-04T22:06:01.000Z,4,3,InitialAccess,,TruePositive,,,CloudLogonRequest,Related,98799,138268,360606,160396,441377,673934,425863,453297,153085,529644,,1631,635,860,2251,3421,881,,289573,117668,3586,,,5,66,,,,242,1445,10630
111669151404,1,30,184783,2024-06-08T17:33:16.000Z,0,0,InitialAccess,T1078;T1078.004,TruePositive,,,User,Impacted,98799,138268,360606,160396,2632,3493,2638,2766,153085,529644,,1631,635,860,2251,3421,881,,289573,117668,3586,,,5,66,,,,242,1445,10630
515396078036,809,174202,680360,2024-06-12T09:03:43.000Z,73,54,InitialAccess,T1078;T1078.004,FalsePositive,,,Ip,Related,98799,138268,266481,160396,441377,673934,425863,453297,153085,529644,,1631,635,860,2251,3421,881,,289573,117668,3586,,Attacker,5,66,,,,18,1445,10630
738734379648,165,216534,707063,2024-06-12T19:09:14.000Z,2,2,CommandAndControl,,BenignPositive,,,Url,Related,98799,138268,360606,10,441377,673934,425863,453297,153085,529644,,1631,635,860,2251,3421,881,,289573,117668,3586,,,5,66,,Suspicious,Suspicious,242,1445,10630
1554778165157,14,1239,257,2024-05-24T06:20:50.000Z,41,387,Impact,,BenignPositive,,,Ip,Related,98799,138268,28465,160396,441377,673934,425863,453297,153085,529644,,1631,635,860,2251,3421,881,,289573,117668,3586,,,5,66,,,,242,1445,10630
850403528842,477,51368,798949,2024-06-10T15:56:04.000Z,635,67547,Exfiltration,,BenignPositive,,,File,Impacted,98799,138268,360606,160396,441377,673934,425863,453297,153085,529644,,1631,635,860,2251,3421,881,,266733,0,3586,,,5,66,,,,242,1445,10630
1168231106128,41,34196,52277,2024-06-05T15:07:04.000Z,32,140,Exfiltration,,TruePositive,,,File,Impacted,98799,138268,360606,160396,441377,673934,425863,453297,153085,529644,,1631,635,860,2251,3421,881,,93056,0,3586,,,5,66,,,,242,1445,10630
154618824859,13,8885,62457,2024-06-12T18:40:02.000Z,197,174,Exfiltration,,BenignPositive,,,MailMessage,Impacted,98799,138268,360606,160396,441377,670238,425863,453297,153085,69737,,1631,635,860,2251,3421,881,,289573,117668,3586,,,5,66,,,,242,1445,10630
1142461304534,12,247,467048,2024-06-06T19:13:54.000Z,74,55,CommandAndControl,T1071;T1048,BenignPositive,,,Ip,Related,98799,138268,19,160396,441377,673934,425863,453297,153085,529644,,1631,635,860,2251,3421,881,,289573,117668,3586,,,5,66,,,,242,1445,10630
171798693560,70,10714,15866,2024-06-11T08:43:16.000Z,13,11,InitialAccess,T1566,BenignPositive,,,User,Impacted,98799,138268,360606,160396,5975,2416,5979,6434,153085,529644,,1631,635,860,2251,3421,881,,289573,117668,3586,,,5,66,,,,242,1445,10630
816043791031,9,64,57670,2024-06-12T21:15:14.000Z,95,213,Exfiltration,,BenignPositive,,,Machine,Impacted,98799,138268,360606,160396,441377,673934,425863,453297,12039,529644,,1631,635,860,2251,3421,881,,289573,117668,3586,,,5,66,,,,242,1445,10630
996432414302,7,329,991,2024-05-25T17:32:20.000Z,21,1136,Impact,,FalsePositive,,,Ip,Related,98799,138268,6603,160396,441377,673934,425863,453297,153085,529644,,1631,635,860,2251,3421,881,,289573,117668,3586,,,5,66,,,,242,1445,10630
1013612283224,44,7613,5602,2024-06-11T22:58:35.000Z,50,36,Exfiltration,,BenignPositive,,,MailMessage,Impacted,98799,138268,360606,160396,441377,52367,425863,453297,153085,15578,,1631,635,860,2251,3421,881,,289573,117668,3586,,,5,66,,,,242,1445,10630
1211180781887,106,4261,128821,2024-06-06T18:42:15.000Z,2,2,CommandAndControl,,BenignPositive,,,Process,Related,98799,2,360606,160396,441377,673934,425863,453297,153085,529644,,1631,635,860,2251,3421,881,,1,1,3586,,,5,66,,Suspicious,Suspicious,242,1445,10630
472446404986,223,199175,1073063,2024-06-09T03:03:54.000Z,5,62,SuspiciousActivity,,BenignPositive,,,CloudApplication,Impacted,98799,138268,360606,160396,441377,673934,425863,453297,153085,529644,,1631,635,860,5,5,881,,289573,117668,3586,,,5,66,,,,242,1445,10630
472446405827,51,3360,136862,2024-06-17T00:20:00.000Z,39,26,Execution,T1559;T1106;T1059.005,BenignPositive,,,Machine,Impacted,2488,138268,360606,160396,441377,673934,425863,453297,4595,529644,,1631,635,860,2251,3421,881,,289573,117668,3586,,,5,66,,,,242,1445,10630
463856468967,18,235040,1569382,2024-06-15T22:49:39.000Z,9,32,Execution,,FalsePositive,,,CloudApplication,Impacted,98799,138268,360606,160396,441377,673934,425863,453297,153085,529644,,1631,635,860,4,4,881,,289573,117668,3586,,,5,66,,,,242,1445,10630
1022202217070,17,153308,28001,2024-06-07T20:16:07.000Z,20,5576,Exfiltration,,FalsePositive,,,User,Impacted,98799,138268,360606,160396,835,1126,822,884,153085,529644,,1631,635,860,2251,3421,881,,289573,117668,3586,,,5,66,,,,242,1445,10630
824633723122,150,278452,275849,2024-06-03T12:28:29.000Z,2,2,CommandAndControl,,FalsePositive,,,Url,Related,98799,138268,360606,0,441377,673934,425863,453297,153085,529644,,1631,635,860,2251,3421,881,,289573,117668,3586,,,5,66,,Suspicious,Suspicious,242,1445,10630
1649267446648,114,1040,254120,2024-06-10T15:40:39.000Z,2,2,CommandAndControl,,FalsePositive,,,User,Impacted,98799,138268,360606,160396,6123,8747,6069,6212,153085,529644,,1631,635,860,2251,3421,881,,289573,117668,3586,,,5,66,,Suspicious,Suspicious,242,1445,10630
755914248667,135,10874,4147,2024-06-06T20:06:47.000Z,468,24,CredentialAccess,T1110;T1078,BenignPositive,,,Ip,Related,98799,138268,66941,160396,441377,673934,425863,453297,153085,529644,,1631,635,860,2251,3421,881,,289573,117668,3586,,,5,66,,,,242,1445,10630
661424965391,0,392,179692,2024-06-10T11:24:39.000Z,4,3,InitialAccess,,TruePositive,,,CloudLogonRequest,Related,98799,138268,360606,160396,441377,673934,425863,453297,153085,529644,,1631,635,860,2251,3421,881,,289573,117668,3586,,,5,66,,,,242,1445,10630
154618825318,40,1055,758164,2024-06-05T20:37:49.000Z,2,2,CommandAndControl,,BenignPositive,,,Machine,Impacted,5663,138268,360606,160396,441377,673934,425863,453297,10030,529644,,1631,635,860,2251,3421,881,,289573,117668,3586,,,0,0,,Suspicious,Suspicious,242,1445,10630
300647715599,38,7166,2270,2024-06-12T13:25:28.000Z,1,1,InitialAccess,T1566.002,BenignPositive,,,User,Impacted,98799,138268,360606,160396,162660,158584,136728,147638,153085,529644,,1631,635,860,2251,3421,881,,289573,117668,3586,,,5,66,,,,242,1445,10630
266287974422,90,248,1230251,2024-06-04T09:26:20.000Z,7,6,InitialAccess,,TruePositive,,,CloudLogonRequest,Related,98799,138268,360606,160396,441377,673934,425863,453297,153085,529644,,1631,635,860,2251,3421,881,,289573,117668,3586,,,5,66,,,,242,1445,10630
403726927644,0,21,1226847,2024-06-05T20:01:11.000Z,14,12,CredentialAccess,T1110;T1110.003;T1110.001,TruePositive,,,CloudLogonRequest,Related,98799,138268,360606,160396,441377,673934,425863,453297,153085,529644,,1631,635,860,2251,3421,881,,289573,117668,3586,,,5,66,,,,242,1445,10630
670014899503,339,2978,1992,2024-06-05T19:12:04.000Z,323,33,Persistence,T1078;T1098,BenignPositive,,,User,Impacted,98799,138268,360606,160396,96872,174673,96911,108171,153085,529644,,1631,635,860,2251,3421,881,,289573,117668,3586,,,5,66,,,,242,1445,10630
730144443895,2,22670,15134,2024-06-11T05:25:53.000Z,15,13,Exfiltration,,BenignPositive,,,User,Impacted,98799,138268,360606,160396,15896,2362,15680,16616,153085,529644,,1631,635,860,2251,3421,881,,289573,117668,3586,,,5,66,,,,242,1445,10630
901943134191,19,647,2060,2024-05-28T23:37:24.000Z,23,16,CommandAndControl,,BenignPositive,,,Ip,Related,98799,138268,2550,160396,441377,673934,425863,453297,153085,529644,,1631,635,860,2251,3421,881,,289573,117668,3586,,,5,66,,,,242,1445,10630
1211180781657,704,24178,242121,2024-06-14T00:42:15.000Z,1,1,InitialAccess,T1566.002,TruePositive,,,MailMessage,Related,98799,138268,360606,160396,441377,39054,425863,453297,153085,132855,,1631,635,860,2251,3421,881,,289573,117668,3586,,,5,66,,,,242,1445,10630
1700807053988,4,388,1711,2024-05-21T08:49:09.000Z,8,7,InitialAccess,T1133,FalsePositive,,,Machine,Impacted,98799,138268,360606,160396,441377,673934,425863,453297,118,529644,,1631,635,860,2251,3421,881,,289573,117668,3586,,,5,66,,,,242,1445,10630
1408749273711,558,129651,580047,2024-06-11T02:37:47.000Z,330,443,DefenseEvasion,T1078;T1078.004,TruePositive,,,Ip,Related,98799,138268,58512,160396,441377,673934,425863,453297,153085,529644,,1631,635,860,2251,3421,881,,289573,117668,3586,,Attacker,5,66,,,,242,1445,10630
171798695839,128,437,1149783,2024-06-03T05:28:59.000Z,139,120,InitialAccess,T1566.002,TruePositive,,,User,Impacted,98799,138268,360606,160396,2012,1340,1990,2128,153085,529644,,1631,635,860,2251,3421,881,,289573,117668,3586,,,5,66,,,,242,1445,10630
1460288884566,14,630,32309,2024-05-29T10:50:29.000Z,143,117,Impact,,TruePositive,,,Ip,Related,98799,138268,14405,160396,441377,673934,425863,453297,153085,529644,,1631,635,860,2251,3421,881,,289573,117668,3586,,,5,66,,,,242,1445,10630
188978563521,5,29,1047163,2024-06-04T02:45:08.000Z,4,3,InitialAccess,,TruePositive,,,Ip,Related,98799,138268,35040,160396,441377,673934,425863,453297,153085,529644,,1631,635,860,2251,3421,881,,289573,117668,3586,,,5,66,,,,34,1445,10630
42949677169,420,46630,37182,2024-06-10T06:19:49.000Z,1,1,InitialAccess,T1566.002,BenignPositive,,,Url,Related,98799,138268,360606,31464,441377,673934,425863,453297,153085,529644,,1631,635,860,2251,3421,881,,289573,117668,3586,,,5,66,,,Malicious,242,1445,10630
128849022801,14,2167,55,2024-05-26T20:19:53.000Z,41,89,Impact,,TruePositive,,,Ip,Related,98799,138268,116,160396,441377,673934,425863,453297,153085,529644,,1631,635,860,2251,3421,881,,289573,117668,3586,,,5,66,,,,242,1445,10630
541165882047,29,13347,9039,2024-06-10T03:04:51.000Z,101,78,CredentialAccess,,BenignPositive,,,User,Impacted,98799,138268,360606,160396,441377,673934,425863,8425,153085,529644,,1631,635,860,2251,3421,881,,289573,117668,3586,,,5,66,,,,242,1445,10630
68719478487,0,79,972560,2024-06-05T05:48:12.000Z,4,3,InitialAccess,,TruePositive,,,Ip,Related,98799,138268,6899,160396,441377,673934,425863,453297,153085,529644,,1631,635,860,2251,3421,881,,289573,117668,3586,,,5,66,,,,0,1,1
1546188230090,35,165,808878,2024-06-04T04:21:34.000Z,4,3,InitialAccess,,TruePositive,,,CloudLogonRequest,Related,98799,138268,360606,160396,441377,673934,425863,453297,153085,529644,,1631,635,860,2251,3421,881,,289573,117668,3586,,,5,66,,,,242,1445,10630
403726927644,0,21,489015,2024-06-05T15:48:20.000Z,7,6,InitialAccess,,TruePositive,,,CloudLogonRequest,Related,98799,138268,360606,160396,441377,673934,425863,453297,153085,529644,,1631,635,860,2251,3421,881,,289573,117668,3586,,,5,66,,,,242,1445,10630
506806141937,56,55184,14623,2024-06-12T22:13:02.000Z,1,1,InitialAccess,T1566.002,TruePositive,,,MailMessage,Related,98799,138268,360606,160396,441377,9874,425863,453297,153085,236646,,1631,635,860,2251,3421,881,,289573,117668,3586,,,5,66,,,,242,1445,10630
1486058687607,154,43510,138778,2024-06-15T03:57:40.000Z,1,1,InitialAccess,T1566.002,BenignPositive,,,Url,Related,98799,138268,360606,90791,441377,673934,425863,453297,153085,529644,,1631,635,860,2251,3421,881,,289573,117668,3586,,,5,66,,,Malicious,242,1445,10630
970662610425,88,29257,56603,2024-06-13T01:35:25.000Z,58,43,Exfiltration,,FalsePositive,,,MailMessage,Impacted,98799,138268,360606,160396,441377,12934,425863,453297,153085,529644,,1631,635,860,2251,3421,881,,289573,117668,3586,,,5,66,,,,242,1445,10630
1314259996924,859,63296,1379038,2024-06-07T01:38:11.000Z,5,80,SuspiciousActivity,,TruePositive,,,User,Impacted,98799,138268,360606,160396,107544,189683,115461,116058,153085,529644,,1631,635,860,2251,3421,881,,289573,117668,3586,,,5,66,,,,242,1445,10630
395136996297,197,207381,351401,2024-06-12T06:14:24.000Z,3,346,SuspiciousActivity,,TruePositive,,,Machine,Impacted,35949,138268,360606,160396,441377,673934,425863,453297,50096,529644,,1631,635,860,2251,3421,881,,289573,117668,3586,,,5,66,,Suspicious,Suspicious,242,1445,10630
1168231106198,1,357,309864,2024-06-10T13:00:55.000Z,0,0,InitialAccess,T1078;T1078.004,TruePositive,,,User,Impacted,98799,138268,360606,160396,6550,9562,6587,7063,153085,529644,,1631,635,860,2251,3421,881,,289573,117668,3586,,,5,66,,,,242,1445,10630
317827583860,14,3424,2760,2024-05-24T17:49:30.000Z,29,20,Impact,,TruePositive,,,Ip,Related,98799,138268,6786,160396,441377,673934,425863,453297,153085,529644,,1631,635,860,2251,3421,881,,289573,117668,3586,,,5,66,,,,242,1445,10630
498216208735,48,203021,1416763,2024-06-14T14:35:05.000Z,9,45,Execution,,BenignPositive,,,File,Related,98799,133344,360606,160396,441377,673934,425863,453297,153085,529644,,1631,635,860,2251,3421,881,,187839,117668,3586,,,5,66,,,,242,1445,10630
618475295031,92,27244,17305,2024-06-05T20:14:52.000Z,1,1,InitialAccess,T1566.002,BenignPositive,,,Url,Related,98799,138268,360606,19055,441377,673934,425863,453297,153085,529644,,1631,635,860,2251,3421,881,,289573,117668,3586,,,5,66,,,Malicious,242,1445,10630
506806144105,154,81372,234843,2024-06-15T02:20:16.000Z,1,1,InitialAccess,T1566.002,BenignPositive,,,Url,Related,98799,138268,360606,997,441377,673934,425863,453297,153085,529644,,1631,635,860,2251,3421,881,,289573,117668,3586,,,5,66,,,Malicious,242,1445,10630
687194772270,226,162,1320108,2024-06-07T03:08:32.000Z,0,0,InitialAccess,T1078;T1078.004,TruePositive,,,CloudLogonRequest,Related,98799,138268,360606,160396,441377,673934,425863,453297,153085,529644,,1631,635,860,2251,3421,881,,289573,117668,3586,,,5,66,,,,242,1445,10630
1511828491768,168,1344,1159053,2024-06-11T15:26:36.000Z,151,17979,InitialAccess,T1078,FalsePositive,,,User,Impacted,98799,138268,360606,160396,40834,69315,40075,43523,153085,529644,,1631,635,860,2251,3421,881,,289573,117668,3586,,,5,66,,,,242,1445,10630
1494648624062,83,244025,478406,2024-06-13T17:09:05.000Z,60,12720,Exfiltration,,BenignPositive,,,MailMessage,Impacted,98799,138268,360606,160396,441377,234979,425863,453297,153085,106360,,1631,635,860,2251,3421,881,,289573,117668,3586,,,5,66,,,,242,1445,10630
523986011867,70,23995,11601,2024-06-09T04:14:51.000Z,1,1,InitialAccess,T1566.002,BenignPositive,,,Url,Related,98799,138268,360606,4609,441377,673934,425863,453297,153085,529644,,1631,635,860,2251,3421,881,,289573,117668,3586,,,5,66,,,Malicious,242,1445,10630
352187320015,0,122,945354,2024-06-13T01:55:44.000Z,0,0,InitialAccess,T1078;T1078.004,TruePositive,,,User,Impacted,98799,138268,360606,160396,4890,6846,4945,5234,153085,529644,,1631,635,860,2251,3421,881,,289573,117668,3586,,,5,66,,,,242,1445,10630
695784702658,217,73995,1615516,2024-06-04T01:51:09.000Z,500,542,Discovery,,BenignPositive,,,Ip,Related,98799,138268,146627,160396,441377,673934,425863,453297,153085,529644,,1631,635,860,2251,3421,881,,289573,117668,3586,,,5,66,,,,242,1445,10630
1443109014894,2,37921,426316,2024-06-05T13:30:00.000Z,1015,1763,SuspiciousActivity,T1087;T1204.001,BenignPositive,,,File,Related,98799,4103,360606,160396,441377,673934,425863,453297,153085,529644,,1631,635,860,2251,3421,881,BloodHound,1385,15677,3586,,,5,66,,Suspicious,Malicious,242,1445,10630
1632087574518,31,516,57754,2024-06-05T19:39:18.000Z,89,2589,Exfiltration,,BenignPositive,,,User,Impacted,98799,138268,360606,160396,5777,1777,5761,6247,153085,529644,,1631,635,860,2251,3421,881,,289573,117668,3586,,,5,66,,,,242,1445,10630
566935684727,1,54,388893,2024-06-05T07:00:23.000Z,0,0,InitialAccess,T1078;T1078.004,TruePositive,,,Ip,Related,98799,138268,4792,160396,441377,673934,425863,453297,153085,529644,,1631,635,860,2251,3421,881,,289573,117668,3586,,,5,66,,,,3,26,27
644245097468,55,316709,743783,2024-06-04T18:27:25.000Z,2,2,CommandAndControl,,TruePositive,,,User,Impacted,98799,138268,360606,160396,62988,101563,61248,65028,153085,529644,,1631,635,860,2251,3421,881,,289573,117668,3586,,,5,66,,Suspicious,Suspicious,242,1445,10630
412316862408,227,55767,51017,2024-06-12T03:48:54.000Z,1,1,InitialAccess,T1566.002,TruePositive,,,Url,Related,98799,138268,360606,3845,441377,673934,425863,453297,153085,529644,,1631,635,860,2251,3421,881,,289573,117668,3586,,,5,66,,,Malicious,242,1445,10630
575525621222,2,100710,159582,2024-06-09T02:46:52.000Z,1,1,InitialAccess,T1566.002,BenignPositive,,,MailMessage,Related,98799,138268,360606,160396,441377,17930,425863,453297,153085,174011,,1631,635,860,2251,3421,881,,289573,117668,3586,,,5,66,Inbound,,Malicious,242,1445,10630
1374389535071,181,13564,40987,2024-06-06T22:35:52.000Z,28,19,InitialAccess,T1566,BenignPositive,,,User,Impacted,98799,138268,360606,160396,3673,1721,3662,3855,153085,529644,,1631,635,860,2251,3421,881,,289573,117668,3586,,,5,66,,,,242,1445,10630
274877907410,77,174469,1009123,2024-06-04T04:34:00.000Z,0,0,InitialAccess,T1078;T1078.004,FalsePositive,,,Ip,Related,98799,138268,232880,160396,441377,673934,425863,453297,153085,529644,,1631,635,860,2251,3421,881,,289573,117668,3586,,,5,66,,,,34,482,1528
283467845578,20,1901,2425,2024-05-25T09:13:09.000Z,117,95,Impact,,BenignPositive,,,Ip,Related,98799,138268,3666,160396,441377,673934,425863,453297,153085,529644,,1631,635,860,2251,3421,881,,289573,117668,3586,,,5,66,,,,242,1445,10630
1460288884900,30,209724,355759,2024-06-05T17:33:05.000Z,37,7721,Exfiltration,,FalsePositive,,,MailMessage,Impacted,98799,138268,360606,160396,441377,53630,425863,453297,153085,92558,,1631,635,860,2251,3421,881,,289573,117668,3586,,,5,66,,,,242,1445,10630
1116691500544,1111,93527,954019,2024-06-07T01:12:40.000Z,0,0,InitialAccess,T1078;T1078.004,FalsePositive,,,User,Impacted,98799,138268,360606,160396,310654,439511,246509,306791,153085,529644,,1631,635,860,2251,3421,881,,289573,117668,3586,,,5,66,,,,242,1445,10630
678604835528,8,54974,197284,2024-06-08T01:21:48.000Z,3,4,SuspiciousActivity,,TruePositive,,,Ip,Related,98799,138268,5577,160396,441377,673934,425863,453297,153085,529644,,1631,635,860,2251,3421,881,,289573,117668,3586,,,5,66,,Suspicious,Suspicious,242,1445,10630
412316862879,1142,18287,1525608,2024-06-06T02:53:06.000Z,25,17,InitialAccess,,BenignPositive,,,MailMessage,Related,98799,138268,360606,160396,441377,53625,425863,453297,153085,474038,,1631,635,860,2251,3421,881,,289573,117668,3586,,,5,66,,,,242,1445,10630
1219770713645,21,414,607369,2024-06-05T06:29:55.000Z,3,4,SuspiciousActivity,,BenignPositive,,,User,Impacted,98799,138268,360606,160396,2030,2699,2036,2135,153085,529644,,1631,635,860,2251,3421,881,,289573,117668,3586,,,5,66,,Suspicious,Suspicious,242,1445,10630
764504183678,1659,44363,150510,2024-06-05T08:22:23.000Z,10,8,InitialAccess,T1566.001,TruePositive,,,User,Impacted,98799,138268,360606,160396,8415,6632,8544,9061,153085,529644,,1631,635,860,2251,3421,881,,289573,117668,3586,,,5,66,,,,242,1445,10630
1082331762713,10,2345,80,2024-05-22T07:36:54.000Z,12,494,Impact,,TruePositive,,,Ip,Related,98799,138268,84540,160396,441377,673934,425863,453297,153085,529644,,1631,635,860,2251,3421,881,,289573,117668,3586,,,5,66,,,,242,1445,10630
1511828490659,5,40,907812,2024-06-12T22:46:16.000Z,4,3,InitialAccess,,TruePositive,,,Ip,Related,98799,138268,95337,160396,441377,673934,425863,453297,153085,529644,,1631,635,860,2251,3421,881,,289573,117668,3586,,,5,66,,,,33,130,145
343597385541,0,140,186098,2024-06-11T10:25:58.000Z,0,0,InitialAccess,T1078;T1078.004,TruePositive,,,CloudLogonRequest,Related,98799,138268,360606,160396,441377,673934,425863,453297,153085,529644,,1631,635,860,2251,3421,881,,289573,117668,3586,,,5,66,,,,242,1445,10630
635655162655,34,331089,772944,2024-06-10T00:24:30.000Z,2,2,CommandAndControl,,BenignPositive,,,User,Impacted,98799,138268,360606,160396,255934,357702,248536,230726,153085,529644,,1631,635,860,2251,3421,881,,289573,117668,3586,,,5,66,,Suspicious,Suspicious,242,1445,10630
618475292625,19,5999,3985,2024-06-06T02:58:14.000Z,23,16,CommandAndControl,,BenignPositive,,,Url,Related,98799,138268,360606,252,441377,673934,425863,453297,153085,529644,,1631,635,860,2251,3421,881,,289573,117668,3586,,,5,66,,,,242,1445,10630
1133871367943,0,218,168782,2024-06-05T22:55:40.000Z,0,0,InitialAccess,T1078;T1078.004,TruePositive,,,Ip,Related,98799,138268,3,160396,441377,673934,425863,453297,153085,529644,,1631,635,860,2251,3421,881,,289573,117668,3586,,,5,66,,,,4,4,12
1477468754664,38,203697,708254,2024-06-13T13:35:37.000Z,2,2,CommandAndControl,,BenignPositive,,,Machine,Impacted,29403,138268,360606,160396,441377,673934,425863,453297,41675,529644,,1631,635,860,2251,3421,881,,289573,117668,3586,,,0,0,,Suspicious,Suspicious,242,1445,10630
1125281435306,3,24597,246213,2024-06-04T11:39:40.000Z,2,2,CommandAndControl,,BenignPositive,,,User,Impacted,98799,138268,360606,160396,62119,101165,63723,62153,153085,529644,,1631,635,860,2251,3421,881,,289573,117668,3586,,,5,66,,Suspicious,Suspicious,242,1445,10630
704374641538,4,2586,425,2024-05-25T16:40:02.000Z,8,7,InitialAccess,T1133,FalsePositive,,,Machine,Impacted,98799,138268,360606,160396,441377,673934,425863,453297,140,529644,,1631,635,860,2251,3421,881,,289573,117668,3586,,,5,66,,,,242,1445,10630
206158431405,16,150949,353879,2024-06-14T12:57:45.000Z,24,37,Exfiltration,,BenignPositive,,,MailMessage,Impacted,98799,138268,360606,160396,441377,181287,425863,453297,153085,262818,,1631,635,860,2251,3421,881,,289573,117668,3586,,,5,66,,,,242,1445,10630
292057781047,137,18866,237382,2024-06-11T00:16:47.000Z,47,30,InitialAccess,T1566.002,BenignPositive,,,Mailbox,Impacted,98799,138268,360606,160396,182957,149026,187817,183179,153085,529644,,1631,635,860,2251,3421,881,,289573,117668,3586,,,5,66,,,NoThreatsFound,242,1445,10630
1666447313281,113,125646,1645580,2024-06-15T18:58:31.000Z,82,60,InitialAccess,,TruePositive,,,Url,Related,98799,138268,360606,128908,441377,673934,425863,453297,153085,529644,,1631,635,860,2251,3421,881,,289573,117668,3586,,,5,66,,,,242,1445,10630
627065225597,64,11737,12758,2024-06-16T12:52:19.000Z,83,61,InitialAccess,T1190,BenignPositive,,,Ip,Related,98799,138268,6886,160396,441377,673934,425863,453297,153085,529644,,1631,635,860,2251,3421,881,,289573,117668,3586,,,5,66,,,,242,1445,10630
8589936362,0,748,179605,2024-06-10T18:15:10.000Z,0,0,InitialAccess,T1078;T1078.004,TruePositive,,,CloudLogonSession,Related,98799,138268,360606,160396,441377,673934,425863,453297,153085,529644,,1631,635,860,2251,3421,881,,289573,117668,3586,,,5,66,,,,242,1445,10630
996432417254,273,8568,7753,2024-06-05T06:30:59.000Z,1,1,InitialAccess,T1566.002,BenignPositive,,,User,Impacted,98799,138268,360606,160396,40996,43045,39920,38868,153085,529644,,1631,635,860,2251,3421,881,,289573,117668,3586,,,5,66,,,,242,1445,10630
1614907708073,9,160,34728,2024-06-14T00:37:09.000Z,40,14667,Exfiltration,,BenignPositive,,,MailMessage,Impacted,98799,138268,360606,160396,441377,64271,425863,453297,153085,13262,,1631,635,860,2251,3421,881,,289573,117668,3586,,,5,66,,,,242,1445,10630
1529008361456,10,178,177,2024-05-25T09:52:19.000Z,12,41,Impact,,TruePositive,,,Ip,Related,98799,138268,4064,160396,441377,673934,425863,453297,153085,529644,,1631,635,860,2251,3421,881,,289573,117668,3586,,,5,66,,,,242,1445,10630
661424968454,4,1924,498,2024-05-28T09:33:05.000Z,8,7,InitialAccess,T1133,FalsePositive,,,Machine,Impacted,98799,138268,360606,160396,441377,673934,425863,453297,353,529644,,1631,635,860,2251,3421,881,,289573,117668,3586,,,5,66,,,,242,1445,10630
1331439863466,7,3434,860,2024-05-30T16:18:49.000Z,22,10,Impact,,FalsePositive,,,Ip,Related,98799,138268,1073,160396,441377,673934,425863,453297,153085,529644,,1631,635,860,2251,3421,881,,289573,117668,3586,,,5,66,,,,242,1445,10630
1623497641409,1038,178109,989910,2024-06-04T11:36:28.000Z,0,0,InitialAccess,T1078;T1078.004,FalsePositive,,,User,Impacted,98799,138268,360606,160396,281442,347867,222684,221698,153085,529644,,1631,635,860,2251,3421,881,,289573,117668,3586,,,5,66,,,,242,1445,10630
1374389539213,53,161,231,2024-06-04T06:41:18.000Z,61,44,InitialAccess,T1190;T1133,FalsePositive,,,Ip,Related,98799,138268,150937,160396,441377,673934,425863,453297,153085,529644,,1631,635,860,2251,3421,881,,289573,117668,3586,,,5,66,,,,242,1445,10630
128849021717,792,2249,1620447,2024-06-08T21:58:26.000Z,558,609,InitialAccess,,FalsePositive,,,User,Impacted,98799,138268,360606,160396,158253,224256,132988,48055,153085,529644,,1631,635,860,2251,3421,881,,289573,117668,3586,,,5,66,,,,242,1445,10630
1683627182429,206,200878,966579,2024-06-05T21:06:35.000Z,4,3,InitialAccess,,FalsePositive,,,User,Impacted,98799,138268,360606,160396,180601,254361,198894,178997,153085,529644,,1631,635,860,2251,3421,881,,289573,117668,3586,,,5,66,,,,242,1445,10630
1030792152765,145,42662,66095,2024-06-12T18:23:02.000Z,6,5,InitialAccess,T1566,TruePositive,,,Ip,Related,98799,138268,4384,160396,441377,673934,425863,453297,153085,529644,,1631,635,860,2251,3421,881,,289573,117668,3586,,,5,66,,,NoThreatsFound,242,1445,10630
584115553226,18,573618,1080147,2024-06-13T21:06:17.000Z,9,47,Execution,,FalsePositive,,,CloudApplication,Impacted,98799,138268,360606,160396,441377,673934,425863,453297,153085,529644,,1631,635,860,4,4,881,,289573,117668,3586,,,5,66,,,,242,1445,10630
60129544247,49,883,247756,2024-06-08T04:34:27.000Z,2,2,CommandAndControl,,TruePositive,,,User,Impacted,98799,138268,360606,160396,18984,30899,18442,20311,153085,529644,,1631,635,860,2251,3421,881,,289573,117668,3586,,,5,66,,Suspicious,Suspicious,242,1445,10630
781684048216,379,13797,3478,2024-06-05T11:02:26.000Z,28,19,InitialAccess,T1566,FalsePositive,,,User,Impacted,98799,138268,360606,160396,101501,101253,92857,6921,153085,529644,,1631,635,860,2251,3421,881,,289573,117668,3586,,,5,66,,,,242,1445,10630
257698041457,168,62868,670277,2024-06-06T11:36:22.000Z,151,14178,InitialAccess,T1078,FalsePositive,,,User,Impacted,98799,138268,360606,160396,27664,46130,27439,29512,153085,529644,,1631,635,860,2251,3421,881,,289573,117668,3586,,,5,66,,,,242,1445,10630
1133871368193,19,4159,4350,2024-05-31T08:51:26.000Z,23,16,CommandAndControl,,BenignPositive,,,Url,Related,98799,138268,360606,267,441377,673934,425863,453297,153085,529644,,1631,635,860,2251,3421,881,,289573,117668,3586,,,5,66,,,,242,1445,10630
627065228118,449,1375,383897,2024-06-05T16:56:45.000Z,0,0,InitialAccess,T1078;T1078.004,FalsePositive,,,CloudLogonSession,Related,98799,138268,360606,160396,441377,673934,425863,453297,153085,529644,,1631,635,860,2251,3421,881,,289573,117668,3586,,,5,66,,,,242,1445,10630
25769805660,87,263154,207894,2024-06-05T17:54:12.000Z,2,2,CommandAndControl,,FalsePositive,,,Url,Related,98799,138268,360606,91810,441377,673934,425863,453297,153085,529644,,1631,635,860,2251,3421,881,,289573,117668,3586,,,5,66,,Suspicious,Suspicious,242,1445,10630
489626274253,2648,103534,1574736,2024-06-11T14:19:48.000Z,133,422,Malware,,TruePositive,,,Machine,Impacted,49463,138268,360606,160396,441377,673934,425863,453297,89688,529644,,1631,635,860,2251,3421,881,,289573,117668,3586,,,0,1,,Suspicious,Suspicious,242,1445,10630
472446405241,40,315127,776711,2024-06-11T12:00:05.000Z,2,2,CommandAndControl,,BenignPositive,,,User,Impacted,98799,138268,360606,160396,290497,424179,221931,244634,153085,529644,,1631,635,860,2251,3421,881,,289573,117668,3586,,,5,66,,Suspicious,Suspicious,242,1445,10630
283467843350,0,367,43108,2024-06-04T21:57:16.000Z,0,0,InitialAccess,T1078;T1078.004,TruePositive,,,User,Impacted,98799,138268,360606,160396,1199,1631,1193,1262,153085,529644,,1631,635,860,2251,3421,881,,289573,117668,3586,,,5,66,,,,242,1445,10630
1133871367999,45,11421,368280,2024-06-11T15:59:42.000Z,6,5,InitialAccess,T1566,FalsePositive,,,MailMessage,Related,98799,138268,360606,160396,441377,1,425863,453297,153085,68472,,1631,635,860,2251,3421,881,,289573,117668,3586,,,5,66,,,,242,1445,10630
1425929145077,242,38825,66751,2024-06-05T20:28:59.000Z,219,196,InitialAccess,,TruePositive,,,Mailbox,Impacted,98799,138268,360606,160396,12718,16963,12846,13766,153085,529644,,1631,635,860,2251,3421,881,,289573,117668,3586,,,5,66,,,Malicious,242,1445,10630
867583394570,2598,44395,991984,2024-06-10T20:20:28.000Z,0,0,InitialAccess,T1078;T1078.004,FalsePositive,,,Ip,Related,98799,138268,307771,160396,441377,673934,425863,453297,153085,529644,,1631,635,860,2251,3421,881,,289573,117668,3586,,,5,66,,,,0,1,614
1451698950823,137,6069,6491,2024-06-09T11:21:05.000Z,401,24,CredentialAccess,T1110;T1078,BenignPositive,,,User,Impacted,98799,138268,360606,160396,110440,114021,117195,116282,153085,529644,,1631,635,860,2251,3421,881,,289573,117668,3586,,,5,66,,,,242,1445,10630
944892806904,1247,53034,1147330,2024-06-03T18:11:14.000Z,3270,13424,InitialAccess,,,ContainAccount,change user password.,User,Impacted,98799,138268,360606,160396,25884,41006,25768,27250,153085,529644,,1631,635,860,2251,3421,881,,289573,117668,3586,,,5,66,,,,242,1445,10630
549755814285,64,3271,17074,2024-06-10T09:05:52.000Z,83,61,InitialAccess,T1190,BenignPositive,,,Ip,Related,98799,138268,6713,160396,441377,673934,425863,453297,153085,529644,,1631,635,860,2251,3421,881,,289573,117668,3586,,,5,66,,,,242,1445,10630
532575947844,74,20929,50970,2024-06-13T02:24:22.000Z,1,1,InitialAccess,T1566.002,TruePositive,,,MailMessage,Related,98799,138268,360606,160396,441377,4075,425863,453297,153085,14299,,1631,635,860,2251,3421,881,,289573,117668,3586,,,5,66,Inbound,,Malicious,242,1445,10630
60129546146,14,3925,2901,2024-05-23T06:14:13.000Z,29,20,Impact,,TruePositive,,,Ip,Related,98799,138268,140,160396,441377,673934,425863,453297,153085,529644,,1631,635,860,2251,3421,881,,289573,117668,3586,,,5,66,,,,242,1445,10630
197568497187,41,245702,478184,2024-06-07T22:11:28.000Z,32,55961,Exfiltration,,TruePositive,,,File,Impacted,98799,138268,360606,160396,441377,673934,425863,453297,153085,529644,,1631,635,860,2251,3421,881,,36976,0,3586,,,5,66,,,,242,1445,10630
1039382088939,62,489336,1420498,2024-06-16T01:53:31.000Z,5,39,SuspiciousActivity,,TruePositive,,,CloudApplication,Impacted,98799,138268,360606,160396,441377,673934,425863,453297,153085,529644,,1631,635,860,0,0,881,,289573,117668,3586,,,5,66,,,,242,1445,10630
1133871367943,0,218,105927,2024-06-05T04:35:13.000Z,4,3,InitialAccess,,TruePositive,,,Ip,Related,98799,138268,27486,160396,441377,673934,425863,453297,153085,529644,,1631,635,860,2251,3421,881,,289573,117668,3586,,,5,66,,,,5,1445,10630
1623497640705,29,22613,16924,2024-06-04T09:43:29.000Z,101,78,CredentialAccess,,BenignPositive,,,User,Impacted,98799,138268,360606,160396,441377,673934,425863,21786,153085,529644,,1631,635,860,2251,3421,881,,289573,117668,3586,,,5,66,,,,242,1445,10630
824633724678,3,164191,598529,2024-06-06T01:40:23.000Z,2,2,CommandAndControl,,BenignPositive,,,Process,Related,98799,3,360606,160396,441377,673934,425863,453297,153085,529644,,1631,635,860,2251,3421,881,,1,1,3586,,,5,66,,Suspicious,Suspicious,242,1445,10630
1494648624140,162,166678,1474916,2024-06-13T14:28:50.000Z,25,17,InitialAccess,,TruePositive,,,MailMessage,Related,98799,138268,360606,160396,441377,5103,425863,453297,153085,385101,,1631,635,860,2251,3421,881,,289573,117668,3586,,,5,66,,,,242,1445,10630
1692217115719,47,8290,5419,2024-06-08T18:22:20.000Z,57,29,CommandAndControl,T1046;T1071;T1210,FalsePositive,,,Url,Related,98799,138268,360606,440,441377,673934,425863,453297,153085,529644,,1631,635,860,2251,3421,881,,289573,117668,3586,,,5,66,,,,242,1445,10630
549755816383,5,286,35537,2024-06-05T03:21:32.000Z,0,0,InitialAccess,T1078;T1078.004,TruePositive,,,CloudLogonSession,Related,98799,138268,360606,160396,441377,673934,425863,453297,153085,529644,,1631,635,860,2251,3421,881,,289573,117668,3586,,,5,66,,,,242,1445,10630
1262720387053,364,29545,602061,2024-06-13T16:02:14.000Z,87,280,Discovery,T1007;T1059.001,BenignPositive,,,Machine,Impacted,20087,138268,360606,160396,441377,673934,425863,453297,26516,529644,,1631,635,860,2251,3421,881,,289573,117668,3586,,,0,0,,Suspicious,Suspicious,242,1445,10630
893353200997,2,16072,4924,2024-06-05T06:45:47.000Z,18,14,Exfiltration,,BenignPositive,,,MailMessage,Impacted,98799,138268,360606,160396,441377,5,425863,453297,153085,9106,,1631,635,860,2251,3421,881,,289573,117668,3586,,,5,66,,,,242,1445,10630
360777254166,44,26478,23180,2024-06-14T14:19:53.000Z,50,36,Exfiltration,,BenignPositive,,,MailMessage,Impacted,98799,138268,360606,160396,441377,1919,425863,453297,153085,149604,,1631,635,860,2251,3421,881,,289573,117668,3586,,,5,66,,,,242,1445,10630
1056561955589,772,40446,1192662,2024-06-04T01:24:35.000Z,100,77,InitialAccess,,FalsePositive,,,Ip,Related,98799,138268,209781,160396,441377,673934,425863,453297,153085,529644,,1631,635,860,2251,3421,881,,289573,117668,3586,,,5,66,,,,0,73,5712
94489284415,12,1676,1235,2024-05-25T08:36:02.000Z,16,69,Impact,,BenignPositive,,,Ip,Related,98799,138268,2397,160396,441377,673934,425863,453297,153085,529644,,1631,635,860,2251,3421,881,,289573,117668,3586,,,5,66,,,,242,1445,10630
1073741824032,6,2473,30,2024-05-26T21:36:31.000Z,17,58,Impact,,BenignPositive,,,Ip,Related,98799,138268,7732,160396,441377,673934,425863,453297,153085,529644,,1631,635,860,2251,3421,881,,289573,117668,3586,,,5,66,,,,242,1445,10630
489626275781,208,526,90082,2024-06-10T16:58:14.000Z,114,92,CredentialAccess,T1003;T1005;T1119;T1539;T1550.004;T1552.001;T1555.003;T1555.004,FalsePositive,,,File,Related,98799,138268,360606,160396,441377,673934,425863,453297,153085,529644,,1631,635,860,2251,3421,881,,20,5322,3586,,,5,66,,Suspicious,Suspicious,242,1445,10630
1168231107381,29,20664,15307,2024-06-11T13:12:13.000Z,101,78,CredentialAccess,,BenignPositive,,,User,Impacted,98799,138268,360606,160396,441377,673934,425863,22472,153085,529644,,1631,635,860,2251,3421,881,,289573,117668,3586,,,5,66,,,,242,1445,10630
223338303178,606,925,25,2024-06-04T18:24:56.000Z,27,18,Discovery,T1087;T1087.002,TruePositive,,,User,Impacted,98799,138268,360606,160396,412464,644786,321022,435967,153085,529644,,1631,635,860,2251,3421,881,,289573,117668,3586,,Suspicious,5,66,,,,242,1445,10630
369367189011,41,15107,10209,2024-06-12T13:13:16.000Z,32,3432,Exfiltration,,TruePositive,,,MailMessage,Impacted,98799,138268,360606,160396,441377,240776,425863,453297,153085,1325,,1631,635,860,2251,3421,881,,289573,117668,3586,,,5,66,,,,242,1445,10630
1434519077916,47,9085,7130,2024-05-23T06:49:53.000Z,71,4139,Impact,,FalsePositive,,,Ip,Related,98799,138268,269,160396,441377,673934,425863,453297,153085,529644,,1631,635,860,2251,3421,881,,289573,117668,3586,,,5,66,,,,242,1445,10630
962072675970,1,320,86629,2024-06-02T09:18:12.000Z,7,6,InitialAccess,,TruePositive,,,User,Impacted,98799,138268,360606,160396,3191,4253,3197,3356,153085,529644,,1631,635,860,2251,3421,881,,289573,117668,3586,,,5,66,,,,242,1445,10630
1640677509329,13,73257,70412,2024-06-10T18:21:56.000Z,349,359,Exfiltration,,BenignPositive,,,MailMessage,Impacted,98799,138268,360606,160396,441377,64649,425863,453297,153085,82757,,1631,635,860,2251,3421,881,,289573,117668,3586,,,5,66,,,,242,1445,10630
953482743665,108,30783,21463,2024-06-03T06:09:18.000Z,1,1,InitialAccess,T1566.002,BenignPositive,,,Url,Related,98799,138268,360606,32007,441377,673934,425863,453297,153085,529644,,1631,635,860,2251,3421,881,,289573,117668,3586,,,5,66,,,Malicious,242,1445,10630
1013612286364,551,40102,190169,2024-06-03T03:45:50.000Z,3,4,SuspiciousActivity,,BenignPositive,,,Machine,Impacted,16713,138268,360606,160396,441377,673934,425863,453297,24619,529644,,1631,635,860,2251,3421,881,,289573,117668,3586,,,5,66,,Suspicious,,242,1445,10630
257698039604,0,129,320179,2024-06-08T12:29:45.000Z,0,0,InitialAccess,T1078;T1078.004,TruePositive,,,CloudLogonRequest,Related,98799,138268,360606,160396,441377,673934,425863,453297,153085,529644,,1631,635,860,2251,3421,881,,289573,117668,3586,,,5,66,,,,242,1445,10630
1262720389757,103,51341,31819,2024-06-04T18:57:47.000Z,11,9,InitialAccess,T1566,BenignPositive,,,User,Impacted,98799,138268,360606,160396,169104,170357,156144,162481,153085,529644,,1631,635,860,2251,3421,881,,289573,117668,3586,,,5,66,,,,242,1445,10630
901943136270,20,1815,119,2024-05-23T14:05:51.000Z,59,10,Impact,,FalsePositive,,,Ip,Related,98799,138268,2869,160396,441377,673934,425863,453297,153085,529644,,1631,635,860,2251,3421,881,,289573,117668,3586,,,5,66,,,,242,1445,10630
472446404541,23,355,535487,2024-06-03T14:55:17.000Z,19,15,InitialAccess,,TruePositive,,,CloudLogonRequest,Related,98799,138268,360606,160396,441377,673934,425863,453297,153085,529644,,1631,635,860,2251,3421,881,,289573,117668,3586,,,5,66,,,,242,1445,10630
541165882619,97,115898,45978,2024-06-09T03:20:30.000Z,1,1,InitialAccess,T1566.002,TruePositive,,,Url,Related,98799,138268,360606,1556,441377,673934,425863,453297,153085,529644,,1631,635,860,2251,3421,881,,289573,117668,3586,,,5,66,,,Malicious,242,1445,10630
1022202218697,13,13416,9431,2024-06-13T17:09:06.000Z,34,3051,Exfiltration,,BenignPositive,,,File,Impacted,98799,686,360606,160396,441377,673934,425863,453297,153085,529644,,1631,635,860,2251,3421,881,,756,5,3586,,,5,66,,,,242,1445,10630
42949674827,163,241,1135049,2024-06-13T11:30:02.000Z,446,28709,Exfiltration,,BenignPositive,,,User,Impacted,98799,138268,360606,160396,138913,211847,152748,24566,153085,529644,,1631,635,860,2251,3421,881,,289573,117668,3586,,,5,66,,,,242,1445,10630
1434519078817,19,18283,18694,2024-06-03T06:14:40.000Z,92,29,CommandAndControl,T1046;T1071;T1210,BenignPositive,,,Url,Related,98799,138268,360606,244,441377,673934,425863,453297,153085,529644,,1631,635,860,2251,3421,881,,289573,117668,3586,,,5,66,,,,242,1445,10630
51539609388,0,100,1227235,2024-06-11T12:43:53.000Z,7,6,InitialAccess,,TruePositive,,,User,Impacted,98799,138268,360606,160396,57,76,50,61,153085,529644,,1631,635,860,2251,3421,881,,289573,117668,3586,,,5,66,,,,242,1445,10630
618475295483,4,1797,363,2024-05-31T13:03:18.000Z,8,7,InitialAccess,T1133,FalsePositive,,,Machine,Impacted,98799,138268,360606,160396,441377,673934,425863,453297,518,529644,,1631,635,860,2251,3421,881,,289573,117668,3586,,,5,66,,,,242,1445,10630
833223657062,7,428,715,2024-06-02T10:04:14.000Z,21,67,Impact,,FalsePositive,,,Ip,Related,98799,138268,4307,160396,441377,673934,425863,453297,153085,529644,,1631,635,860,2251,3421,881,,289573,117668,3586,,,5,66,,,,242,1445,10630
1056561956621,0,3496,123010,2024-06-05T04:18:39.000Z,14,12,CredentialAccess,T1110;T1110.003;T1110.001,TruePositive,,,CloudLogonRequest,Related,98799,138268,360606,160396,441377,673934,425863,453297,153085,529644,,1631,635,860,2251,3421,881,,289573,117668,3586,,,5,66,,,,242,1445,10630
1709396985799,399,389,1170126,2024-06-05T12:11:44.000Z,0,0,InitialAccess,T1078;T1078.004,TruePositive,,,User,Impacted,98799,138268,360606,160396,11662,18436,11510,12490,153085,529644,,1631,635,860,2251,3421,881,,289573,117668,3586,,,5,66,,,,242,1445,10630
884763263145,11,405033,986140,2024-06-05T08:40:34.000Z,0,0,InitialAccess,T1078;T1078.004,FalsePositive,,,Ip,Related,98799,138268,26789,160396,441377,673934,425863,453297,153085,529644,,1631,635,860,2251,3421,881,,289573,117668,3586,,,5,66,,,,2,15,13
1589137902129,40,76157,241128,2024-06-13T22:10:06.000Z,10,8,InitialAccess,T1566.001,BenignPositive,,,MailMessage,Related,98799,138268,360606,160396,441377,11511,425863,453297,153085,174711,,1631,635,860,2251,3421,881,,289573,117668,3586,,,5,66,Inbound,,NoThreatsFound,242,1445,10630
429496730358,419,201994,1526292,2024-06-07T14:03:07.000Z,6,5,InitialAccess,T1566,BenignPositive,,,User,Impacted,98799,138268,360606,160396,321235,251904,236396,219951,153085,529644,,1631,635,860,2251,3421,881,,289573,117668,3586,,,5,66,,,,242,1445,10630
652835033994,138,219746,1502594,2024-06-12T12:04:50.000Z,96,75,InitialAccess,,BenignPositive,,,User,Impacted,98799,138268,360606,160396,678,391,667,722,153085,529644,,1631,635,860,2251,3421,881,,289573,117668,3586,,,5,66,,,,242,1445,10630
558345749686,16,65791,41648,2024-06-13T00:38:27.000Z,24,4451,Exfiltration,,BenignPositive,,,MailMessage,Impacted,98799,138268,360606,160396,441377,671810,425863,453297,153085,510971,,1631,635,860,2251,3421,881,,289573,117668,3586,,,5,66,,,,242,1445,10630
1065151894407,46,294260,807353,2024-06-05T00:22:55.000Z,1048,1831,InitialAccess,,BenignPositive,,,Process,Related,98799,138268,360606,160396,441377,673934,425863,453297,153085,529644,,1631,635,860,2251,3421,881,,289573,117668,3586,,,5,66,,,,242,1445,10630
1305670060249,1026,18279,1627493,2024-06-12T01:04:17.000Z,4647,28447,InitialAccess,,FalsePositive,,,User,Impacted,98799,138268,360606,160396,316785,405884,216228,275478,153085,529644,,1631,635,860,2251,3421,881,,289573,117668,3586,,,5,66,,,,242,1445,10630
627065227348,13,4305,9164,2024-06-12T16:11:30.000Z,34,3068,Exfiltration,,BenignPositive,,,File,Impacted,98799,427,360606,160396,441377,673934,425863,453297,153085,529644,,1631,635,860,2251,3421,881,,469,5,3586,,,5,66,,,,242,1445,10630
1219770714114,49,60575,276333,2024-06-04T16:18:17.000Z,2,2,CommandAndControl,,TruePositive,,,Url,Related,98799,138268,360606,371,441377,673934,425863,453297,153085,529644,,1631,635,860,2251,3421,881,,289573,117668,3586,,,5,66,,Suspicious,Suspicious,242,1445,10630
8589935127,283,335,944347,2024-06-01T15:12:16.000Z,0,0,InitialAccess,T1078;T1078.004,TruePositive,,,CloudLogonSession,Related,98799,138268,360606,160396,441377,673934,425863,453297,153085,529644,,1631,635,860,2251,3421,881,,289573,117668,3586,,,5,66,,,,242,1445,10630
214748369522,38,187283,786677,2024-06-11T23:29:32.000Z,2,2,CommandAndControl,,BenignPositive,,,Machine,Impacted,9690,138268,360606,160396,441377,673934,425863,453297,16321,529644,,1631,635,860,2251,3421,881,,289573,117668,3586,,,0,0,,Suspicious,Suspicious,242,1445,10630
979252546922,2,6125,12428,2024-06-07T06:03:03.000Z,18,14,Exfiltration,,BenignPositive,,,MailMessage,Impacted,98799,138268,360606,160396,441377,187550,425863,453297,153085,46322,,1631,635,860,2251,3421,881,,289573,117668,3586,,,5,66,,,,242,1445,10630
1185410976581,29,2615,309,2024-06-10T09:42:49.000Z,54,33,Persistence,T1078;T1098,BenignPositive,,,User,Impacted,98799,138268,360606,160396,184461,300208,179890,196674,153085,529644,,1631,635,860,2251,3421,881,,289573,117668,3586,,,5,66,,,,242,1445,10630
1408749278114,4,2526,397,2024-05-29T20:28:35.000Z,8,7,InitialAccess,T1133,FalsePositive,,,Machine,Impacted,98799,138268,360606,160396,441377,673934,425863,453297,398,529644,,1631,635,860,2251,3421,881,,289573,117668,3586,,,5,66,,,,242,1445,10630
403726928797,50,76,1262297,2024-06-08T13:00:36.000Z,0,0,InitialAccess,T1078;T1078.004,TruePositive,,,User,Impacted,98799,138268,360606,160396,3029,4032,3038,3180,153085,529644,,1631,635,860,2251,3421,881,,289573,117668,3586,,,5,66,,,,242,1445,10630
541165883078,12,2015,1160,2024-05-26T16:20:25.000Z,16,51,Impact,,BenignPositive,,,Ip,Related,98799,138268,2447,160396,441377,673934,425863,453297,153085,529644,,1631,635,860,2251,3421,881,,289573,117668,3586,,,5,66,,,,242,1445,10630
970662612391,183,159828,795179,2024-06-12T18:40:52.000Z,242,68625,Exfiltration,,BenignPositive,,,User,Impacted,98799,138268,360606,160396,916,1246,906,832,153085,529644,,1631,635,860,2251,3421,881,,289573,117668,3586,,,5,66,,,,242,1445,10630
1039382087077,116,164811,1104797,2024-06-06T16:23:45.000Z,87,145,Discovery,T1057;T1059.001,,ContainAccount,account password changed,User,Impacted,98799,138268,360606,160396,19971,34158,20891,23267,153085,529644,,1631,635,860,2251,3421,881,,289573,117668,3586,,,5,66,,Suspicious,Suspicious,242,1445,10630
515396077947,5,35,1182726,2024-06-06T21:40:13.000Z,7,6,InitialAccess,,TruePositive,,,User,Impacted,98799,138268,360606,160396,315,424,306,341,153085,529644,,1631,635,860,2251,3421,881,,289573,117668,3586,,,5,66,,,,242,1445,10630
867583398687,38,457719,1311141,2024-06-14T11:21:55.000Z,0,0,InitialAccess,T1078;T1078.004,TruePositive,,,CloudLogonRequest,Related,98799,138268,360606,160396,441377,673934,425863,453297,153085,529644,,1631,635,860,2251,3421,881,,289573,117668,3586,,,5,66,,,,242,1445,10630
1108101563143,82,1659,4668,2024-06-06T12:45:10.000Z,1,1,InitialAccess,T1566.002,FalsePositive,,,MailMessage,Related,98799,138268,360606,160396,441377,1322,425863,453297,153085,1073,,1631,635,860,2251,3421,881,,289573,117668,3586,,,5,66,,,,242,1445,10630
644245099503,46,6388,4145,2024-06-15T23:57:25.000Z,64,42,CommandAndControl,T1568;T1008,TruePositive,,,Ip,Related,98799,138268,124478,160396,441377,673934,425863,453297,153085,529644,,1631,635,860,2251,3421,881,,289573,117668,3586,,,5,66,,,,242,1445,10630
1657857376275,6,80152,806098,2024-06-03T12:32:18.000Z,2339,1043,Persistence,T1098;T1078,BenignPositive,,,Machine,Impacted,98799,138268,360606,160396,441377,673934,425863,453297,7243,529644,,1631,635,860,2251,3421,881,,289573,117668,3586,,,5,66,,,,242,1445,10630
137438958108,91,152082,154172,2024-06-04T10:08:31.000Z,122,33695,Exfiltration,,BenignPositive,,,MailMessage,Impacted,98799,138268,360606,160396,441377,602749,425863,453297,153085,23728,,1631,635,860,2251,3421,881,,289573,117668,3586,,,5,66,,,,242,1445,10630
77309415948,273,23852,149920,2024-06-05T15:02:14.000Z,13,11,InitialAccess,T1566,BenignPositive,,,Mailbox,Impacted,98799,138268,360606,160396,64517,113396,73910,64286,153085,529644,,1631,635,860,2251,3421,881,,289573,117668,3586,,,5,66,,,,242,1445,10630
240518173128,230,542,876,2024-06-07T17:08:38.000Z,1,1,InitialAccess,T1566.002,TruePositive,,,MailMessage,Related,98799,138268,360606,160396,441377,159940,425863,453297,153085,637,,1631,635,860,2251,3421,881,,289573,117668,3586,,,5,66,,,,242,1445,10630
17179871342,147,353090,1015623,2024-06-11T10:33:53.000Z,0,0,InitialAccess,T1078;T1078.004,FalsePositive,,,User,Impacted,98799,138268,360606,160396,175748,248922,196983,176878,153085,529644,,1631,635,860,2251,3421,881,,289573,117668,3586,,,5,66,,,,242,1445,10630
1288490192878,10,240,51,2024-05-23T01:05:21.000Z,12,495,Impact,,TruePositive,,,Ip,Related,98799,138268,1583,160396,441377,673934,425863,453297,153085,529644,,1631,635,860,2251,3421,881,,289573,117668,3586,,,5,66,,,,242,1445,10630
1554778166089,4,2782,550,2024-05-26T17:53:50.000Z,8,7,InitialAccess,T1133,FalsePositive,,,Machine,Impacted,98799,138268,360606,160396,441377,673934,425863,453297,200,529644,,1631,635,860,2251,3421,881,,289573,117668,3586,,,5,66,,,,242,1445,10630
833223656091,22,197,1065204,2024-06-04T01:52:22.000Z,0,0,InitialAccess,T1078;T1078.004,TruePositive,,,CloudLogonRequest,Related,98799,138268,360606,160396,441377,673934,425863,453297,153085,529644,,1631,635,860,2251,3421,881,,289573,117668,3586,,,5,66,,,,242,1445,10630
1202590846736,12,1893,1157,2024-05-20T07:43:44.000Z,16,67,Impact,,BenignPositive,,,Ip,Related,98799,138268,4618,160396,441377,673934,425863,453297,153085,529644,,1631,635,860,2251,3421,881,,289573,117668,3586,,,5,66,,,,242,1445,10630
1039382090701,112,296978,701326,2024-06-13T20:16:34.000Z,2,2,CommandAndControl,,BenignPositive,,,Url,Related,98799,138268,360606,16,441377,673934,425863,453297,153085,529644,,1631,635,860,2251,3421,881,,289573,117668,3586,,,5,66,,Suspicious,Suspicious,242,1445,10630
1030792152765,145,42662,61331,2024-06-12T15:41:34.000Z,6,5,InitialAccess,T1566,TruePositive,,,Ip,Related,98799,138268,4384,160396,441377,673934,425863,453297,153085,529644,,1631,635,860,2251,3421,881,,289573,117668,3586,,,5,66,,,NoThreatsFound,242,1445,10630
257698039654,45,76948,22383,2024-06-13T14:55:13.000Z,6,5,InitialAccess,T1566,FalsePositive,,,MailCluster,Related,98799,138268,360606,160396,441377,673934,425863,453297,153085,529644,4279396524.0,1631,635,860,2251,3421,881,,289573,117668,3586,,,5,66,,,,242,1445,10630
51539611874,30,145262,44248,2024-06-11T08:44:22.000Z,37,16813,Exfiltration,,BenignPositive,,,MailMessage,Impacted,98799,138268,360606,160396,441377,230137,425863,453297,153085,18616,,1631,635,860,2251,3421,881,,289573,117668,3586,,,5,66,,,,242,1445,10630
1090921695963,8,47559,268457,2024-06-16T16:42:50.000Z,3,4,SuspiciousActivity,,TruePositive,,,User,Impacted,98799,138268,360606,160396,16,28,14,17,153085,529644,,1631,635,860,2251,3421,881,,289573,117668,3586,,,5,66,,Suspicious,Suspicious,242,1445,10630
395136994230,205,9379,1542857,2024-06-13T23:30:32.000Z,1432,2475,PrivilegeEscalation,,BenignPositive,,,Machine,Impacted,2216,138268,360606,160396,441377,673934,425863,453297,4305,529644,,1631,635,860,2251,3421,881,,289573,117668,3586,,,5,66,,,,242,1445,10630
137438955642,479,3291,662624,2024-06-07T23:07:43.000Z,35,23,InitialAccess,T1566,TruePositive,,,Mailbox,Impacted,98799,138268,360606,160396,18779,18546,19195,20256,153085,529644,,1631,635,860,2251,3421,881,,289573,117668,3586,,,5,66,,,,242,1445,10630
1202590847479,418,10655,18259,2024-06-10T18:10:19.000Z,470,512,InitialAccess,,TruePositive,,,MailMessage,Related,98799,138268,360606,160396,441377,9189,425863,453297,153085,924,,1631,635,860,2251,3421,881,,289573,117668,3586,,,5,66,,,,242,1445,10630
807453854195,309,251220,44562,2024-06-05T02:30:37.000Z,235,212,SuspiciousActivity,,TruePositive,,,MailCluster,Related,98799,138268,360606,160396,441377,673934,425863,453297,153085,529644,3875467879.0,1631,635,860,2251,3421,881,,289573,117668,3586,,,5,66,,,,242,1445,10630
1632087577001,69,110917,700710,2024-06-03T22:22:02.000Z,2,2,CommandAndControl,,BenignPositive,,,Url,Related,98799,138268,360606,107,441377,673934,425863,453297,153085,529644,,1631,635,860,2251,3421,881,,289573,117668,3586,,,5,66,,Suspicious,Suspicious,242,1445,10630
438086666470,294,44268,355699,2024-06-05T17:07:53.000Z,1570,7820,Exfiltration,,FalsePositive,,,User,Impacted,98799,138268,360606,160396,111236,125513,118264,114352,153085,529644,,1631,635,860,2251,3421,881,,289573,117668,3586,,,5,66,,,,242,1445,10630
214748366714,175,245026,574176,2024-06-09T17:22:39.000Z,9,341,Execution,,BenignPositive,,,CloudApplication,Impacted,98799,138268,360606,160396,441377,673934,425863,453297,153085,529644,,1631,635,860,2,2,881,,289573,117668,3586,,,5,66,,,,242,1445,10630
317827580908,444,6911,28231,2024-06-12T03:30:09.000Z,276,263,SuspiciousActivity,,BenignPositive,,,Process,Related,98799,138268,360606,160396,441377,673934,425863,453297,153085,529644,,1631,635,860,2251,3421,881,,289573,117668,3586,,,5,66,,,,242,1445,10630
850403524859,11,422730,894321,2024-06-12T22:08:57.000Z,0,0,InitialAccess,T1078;T1078.004,FalsePositive,,,User,Impacted,98799,138268,360606,160396,20591,32906,21184,21855,153085,529644,,1631,635,860,2251,3421,881,,289573,117668,3586,,,5,66,,,,242,1445,10630
34359740567,49,29850,766071,2024-06-15T04:08:08.000Z,2,2,CommandAndControl,,TruePositive,,,User,Impacted,98799,138268,360606,160396,45858,73112,41812,45839,153085,529644,,1631,635,860,2251,3421,881,,289573,117668,3586,,,5,66,,Suspicious,Suspicious,242,1445,10630
712964574526,2,5795,6711,2024-06-05T07:17:38.000Z,18,14,Exfiltration,,BenignPositive,,,File,Impacted,98799,138268,360606,160396,441377,673934,425863,453297,153085,529644,,1631,635,860,2251,3421,881,,826,109516,3586,,,5,66,,,,242,1445,10630
77309416425,104,5695,1029,2024-06-03T16:48:18.000Z,11,9,InitialAccess,T1566,FalsePositive,,,MailMessage,Related,98799,138268,360606,160396,441377,60051,425863,453297,153085,134702,,1631,635,860,2251,3421,881,,289573,117668,3586,,,5,66,,,,242,1445,10630
850403528589,321,4163,359634,2024-06-08T05:12:19.000Z,6,5,InitialAccess,T1566,TruePositive,,,User,Impacted,98799,138268,360606,160396,11559,30827,11728,12551,153085,529644,,1631,635,860,2251,3421,881,,289573,117668,3586,,,5,66,,,,242,1445,10630
1297080127433,735,190031,1424585,2024-06-03T20:19:47.000Z,1242,2361,DefenseEvasion,T1070.001,FalsePositive,,,Machine,Impacted,64480,138268,360606,160396,441377,673934,425863,453297,75533,529644,,1631,635,860,2251,3421,881,,289573,117668,3586,,,0,0,,Suspicious,Suspicious,242,1445,10630
1219770716025,1527,10967,1066293,2024-06-03T21:15:21.000Z,5,2456,SuspiciousActivity,,FalsePositive,,,User,Impacted,98799,138268,360606,160396,3226,4293,3219,3391,153085,529644,,1631,635,860,2251,3421,881,,289573,117668,3586,,,5,66,,,,242,1445,10630
1108101564151,0,418,538699,2024-06-02T14:16:23.000Z,7,6,InitialAccess,,TruePositive,,,User,Impacted,98799,138268,360606,160396,4045,5571,4052,4346,153085,529644,,1631,635,860,2251,3421,881,,289573,117668,3586,,,5,66,,,,242,1445,10630
1597727835905,45,92815,48419,2024-06-13T13:25:12.000Z,6,5,InitialAccess,T1566,FalsePositive,,,MailCluster,Related,98799,138268,360606,160396,441377,673934,425863,453297,153085,529644,1173189525.0,1631,635,860,2251,3421,881,,289573,117668,3586,,,5,66,,,NoThreatsFound,242,1445,10630
85899349960,2835,49980,936048,2024-06-06T21:03:01.000Z,19,15,InitialAccess,,FalsePositive,,,CloudLogonSession,Related,98799,138268,360606,160396,441377,673934,425863,453297,153085,529644,,1631,635,860,2251,3421,881,,289573,117668,3586,,,5,66,,,,242,1445,10630
816043789620,211,4089,27519,2024-06-12T14:06:13.000Z,6,5,InitialAccess,T1566,FalsePositive,,,MailCluster,Related,98799,138268,360606,160396,441377,673934,425863,453297,153085,529644,,1631,635,860,2251,3421,881,,289573,117668,3586,,,5,66,,,NoThreatsFound,242,1445,10630
987842482060,14,1183,174,2024-05-23T01:11:53.000Z,41,89,Impact,,TruePositive,,,Ip,Related,98799,138268,6263,160396,441377,673934,425863,453297,153085,529644,,1631,635,860,2251,3421,881,,289573,117668,3586,,,5,66,,,,242,1445,10630
257698041297,2,11679,8075,2024-06-04T06:47:17.000Z,15,13,Exfiltration,,BenignPositive,,,User,Impacted,98799,138268,360606,160396,11698,3097,11513,12489,153085,529644,,1631,635,860,2251,3421,881,,289573,117668,3586,,,5,66,,,,242,1445,10630
1374389536549,0,141,1302035,2024-06-09T00:54:56.000Z,7,6,InitialAccess,,TruePositive,,,CloudLogonRequest,Related,98799,138268,360606,160396,441377,673934,425863,453297,153085,529644,,1631,635,860,2251,3421,881,,289573,117668,3586,,,5,66,,,,242,1445,10630
68719478448,26,104339,1593130,2024-06-10T11:51:54.000Z,1015,1763,SuspiciousActivity,T1087,BenignPositive,,,File,Related,98799,1973,360606,160396,441377,673934,425863,453297,153085,529644,,1631,635,860,2251,3421,881,SharpHound,2194,21210,3586,,,5,66,,Suspicious,Malicious,242,1445,10630
1228360650755,20,1401,5247,2024-05-21T12:06:05.000Z,117,95,Impact,,BenignPositive,,,Ip,Related,98799,138268,1993,160396,441377,673934,425863,453297,153085,529644,,1631,635,860,2251,3421,881,,289573,117668,3586,,,5,66,,,,242,1445,10630
1675037246352,18,232089,1069617,2024-06-06T12:14:05.000Z,9,32,Execution,,FalsePositive,,,File,Related,98799,13866,360606,160396,441377,673934,425863,453297,153085,529644,,1631,635,860,2251,3421,881,,17991,117668,3586,,,5,66,,,,242,1445,10630
1159641170413,151,184413,240281,2024-06-10T16:24:32.000Z,1,1,InitialAccess,T1566.002,BenignPositive,,,Url,Related,98799,138268,360606,2102,441377,673934,425863,453297,153085,529644,,1631,635,860,2251,3421,881,,289573,117668,3586,,,5,66,,,Malicious,242,1445,10630
644245098817,78,136157,760868,2024-06-16T20:35:16.000Z,2,2,CommandAndControl,,TruePositive,,,User,Impacted,98799,138268,360606,160396,27095,82020,27760,30345,153085,529644,,1631,635,860,2251,3421,881,,289573,117668,3586,,,5,66,,Suspicious,Suspicious,242,1445,10630
764504180707,19,662,2195,2024-06-07T15:53:37.000Z,23,16,CommandAndControl,,TruePositive,,,Ip,Related,98799,138268,961,160396,441377,673934,425863,453297,153085,529644,,1631,635,860,2251,3421,881,,289573,117668,3586,,,5,66,,,,242,1445,10630
498216209639,775,283742,1363849,2024-06-04T10:53:45.000Z,81,2067,SuspiciousActivity,,BenignPositive,,,Ip,Related,98799,138268,6120,160396,441377,673934,425863,453297,153085,529644,,1631,635,860,2251,3421,881,,289573,117668,3586,,Contextual,5,66,,,,242,1445,10630
1228360649110,5,306,105349,2024-06-04T18:18:17.000Z,4,3,InitialAccess,,TruePositive,,,Ip,Related,98799,138268,479,160396,441377,673934,425863,453297,153085,529644,,1631,635,860,2251,3421,881,,289573,117668,3586,,,5,66,,,,69,1445,10630
927712937057,16,68469,353876,2024-06-03T04:16:13.000Z,24,303,Exfiltration,,BenignPositive,,,User,Impacted,98799,138268,360606,160396,0,0,0,0,153085,529644,,1631,635,860,2251,3421,881,,289573,117668,3586,,,5,66,,,,242,1445,10630
618475295405,38,131058,757008,2024-06-10T14:46:35.000Z,2,2,CommandAndControl,,BenignPositive,,,Process,Related,98799,0,360606,160396,441377,673934,425863,453297,153085,529644,,1631,635,860,2251,3421,881,,0,2,3586,,,5,66,,Suspicious,Suspicious,242,1445,10630
944892809077,109,40731,649146,2024-06-08T09:44:43.000Z,75,63450,Exfiltration,,BenignPositive,,,File,Impacted,98799,138268,360606,160396,441377,673934,425863,453297,153085,529644,,1631,635,860,2251,3421,881,,79959,64098,3586,,,5,66,,,,242,1445,10630
575525619710,726,107658,1153895,2024-05-20T16:58:28.000Z,1388,300,InitialAccess,T1078;T1078.004,BenignPositive,,,Ip,Related,98799,138268,62583,160396,441377,673934,425863,453297,153085,529644,,1631,635,860,2251,3421,881,,289573,117668,3586,,,5,66,,,,242,1445,10630
231928236711,242,151301,973578,2024-06-14T15:12:55.000Z,4,3,InitialAccess,,FalsePositive,,,CloudLogonRequest,Related,98799,138268,360606,160396,441377,673934,425863,453297,153085,529644,,1631,635,860,2251,3421,881,,289573,117668,3586,,,5,66,,,,242,1445,10630
627065226947,0,375,508509,2024-06-10T09:37:55.000Z,0,0,InitialAccess,T1078;T1078.004,TruePositive,,,CloudLogonRequest,Related,98799,138268,360606,160396,441377,673934,425863,453297,153085,529644,,1631,635,860,2251,3421,881,,289573,117668,3586,,,5,66,,,,242,1445,10630
1125281434513,34,332537,706604,2024-06-12T11:24:07.000Z,2,2,CommandAndControl,,BenignPositive,,,Machine,Impacted,28565,138268,360606,160396,441377,673934,425863,453297,38444,529644,,1631,635,860,2251,3421,881,,289573,117668,3586,,,0,0,,Suspicious,Suspicious,242,1445,10630
249108105644,132,104141,37508,2024-06-12T23:02:26.000Z,13,11,InitialAccess,T1566,BenignPositive,,,Ip,Related,98799,138268,163,160396,441377,673934,425863,453297,153085,529644,,1631,635,860,2251,3421,881,,289573,117668,3586,,,5,66,,,NoThreatsFound,242,1445,10630
377957123562,464,103431,1548460,2024-06-03T11:39:20.000Z,0,0,InitialAccess,T1078;T1078.004,,ContainAccount,change user password.,User,Impacted,98799,138268,360606,160396,11260,17725,11246,12041,153085,529644,,1631,635,860,2251,3421,881,,289573,117668,3586,,,5,66,,,,242,1445,10630
515396079190,3,267263,189582,2024-06-07T19:11:49.000Z,2,2,CommandAndControl,,BenignPositive,,,Machine,Impacted,4911,138268,360606,160396,441377,673934,425863,453297,8798,529644,,1631,635,860,2251,3421,881,,289573,117668,3586,,,0,0,,Suspicious,Suspicious,242,1445,10630
867583395838,608,12469,1091047,2024-06-05T16:49:17.000Z,821,1163,InitialAccess,T1566.001;T1204.002,FalsePositive,,,Process,Related,98799,36,360606,160396,441377,673934,425863,453297,153085,529644,,1631,635,860,2251,3421,881,,1,0,3586,,,5,66,,,,242,1445,10630
1632087572774,11,429040,889869,2024-06-13T14:50:33.000Z,0,0,InitialAccess,T1078;T1078.004,FalsePositive,,,CloudLogonRequest,Related,98799,138268,360606,160396,441377,673934,425863,453297,153085,529644,,1631,635,860,2251,3421,881,,289573,117668,3586,,,5,66,,,,242,1445,10630
884763265894,34,232229,747086,2024-06-06T20:21:14.000Z,2,2,CommandAndControl,,BenignPositive,,,Url,Related,98799,138268,360606,0,441377,673934,425863,453297,153085,529644,,1631,635,860,2251,3421,881,,289573,117668,3586,,,5,66,,Suspicious,Suspicious,242,1445,10630
489626273557,0,211,104293,2024-06-10T21:54:21.000Z,4,3,InitialAccess,,TruePositive,,,Ip,Related,98799,138268,7680,160396,441377,673934,425863,453297,153085,529644,,1631,635,860,2251,3421,881,,289573,117668,3586,,,5,66,,,,5,1445,10630
429496734355,173,8290,248219,2024-06-03T22:20:35.000Z,2,2,CommandAndControl,,TruePositive,,,User,Impacted,98799,138268,360606,160396,305196,351944,260141,244946,153085,529644,,1631,635,860,2251,3421,881,,289573,117668,3586,,,5,66,,Suspicious,Suspicious,242,1445,10630
1700807052299,1648,30721,849388,2024-06-12T14:13:39.000Z,0,0,InitialAccess,T1078;T1078.004,FalsePositive,,,User,Impacted,98799,138268,360606,160396,229648,439695,277826,166696,153085,529644,,1631,635,860,2251,3421,881,,289573,117668,3586,,,5,66,,,,242,1445,10630
979252545439,122,864,130944,2024-06-11T06:27:02.000Z,2,2,CommandAndControl,,FalsePositive,,,Url,Related,98799,138268,360606,122,441377,673934,425863,453297,153085,529644,,1631,635,860,2251,3421,881,,289573,117668,3586,,,5,66,,Suspicious,Suspicious,242,1445,10630
1348619733773,29,263,599,2024-06-11T23:33:00.000Z,54,33,Persistence,T1078;T1098,BenignPositive,,,Ip,Related,98799,138268,8203,160396,441377,673934,425863,453297,153085,529644,,1631,635,860,2251,3421,881,,289573,117668,3586,,,5,66,,,,242,1445,10630
163208760874,3,24136,194166,2024-06-05T15:34:06.000Z,3,4,SuspiciousActivity,,BenignPositive,,,User,Impacted,98799,138268,360606,160396,84237,129029,84547,85223,153085,529644,,1631,635,860,2251,3421,881,,289573,117668,3586,,,5,66,,Suspicious,Suspicious,242,1445,10630
446676604004,96,1540,425161,2024-06-10T09:09:40.000Z,602,779,LateralMovement,T1021.001;T1043,BenignPositive,,,Machine,Impacted,481,138268,360606,160396,441377,673934,425863,453297,1608,529644,,1631,635,860,2251,3421,881,,289573,117668,3586,,,0,0,,Suspicious,Suspicious,242,1445,10630
936302874593,10,949,151125,2024-06-06T02:12:04.000Z,373,384,Impact,,TruePositive,,,Machine,Impacted,98799,138268,360606,160396,441377,673934,425863,453297,532,529644,,1631,635,860,2251,3421,881,,289573,117668,3586,,,5,66,,,,242,1445,10630
601295424398,50,0,103713,2024-06-11T13:58:09.000Z,0,0,InitialAccess,T1078;T1078.004,TruePositive,,,CloudLogonSession,Related,98799,138268,360606,160396,441377,673934,425863,453297,153085,529644,,1631,635,860,2251,3421,881,,289573,117668,3586,,,5,66,,,,242,1445,10630
429496731662,31,50245,79198,2024-06-06T16:44:25.000Z,485,2857,Exfiltration,,BenignPositive,,,File,Impacted,98799,1528,360606,160396,441377,673934,425863,453297,153085,529644,,1631,635,860,2251,3421,881,,927,352,3586,,,5,66,,,,242,1445,10630
8589939124,651,4745,1093,2024-06-04T23:03:47.000Z,10,8,InitialAccess,T1566.001,FalsePositive,,,MailMessage,Related,98799,138268,360606,160396,441377,33140,425863,453297,153085,105,,1631,635,860,2251,3421,881,,289573,117668,3586,,,5,66,,,,242,1445,10630
446676603753,2098,39678,33602,2024-06-10T16:11:33.000Z,1,1,InitialAccess,T1566.002,TruePositive,,,User,Impacted,98799,138268,360606,160396,31940,28733,32545,36607,153085,529644,,1631,635,860,2251,3421,881,,289573,117668,3586,,,5,66,,,,242,1445,10630
592705489761,34,333320,704690,2024-06-13T20:12:33.000Z,2,2,CommandAndControl,,BenignPositive,,,Url,Related,98799,138268,360606,756,441377,673934,425863,453297,153085,529644,,1631,635,860,2251,3421,881,,289573,117668,3586,,,5,66,,Suspicious,Suspicious,242,1445,10630
266287976356,14,4287,3030,2024-06-02T00:33:32.000Z,29,20,Impact,,TruePositive,,,Ip,Related,98799,138268,7302,160396,441377,673934,425863,453297,153085,529644,,1631,635,860,2251,3421,881,,289573,117668,3586,,,5,66,,,,242,1445,10630
1520418427618,4,2742,408,2024-05-28T23:55:34.000Z,8,7,InitialAccess,T1133,FalsePositive,,,Machine,Impacted,98799,138268,360606,160396,441377,673934,425863,453297,833,529644,,1631,635,860,2251,3421,881,,289573,117668,3586,,,5,66,,,,242,1445,10630
1649267445707,10,2412,151,2024-05-25T05:52:27.000Z,12,70,Impact,,TruePositive,,,Ip,Related,98799,138268,9911,160396,441377,673934,425863,453297,153085,529644,,1631,635,860,2251,3421,881,,289573,117668,3586,,,5,66,,,,242,1445,10630
1039382088395,8,137916,733325,2024-06-15T03:57:29.000Z,3,4,SuspiciousActivity,,TruePositive,,,User,Impacted,98799,138268,360606,160396,143,205,136,165,153085,529644,,1631,635,860,2251,3421,881,,289573,117668,3586,,,5,66,,Suspicious,Suspicious,242,1445,10630
1640677509330,13,146414,444521,2024-06-10T17:10:53.000Z,86,38418,Exfiltration,,BenignPositive,,,Ip,Related,98799,138268,4035,160396,441377,673934,425863,453297,153085,529644,,1631,635,860,2251,3421,881,,289573,117668,3586,,,5,66,,,,242,1445,10630
936302872226,1149,4743,1526396,2024-06-11T13:54:45.000Z,33,22,InitialAccess,,BenignPositive,,,User,Impacted,98799,138268,360606,160396,1357,859,1355,1425,153085,529644,,1631,635,860,2251,3421,881,,289573,117668,3586,,,5,66,,,,242,1445,10630
1005022351704,425,24745,152023,2024-06-13T09:07:45.000Z,2049,819,PrivilegeEscalation,T1078,BenignPositive,,,User,Impacted,98799,138268,360606,160396,14593,23651,14505,15439,153085,529644,,1631,635,860,2251,3421,881,,289573,117668,3586,,,5,66,,,,242,1445,10630
1056561956844,344,735,6,2024-06-07T22:16:14.000Z,27,18,Discovery,T1087;T1087.002,BenignPositive,,,Machine,Related,98799,138268,360606,160396,441377,673934,425863,453297,104899,529644,,1631,635,860,2251,3421,881,,289573,117668,3586,,Destination,5,66,,,,242,1445,10630
833223656091,22,197,1352311,2024-06-04T10:52:08.000Z,0,0,InitialAccess,T1078;T1078.004,TruePositive,,,CloudLogonRequest,Related,98799,138268,360606,160396,441377,673934,425863,453297,153085,529644,,1631,635,860,2251,3421,881,,289573,117668,3586,,,5,66,,,,242,1445,10630
1262720386104,47,6129,657293,2024-06-10T08:36:45.000Z,6,5,InitialAccess,T1566,FalsePositive,,,Mailbox,Impacted,98799,138268,360606,160396,15150,18001,15082,16348,153085,529644,,1631,635,860,2251,3421,881,,289573,117668,3586,,,5,66,,,,242,1445,10630
1245540516353,151,115450,97858,2024-06-14T17:55:32.000Z,6,5,InitialAccess,T1566,BenignPositive,,,MailCluster,Related,98799,138268,360606,160396,441377,673934,425863,453297,153085,529644,,1631,635,860,2251,3421,881,,289573,117668,3586,,,5,66,,,NoThreatsFound,242,1445,10630
1374389536549,0,141,917192,2024-06-10T23:22:57.000Z,0,0,InitialAccess,T1078;T1078.004,TruePositive,,,Ip,Related,98799,138268,543,160396,441377,673934,425863,453297,153085,529644,,1631,635,860,2251,3421,881,,289573,117668,3586,,,5,66,,,,20,20,22
343597387888,24,14487,336720,2024-06-04T00:54:52.000Z,5,21,SuspiciousActivity,,TruePositive,,,Ip,Related,98799,138268,5959,160396,441377,673934,425863,453297,153085,529644,,1631,635,860,2251,3421,881,,289573,117668,3586,,Contextual,5,66,,,,242,1445,10630
77309413219,923,34637,587659,2024-06-12T22:33:19.000Z,9,4694,Execution,,FalsePositive,,,CloudApplication,Impacted,98799,138268,360606,160396,441377,673934,425863,453297,153085,529644,,1631,635,860,3,3,881,,289573,117668,3586,,,5,66,,,,242,1445,10630
1365799604830,38,203574,361087,2024-06-06T00:26:05.000Z,10,8,InitialAccess,T1566.001,BenignPositive,,,Mailbox,Impacted,98799,138268,360606,160396,162352,134266,147134,105149,153085,529644,,1631,635,860,2251,3421,881,,289573,117668,3586,,,5,66,,,NoThreatsFound,242,1445,10630
463856473043,126,868,103787,2024-06-12T05:58:47.000Z,0,0,InitialAccess,T1078;T1078.004,TruePositive,,,User,Impacted,98799,138268,360606,160396,2750,3648,2732,2896,153085,529644,,1631,635,860,2251,3421,881,,289573,117668,3586,,,5,66,,,,242,1445,10630
927712939473,2,8185,5519,2024-06-05T20:11:22.000Z,18,14,Exfiltration,,BenignPositive,,,File,Impacted,98799,138268,360606,160396,441377,673934,425863,453297,153085,529644,,1631,635,860,2251,3421,881,,70404,2766,3586,,,5,66,,,,242,1445,10630
1554778166229,112,134590,137927,2024-06-12T02:07:01.000Z,1,1,InitialAccess,T1566.002,BenignPositive,,,MailCluster,Related,98799,138268,360606,160396,441377,673934,425863,453297,153085,529644,2621622817.0,1631,635,860,2251,3421,881,,289573,117668,3586,,,5,66,,,Malicious,242,1445,10630
1554778165276,322,109429,239977,2024-06-14T13:32:48.000Z,1,1,InitialAccess,T1566.002,BenignPositive,,,MailMessage,Related,98799,138268,360606,160396,441377,10373,425863,453297,153085,164872,,1631,635,860,2251,3421,881,,289573,117668,3586,,,5,66,Inbound,,Malicious,242,1445,10630
858993463122,14,3928,2876,2024-05-26T21:37:06.000Z,29,20,Impact,,TruePositive,,,Ip,Related,98799,138268,4091,160396,441377,673934,425863,453297,153085,529644,,1631,635,860,2251,3421,881,,289573,117668,3586,,,5,66,,,,242,1445,10630
1185410977234,101,168,37957,2024-06-06T20:44:20.000Z,6,5,InitialAccess,T1566,TruePositive,,,User,Impacted,98799,138268,360606,160396,7299,9722,7305,7907,153085,529644,,1631,635,860,2251,3421,881,,289573,117668,3586,,,5,66,,,,242,1445,10630
1065151893663,36,922,267926,2024-06-15T15:31:37.000Z,36,118,SuspiciousActivity,,TruePositive,,,User,Impacted,98799,138268,360606,160396,95950,160577,95744,100852,153085,529644,,1631,635,860,2251,3421,881,,289573,117668,3586,,,5,66,,Suspicious,Suspicious,242,1445,10630
223338303806,92,60643,245545,2024-06-14T18:27:27.000Z,2,2,CommandAndControl,,FalsePositive,,,Url,Related,98799,138268,360606,5534,441377,673934,425863,453297,153085,529644,,1631,635,860,2251,3421,881,,289573,117668,3586,,,5,66,,Suspicious,Suspicious,242,1445,10630
1606317773160,106,772,288480,2024-06-03T18:05:40.000Z,2,2,CommandAndControl,,FalsePositive,,,Url,Related,98799,138268,360606,1390,441377,673934,425863,453297,153085,529644,,1631,635,860,2251,3421,881,,289573,117668,3586,,,5,66,,Suspicious,Suspicious,242,1445,10630
214748368189,2,5639,7927,2024-06-04T13:44:29.000Z,42,27,Exfiltration,,BenignPositive,,,File,Impacted,98799,138268,360606,160396,441377,673934,425863,453297,153085,529644,,1631,635,860,2251,3421,881,,265044,108319,3586,,,5,66,,,,242,1445,10630
343597388676,4,2656,459,2024-05-25T16:51:50.000Z,8,7,InitialAccess,T1133,FalsePositive,,,Machine,Impacted,98799,138268,360606,160396,441377,673934,425863,453297,458,529644,,1631,635,860,2251,3421,881,,289573,117668,3586,,,5,66,,,,242,1445,10630
171798696145,178,179,817717,2024-06-09T09:32:02.000Z,0,0,InitialAccess,T1078;T1078.004,TruePositive,,,CloudLogonSession,Related,98799,138268,360606,160396,441377,673934,425863,453297,153085,529644,,1631,635,860,2251,3421,881,,289573,117668,3586,,,5,66,,,,242,1445,10630
25769807858,10,1987,254,2024-05-26T20:46:34.000Z,12,684,Impact,,TruePositive,,,Ip,Related,98799,138268,9480,160396,441377,673934,425863,453297,153085,529644,,1631,635,860,2251,3421,881,,289573,117668,3586,,,5,66,,,,242,1445,10630
764504178781,815,7361,4862,2024-06-06T02:12:49.000Z,27,18,Discovery,T1087;T1087.002,BenignPositive,,,Machine,Related,82296,138268,360606,160396,441377,673934,425863,453297,124410,529644,,1631,635,860,2251,3421,881,,289573,117668,3586,,Destination,5,66,,,,242,1445,10630
1142461302554,0,97,387414,2024-06-10T04:53:31.000Z,0,0,InitialAccess,T1078;T1078.004,TruePositive,,,User,Impacted,98799,138268,360606,160396,13762,22970,13801,15063,153085,529644,,1631,635,860,2251,3421,881,,289573,117668,3586,,,5,66,,,,242,1445,10630
876173329894,1929,224647,423291,2024-06-13T22:06:49.000Z,821,1163,InitialAccess,T1566.001;T1204.002,TruePositive,,,Process,Related,98799,107,360606,160396,441377,673934,425863,453297,153085,529644,,1631,635,860,2251,3421,881,,12,0,3586,,,5,66,,,,242,1445,10630
1649267443254,21,143108,55431,2024-06-07T02:15:17.000Z,3,4,SuspiciousActivity,,BenignPositive,,,Machine,Impacted,19221,138268,360606,160396,441377,673934,425863,453297,27355,529644,,1631,635,860,2251,3421,881,,289573,117668,3586,,,5,66,,Suspicious,Suspicious,242,1445,10630
438086665839,7,175,1726,2024-05-26T14:49:32.000Z,21,85,Impact,,FalsePositive,,,Ip,Related,98799,138268,783,160396,441377,673934,425863,453297,153085,529644,,1631,635,860,2251,3421,881,,289573,117668,3586,,,5,66,,,,242,1445,10630
575525620868,76,189,854883,2024-06-03T21:56:29.000Z,4,3,InitialAccess,,TruePositive,,,Ip,Related,98799,138268,2402,160396,441377,673934,425863,453297,153085,529644,,1631,635,860,2251,3421,881,,289573,117668,3586,,,5,66,,,,0,1445,10630
738734378748,12,1843,1588,2024-05-26T02:19:32.000Z,16,638,Impact,,BenignPositive,,,Ip,Related,98799,138268,3696,160396,441377,673934,425863,453297,153085,529644,,1631,635,860,2251,3421,881,,289573,117668,3586,,,5,66,,,,242,1445,10630
661424967348,3,361409,423236,2024-06-13T21:46:17.000Z,36,228,Malware,T1046,BenignPositive,,,Ip,Related,98799,138268,280,160396,441377,673934,425863,453297,153085,529644,,1631,635,860,2251,3421,881,,289573,117668,3586,,,5,66,,Suspicious,Suspicious,242,1445,10630
816043789424,27,344,229476,2024-06-12T03:05:50.000Z,62,46,Execution,T1059.003,BenignPositive,,,File,Related,98799,320,360606,160396,441377,673934,425863,453297,153085,529644,,1631,635,860,2251,3421,881,,341,143,3586,,,5,66,,Suspicious,Suspicious,242,1445,10630
695784704416,5,377,46223,2024-06-04T00:15:20.000Z,0,0,InitialAccess,T1078;T1078.004,TruePositive,,,User,Impacted,98799,138268,360606,160396,24,37,22,27,153085,529644,,1631,635,860,2251,3421,881,,289573,117668,3586,,,5,66,,,,242,1445,10630
455266537767,413,246827,828366,2024-06-04T22:26:47.000Z,4,3,InitialAccess,,FalsePositive,,,User,Impacted,98799,138268,360606,160396,111444,187848,116086,115085,153085,529644,,1631,635,860,2251,3421,881,,289573,117668,3586,,,5,66,,,,242,1445,10630
1382979469938,43,15428,4817,2024-05-20T21:30:47.000Z,52,10,Impact,,BenignPositive,,,Ip,Related,98799,138268,11160,160396,441377,673934,425863,453297,153085,529644,,1631,635,860,2251,3421,881,,289573,117668,3586,,,5,66,,,,242,1445,10630
1657857380543,153,279564,279042,2024-06-03T20:00:02.000Z,2,2,CommandAndControl,,BenignPositive,,,Url,Related,98799,138268,360606,367,441377,673934,425863,453297,153085,529644,,1631,635,860,2251,3421,881,,289573,117668,3586,,,5,66,,Suspicious,Suspicious,242,1445,10630
197568499991,78,136073,222989,2024-06-10T03:11:44.000Z,1,1,InitialAccess,T1566.002,BenignPositive,,,MailCluster,Related,98799,138268,360606,160396,441377,673934,425863,453297,153085,529644,3951427137.0,1631,635,860,2251,3421,881,,289573,117668,3586,,,5,66,,,Suspicious,242,1445,10630
463856471093,74,31925,419403,2024-06-03T12:03:09.000Z,36,191,Malware,,BenignPositive,,,User,Impacted,98799,138268,360606,160396,41990,59012,48115,79026,153085,529644,,1631,635,860,2251,3421,881,,289573,117668,3586,,,5,66,,Suspicious,Suspicious,242,1445,10630
1675037247246,0,351,176030,2024-06-06T18:17:55.000Z,0,0,InitialAccess,T1078;T1078.004,TruePositive,,,User,Impacted,98799,138268,360606,160396,1144,1570,1133,1209,153085,529644,,1631,635,860,2251,3421,881,,289573,117668,3586,,,5,66,,,,242,1445,10630
257698041955,322,8332,60064,2024-06-13T11:58:33.000Z,1,1,InitialAccess,T1566.002,BenignPositive,,,File,Related,98799,77940,360606,160396,441377,673934,425863,453297,153085,529644,,1631,635,860,2251,3421,881,,138788,117668,3586,,,5,66,,,,242,1445,10630
927712938442,132,65320,462637,2024-06-12T18:41:41.000Z,13,11,InitialAccess,T1566,BenignPositive,,,MailCluster,Related,98799,138268,360606,160396,441377,673934,425863,453297,153085,529644,2763420209.0,1631,635,860,2251,3421,881,,289573,117668,3586,,,5,66,,,Malicious,242,1445,10630
601295424493,73,8983,8614,2024-06-11T21:23:24.000Z,80,4784,Exfiltration,,FalsePositive,,,MailMessage,Impacted,98799,138268,360606,160396,441377,400329,425863,453297,153085,404,,1631,635,860,2251,3421,881,,289573,117668,3586,,,5,66,,,,242,1445,10630
1168231105770,192,130070,1619820,2024-06-11T12:05:07.000Z,130,110,InitialAccess,,TruePositive,,,MailMessage,Related,98799,138268,360606,160396,441377,61214,425863,453297,153085,388931,,1631,635,860,2251,3421,881,,289573,117668,3586,,,5,66,,,,242,1445,10630
1142461304162,35,348,542834,2024-06-02T08:32:54.000Z,7,6,InitialAccess,,TruePositive,,,User,Impacted,98799,138268,360606,160396,680,906,673,724,153085,529644,,1631,635,860,2251,3421,881,,289573,117668,3586,,,5,66,,,,242,1445,10630
249108104894,220,22489,149617,2024-06-10T18:04:23.000Z,1,1,InitialAccess,T1566.002,BenignPositive,,,MailCluster,Related,98799,138268,360606,160396,441377,673934,425863,453297,153085,529644,,1631,635,860,2251,3421,881,,289573,117668,3586,,,5,66,,,Malicious,242,1445,10630
1219770717067,614,3261,552777,2024-06-04T00:57:12.000Z,5,2282,SuspiciousActivity,,BenignPositive,,,Ip,Related,98799,138268,30483,160396,441377,673934,425863,453297,153085,529644,,1631,635,860,2251,3421,881,,289573,117668,3586,,Contextual,5,66,,,,242,1445,10630
541165881436,13,14248,9643,2024-06-03T11:32:21.000Z,158,128,Exfiltration,,BenignPositive,,,File,Impacted,98799,138268,360606,160396,441377,673934,425863,453297,153085,529644,,1631,635,860,2251,3421,881,,51379,0,3586,,,5,66,,,,242,1445,10630
1434519079932,76,1226,168955,2024-06-10T04:52:48.000Z,4,3,InitialAccess,,TruePositive,,,User,Impacted,98799,138268,360606,160396,240,330,231,266,153085,529644,,1631,635,860,2251,3421,881,,289573,117668,3586,,,5,66,,,,242,1445,10630
214748368787,10,300,1412,2024-05-31T02:05:16.000Z,12,180,Impact,,TruePositive,,,Ip,Related,98799,138268,13394,160396,441377,673934,425863,453297,153085,529644,,1631,635,860,2251,3421,881,,289573,117668,3586,,,5,66,,,,242,1445,10630
730144444758,30,195321,295464,2024-06-13T18:36:00.000Z,147,17321,Exfiltration,,FalsePositive,,,MailMessage,Impacted,98799,138268,360606,160396,441377,30985,425863,453297,153085,47413,,1631,635,860,2251,3421,881,,289573,117668,3586,,,5,66,,,,242,1445,10630
1142461302289,32,1391,55215,2024-06-05T07:36:57.000Z,3,4,SuspiciousActivity,,BenignPositive,,,Machine,Impacted,30407,138268,360606,160396,441377,673934,425863,453297,37707,529644,,1631,635,860,2251,3421,881,,289573,117668,3586,,,5,66,,Suspicious,Suspicious,242,1445,10630
1305670062865,327,3854,457790,2024-06-07T02:16:26.000Z,13,11,InitialAccess,T1566,BenignPositive,,,Mailbox,Impacted,98799,138268,360606,160396,293024,188990,266251,252432,153085,529644,,1631,635,860,2251,3421,881,,289573,117668,3586,,,5,66,,,,242,1445,10630
1297080125880,799,11595,343180,2024-06-09T11:55:08.000Z,5,21,SuspiciousActivity,,TruePositive,,,User,Impacted,98799,138268,360606,160396,4492,6297,4517,4844,153085,529644,,1631,635,860,2251,3421,881,,289573,117668,3586,,,5,66,,,,242,1445,10630
712964571958,18,214124,1110220,2024-06-06T06:17:45.000Z,129,77441,Exfiltration,,FalsePositive,,,Machine,Impacted,98799,138268,360606,160396,441377,673934,425863,453297,9242,529644,,1631,635,860,2251,3421,881,,289573,117668,3586,,,5,66,,,,242,1445,10630
1357209668374,885,6360,15020,2024-06-07T07:40:25.000Z,1,1,InitialAccess,T1566.002,FalsePositive,,,User,Impacted,98799,138268,360606,160396,151795,150218,155638,137152,153085,529644,,1631,635,860,2251,3421,881,,289573,117668,3586,,,5,66,,,,242,1445,10630
1675037247766,526,27334,84177,2024-06-03T18:41:06.000Z,1,1,InitialAccess,T1566.002,FalsePositive,,,Url,Related,98799,138268,360606,1018,441377,673934,425863,453297,153085,529644,,1631,635,860,2251,3421,881,,289573,117668,3586,,,5,66,,,NoThreatsFound,242,1445,10630
1520418424546,0,135,816868,2024-06-10T19:52:34.000Z,0,0,InitialAccess,T1078;T1078.004,TruePositive,,,CloudLogonSession,Related,98799,138268,360606,160396,441377,673934,425863,453297,153085,529644,,1631,635,860,2251,3421,881,,289573,117668,3586,,,5,66,,,,242,1445,10630
1151051235916,757,20896,63133,2024-06-05T10:38:08.000Z,1,1,InitialAccess,T1566.002,TruePositive,,,MailMessage,Related,98799,138268,360606,160396,441377,128988,425863,453297,153085,136376,,1631,635,860,2251,3421,881,,289573,117668,3586,,,5,66,Inbound,,Malicious,242,1445,10630
42949676633,3,17338,195678,2024-06-06T17:38:32.000Z,3,142,SuspiciousActivity,,BenignPositive,,,Ip,Related,98799,138268,9,160396,441377,673934,425863,453297,153085,529644,,1631,635,860,2251,3421,881,,289573,117668,3586,,,5,66,,Suspicious,Suspicious,242,1445,10630
1520418425907,74,68183,736627,2024-06-14T19:23:20.000Z,2,2,CommandAndControl,,BenignPositive,,,Url,Related,98799,138268,360606,92,441377,673934,425863,453297,153085,529644,,1631,635,860,2251,3421,881,,289573,117668,3586,,,5,66,,Suspicious,Suspicious,242,1445,10630
463856471407,2,21076,6179,2024-06-07T08:26:06.000Z,18,14,Exfiltration,,BenignPositive,,,MailMessage,Impacted,98799,138268,360606,160396,441377,10,425863,453297,153085,8551,,1631,635,860,2251,3421,881,,289573,117668,3586,,,5,66,,,,242,1445,10630
1108101564208,627,46498,767980,2024-06-15T22:20:33.000Z,87,145,Discovery,T1047;T1057,BenignPositive,,,Machine,Impacted,1454,138268,360606,160396,441377,673934,425863,453297,3187,529644,,1631,635,860,2251,3421,881,,289573,117668,3586,,,0,0,,Suspicious,Suspicious,242,1445,10630
1168231106271,26,4950,20102,2024-06-12T09:48:55.000Z,334,337,SuspiciousActivity,,BenignPositive,,,Url,Related,98799,138268,360606,33435,441377,673934,425863,453297,153085,529644,,1631,635,860,2251,3421,881,,289573,117668,3586,,,5,66,,,,242,1445,10630
627065227500,1583,36839,711135,2024-06-12T13:34:44.000Z,87,525,Discovery,T1033;T1059.001;T1087.001,FalsePositive,,,Process,Related,98799,1617,360606,160396,441377,673934,425863,453297,153085,529644,,1631,635,860,2251,3421,881,,372,8,3586,,,5,66,,Suspicious,Suspicious,242,1445,10630
747324314352,103,11070,16811,2024-06-04T19:47:55.000Z,11,9,InitialAccess,T1566,BenignPositive,,,User,Impacted,98799,138268,360606,160396,57673,57369,55868,57951,153085,529644,,1631,635,860,2251,3421,881,,289573,117668,3586,,,5,66,,,,242,1445,10630
489626273558,0,118,1191014,2024-06-10T21:07:34.000Z,0,0,InitialAccess,T1078;T1078.004,TruePositive,,,User,Impacted,98799,138268,360606,160396,82,116,76,94,153085,529644,,1631,635,860,2251,3421,881,,289573,117668,3586,,,5,66,,,,242,1445,10630
541165881322,158,5874,35845,2024-06-06T12:45:05.000Z,352,15156,Exfiltration,,FalsePositive,,,MailMessage,Impacted,98799,138268,360606,160396,441377,27223,425863,453297,153085,335,,1631,635,860,2251,3421,881,,289573,117668,3586,,,5,66,,,,242,1445,10630
1546188230731,20,2552,2435,2024-06-01T04:11:12.000Z,117,95,Impact,,BenignPositive,,,Ip,Related,98799,138268,1868,160396,441377,673934,425863,453297,153085,529644,,1631,635,860,2251,3421,881,,289573,117668,3586,,,5,66,,,,242,1445,10630
1125281433508,134,122342,120960,2024-06-09T19:07:53.000Z,1,1,InitialAccess,T1566.002,BenignPositive,,,MailMessage,Related,98799,138268,360606,160396,441377,49380,425863,453297,153085,96906,,1631,635,860,2251,3421,881,,289573,117668,3586,,,5,66,Inbound,,Malicious,242,1445,10630
738734376569,21,117636,32933,2024-06-07T06:46:49.000Z,3,4,SuspiciousActivity,,BenignPositive,,,Ip,Related,98799,138268,115558,160396,441377,673934,425863,453297,153085,529644,,1631,635,860,2251,3421,881,,289573,117668,3586,,,5,66,,Suspicious,Suspicious,242,1445,10630
1451698950421,826,24484,157968,2024-06-04T00:48:35.000Z,1,1,InitialAccess,T1566.002,BenignPositive,,,Mailbox,Impacted,98799,138268,360606,160396,132451,127923,140134,143811,153085,529644,,1631,635,860,2251,3421,881,,289573,117668,3586,,,5,66,,,NoThreatsFound,242,1445,10630
1468878816451,180,174826,116994,2024-06-12T03:53:37.000Z,28,19,InitialAccess,T1566,BenignPositive,,,MailCluster,Related,98799,138268,360606,160396,441377,673934,425863,453297,153085,529644,,1631,635,860,2251,3421,881,,289573,117668,3586,,,5,66,,,Malicious,242,1445,10630
1331439862404,267,128393,101622,2024-06-10T11:21:18.000Z,271,259,LateralMovement,T1210,FalsePositive,,,Machine,Impacted,98799,138268,360606,160396,441377,673934,425863,453297,10406,529644,,1631,635,860,2251,3421,881,,289573,117668,3586,,Destination,5,66,,,,242,1445,10630
867583393853,6,6170,3928,2024-05-30T09:33:33.000Z,17,2605,Impact,,BenignPositive,,,Ip,Related,98799,138268,1612,160396,441377,673934,425863,453297,153085,529644,,1631,635,860,2251,3421,881,,289573,117668,3586,,,5,66,,,,242,1445,10630
395136994035,8,146423,259357,2024-06-04T21:03:21.000Z,3,4,SuspiciousActivity,,TruePositive,,,User,Impacted,98799,138268,360606,160396,28,41,26,31,153085,529644,,1631,635,860,2251,3421,881,,289573,117668,3586,,,5,66,,Suspicious,Suspicious,242,1445,10630
1374389535520,130,54045,40283,2024-06-03T03:56:56.000Z,1,1,InitialAccess,T1566.002,TruePositive,,,MailCluster,Related,98799,138268,360606,160396,441377,673934,425863,453297,153085,529644,,1631,635,860,2251,3421,881,,289573,117668,3586,,,5,66,,,NoThreatsFound,242,1445,10630
489626273557,0,211,331956,2024-06-10T12:44:49.000Z,0,0,InitialAccess,T1078;T1078.004,TruePositive,,,User,Impacted,98799,138268,360606,160396,22141,37155,22242,25089,153085,529644,,1631,635,860,2251,3421,881,,289573,117668,3586,,,5,66,,,,242,1445,10630
154618824860,13,11957,8305,2024-06-12T20:25:01.000Z,158,128,Exfiltration,,BenignPositive,,,MailMessage,Impacted,98799,138268,360606,160396,441377,106732,425863,453297,153085,13018,,1631,635,860,2251,3421,881,,289573,117668,3586,,,5,66,,,,242,1445,10630
721554507385,70,5890,2017,2024-06-14T02:03:31.000Z,1,1,InitialAccess,T1566.002,BenignPositive,,,MailMessage,Related,98799,138268,360606,160396,441377,56236,425863,453297,153085,231072,,1631,635,860,2251,3421,881,,289573,117668,3586,,,5,66,,,,242,1445,10630
730144444699,420,8337,62018,2024-06-14T03:14:00.000Z,1298,2532,Discovery,T1018,BenignPositive,,,Ip,Related,98799,138268,15596,160396,441377,673934,425863,453297,153085,529644,,1631,635,860,2251,3421,881,,289573,117668,3586,,,5,66,,,,242,1445,10630
893353201941,36,59489,303058,2024-06-12T20:08:09.000Z,10,8,InitialAccess,T1566.001,BenignPositive,,,MailMessage,Related,98799,138268,360606,160396,441377,7735,425863,453297,153085,178239,,1631,635,860,2251,3421,881,,289573,117668,3586,,,5,66,Inbound,,Malicious,242,1445,10630
652835030935,2226,10944,1097626,2024-06-06T04:39:54.000Z,2,2,CommandAndControl,,FalsePositive,,,Url,Related,98799,138268,360606,131,441377,673934,425863,453297,153085,529644,,1631,635,860,2251,3421,881,,289573,117668,3586,,,5,66,,Suspicious,Suspicious,242,1445,10630
240518171240,40,113533,93895,2024-06-14T22:01:26.000Z,1,1,InitialAccess,T1566.002,BenignPositive,,,Mailbox,Impacted,98799,138268,360606,160396,98514,103761,93344,101842,153085,529644,,1631,635,860,2251,3421,881,,289573,117668,3586,,,5,66,,,,242,1445,10630
1030792152886,0,203,492873,2024-06-04T07:19:51.000Z,7,6,InitialAccess,,TruePositive,,,User,Impacted,98799,138268,360606,160396,3321,4441,3343,3497,153085,529644,,1631,635,860,2251,3421,881,,289573,117668,3586,,,5,66,,,,242,1445,10630
1692217116248,7,4579,1014,2024-05-24T16:10:32.000Z,22,10,Impact,,FalsePositive,,,Ip,Related,98799,138268,498,160396,441377,673934,425863,453297,153085,529644,,1631,635,860,2251,3421,881,,289573,117668,3586,,,5,66,,,,242,1445,10630
1168231104850,181,72852,139745,2024-06-03T19:08:12.000Z,1,1,InitialAccess,T1566.002,BenignPositive,,,Url,Related,98799,138268,360606,75200,441377,673934,425863,453297,153085,529644,,1631,635,860,2251,3421,881,,289573,117668,3586,,,5,66,,,Malicious,242,1445,10630
618475295185,9,3420,23789,2024-06-04T20:24:01.000Z,40,10562,Exfiltration,,BenignPositive,,,MailMessage,Impacted,98799,138268,360606,160396,441377,13624,425863,453297,153085,2119,,1631,635,860,2251,3421,881,,289573,117668,3586,,,5,66,,,,242,1445,10630
1202590844234,193,39069,471793,2024-06-07T01:27:04.000Z,44,114,UnwantedSoftware,,BenignPositive,,,User,Impacted,98799,138268,360606,160396,206,288,197,224,153085,529644,,1631,635,860,2251,3421,881,,289573,117668,3586,,,5,66,,Suspicious,Suspicious,242,1445,10630
1537598294679,8,2949,729554,2024-06-12T23:36:51.000Z,3,4,SuspiciousActivity,,TruePositive,,,User,Impacted,98799,138268,360606,160396,28,41,26,31,153085,529644,,1631,635,860,2251,3421,881,,289573,117668,3586,,,5,66,,Suspicious,Suspicious,242,1445,10630
1090921695089,134,216796,450024,2024-06-14T18:18:45.000Z,6,5,InitialAccess,T1566,BenignPositive,,,MailCluster,Related,98799,138268,360606,160396,441377,673934,425863,453297,153085,529644,,1631,635,860,2251,3421,881,,289573,117668,3586,,,5,66,,,NoThreatsFound,242,1445,10630
137438958438,1851,35997,989348,2024-06-07T06:10:40.000Z,0,0,InitialAccess,T1078;T1078.004,FalsePositive,,,User,Impacted,98799,138268,360606,160396,181000,318247,186785,165079,153085,529644,,1631,635,860,2251,3421,881,,289573,117668,3586,,,5,66,,,,242,1445,10630
1477468752483,95,11072,3720,2024-05-25T19:44:02.000Z,106,79,Impact,,TruePositive,,,Ip,Related,98799,138268,9981,160396,441377,673934,425863,453297,153085,529644,,1631,635,860,2251,3421,881,,289573,117668,3586,,,5,66,,,,242,1445,10630
1709396987547,557,238645,1060905,2024-06-12T15:08:06.000Z,4,3,InitialAccess,,FalsePositive,,,Ip,Related,98799,138268,75079,160396,441377,673934,425863,453297,153085,529644,,1631,635,860,2251,3421,881,,289573,117668,3586,,,5,66,,,,0,1445,10630
523986012994,29,14180,9723,2024-06-10T09:29:34.000Z,101,78,CredentialAccess,,BenignPositive,,,User,Impacted,98799,138268,360606,160396,20645,34841,21378,23326,153085,529644,,1631,635,860,2251,3421,881,,289573,117668,3586,,,5,66,,,,242,1445,10630
1142461304534,12,247,1153868,2024-06-12T20:23:22.000Z,74,55,CommandAndControl,T1071;T1048,BenignPositive,,,Ip,Related,98799,138268,20,160396,441377,673934,425863,453297,153085,529644,,1631,635,860,2251,3421,881,,289573,117668,3586,,,5,66,,,,242,1445,10630
1365799603508,2,27359,8278,2024-06-05T23:56:19.000Z,15,13,Exfiltration,,BenignPositive,,,MailMessage,Impacted,98799,138268,360606,160396,441377,7157,425863,453297,153085,23822,,1631,635,860,2251,3421,881,,289573,117668,3586,,,5,66,,,,242,1445,10630
962072675970,1,320,85871,2024-06-05T13:44:20.000Z,0,0,InitialAccess,T1078;T1078.004,TruePositive,,,User,Impacted,98799,138268,360606,160396,8891,13289,8911,9470,153085,529644,,1631,635,860,2251,3421,881,,289573,117668,3586,,,5,66,,,,242,1445,10630
1185410977234,101,168,2295,2024-06-07T05:40:39.000Z,1,1,InitialAccess,T1566.002,TruePositive,,,MailMessage,Related,98799,138268,360606,160396,441377,288830,425863,453297,153085,53,,1631,635,860,2251,3421,881,,289573,117668,3586,,,5,66,,,,242,1445,10630
1305670061099,76,61,933826,2024-06-07T07:39:06.000Z,4,3,InitialAccess,,TruePositive,,,Ip,Related,98799,138268,4647,160396,441377,673934,425863,453297,153085,529644,,1631,635,860,2251,3421,881,,289573,117668,3586,,,5,66,,,,35,55,54
953482742335,8,197268,259926,2024-06-05T03:50:00.000Z,3,4,SuspiciousActivity,,TruePositive,,,User,Impacted,98799,138268,360606,160396,47,63,42,51,153085,529644,,1631,635,860,2251,3421,881,,289573,117668,3586,,,5,66,,Suspicious,Suspicious,242,1445,10630
1168231108991,92,2628,75786,2024-06-07T17:09:03.000Z,2,2,CommandAndControl,,FalsePositive,,,Machine,Impacted,2911,138268,360606,160396,441377,673934,425863,453297,5585,529644,,1631,635,860,2251,3421,881,,289573,117668,3586,,,0,0,,Suspicious,Suspicious,242,1445,10630
377957127023,37,32792,4164,2024-06-13T04:19:52.000Z,105,1788,Exfiltration,,FalsePositive,,,MailMessage,Impacted,98799,138268,360606,160396,441377,123721,425863,453297,153085,45,,1631,635,860,2251,3421,881,,289573,117668,3586,,,5,66,,,,242,1445,10630
1563368097501,0,195,402882,2024-06-07T04:16:35.000Z,4,3,InitialAccess,,TruePositive,,,CloudLogonRequest,Related,98799,138268,360606,160396,441377,673934,425863,453297,153085,529644,,1631,635,860,2251,3421,881,,289573,117668,3586,,,5,66,,,,242,1445,10630
816043789424,27,344,1661944,2024-06-05T15:15:47.000Z,196,172,SuspiciousActivity,,BenignPositive,,,Machine,Impacted,53089,138268,360606,160396,441377,673934,425863,453297,84241,529644,,1631,635,860,2251,3421,881,,289573,117668,3586,,,5,66,,,,242,1445,10630
867583397827,57,95471,34652,2024-06-03T13:04:36.000Z,46,1107,Exfiltration,,BenignPositive,,,User,Impacted,98799,138268,360606,160396,3742,5040,3740,3931,153085,529644,,1631,635,860,2251,3421,881,,289573,117668,3586,,,5,66,,,,242,1445,10630
1374389535421,22,146,1191903,2024-06-07T13:15:51.000Z,0,0,InitialAccess,T1078;T1078.004,TruePositive,,,CloudLogonRequest,Related,98799,138268,360606,160396,441377,673934,425863,453297,153085,529644,,1631,635,860,2251,3421,881,,289573,117668,3586,,,5,66,,,,242,1445,10630
687194771908,106,94264,130221,2024-06-12T18:52:29.000Z,2,2,CommandAndControl,,BenignPositive,,,Url,Related,98799,138268,360606,2,441377,673934,425863,453297,153085,529644,,1631,635,860,2251,3421,881,,289573,117668,3586,,,5,66,,Suspicious,Suspicious,242,1445,10630
1082331761798,33,42518,84167,2024-06-03T19:38:49.000Z,1,1,InitialAccess,T1566.002,BenignPositive,,,Url,Related,98799,138268,360606,1019,441377,673934,425863,453297,153085,529644,,1631,635,860,2251,3421,881,,289573,117668,3586,,,5,66,,,NoThreatsFound,242,1445,10630
661424964615,806,17763,120683,2024-06-11T16:24:36.000Z,6,5,InitialAccess,T1566,TruePositive,,,MailMessage,Related,98799,138268,360606,160396,441377,56492,425863,453297,153085,47858,,1631,635,860,2251,3421,881,,289573,117668,3586,,,5,66,Inbound,,NoThreatsFound,242,1445,10630
8589939601,37,190,293982,2024-06-12T16:36:50.000Z,70,23361,Exfiltration,,FalsePositive,,,User,Impacted,98799,138268,360606,160396,37029,34471,38902,41738,153085,529644,,1631,635,860,2251,3421,881,,289573,117668,3586,,,5,66,,,,242,1445,10630
360777255078,13,70222,1452874,2024-06-14T15:15:40.000Z,142,87752,Exfiltration,,BenignPositive,,,CloudApplication,Impacted,98799,138268,360606,160396,441377,673934,425863,453297,153085,529644,,1631,635,860,2,2,881,,289573,117668,3586,,,5,66,,,,242,1445,10630
1082331760380,0,333,390591,2024-06-04T15:17:27.000Z,4,3,InitialAccess,,TruePositive,,,User,Impacted,98799,138268,360606,160396,1433,1974,1441,1526,153085,529644,,1631,635,860,2251,3421,881,,289573,117668,3586,,,5,66,,,,242,1445,10630
1425929147329,200,38831,7751,2024-06-03T06:13:14.000Z,1,1,InitialAccess,T1566.002,TruePositive,,,Mailbox,Impacted,98799,138268,360606,160396,33307,28899,33958,36963,153085,529644,,1631,635,860,2251,3421,881,,289573,117668,3586,,,5,66,,,Malicious,242,1445,10630
420906798800,3,125100,710740,2024-06-05T23:34:52.000Z,2,2,CommandAndControl,,BenignPositive,,,User,Impacted,98799,138268,360606,160396,10294,15916,10285,11067,153085,529644,,1631,635,860,2251,3421,881,,289573,117668,3586,,,5,66,,Suspicious,Suspicious,242,1445,10630
274877909187,613,144391,1173133,2024-06-13T23:59:01.000Z,14,12,CredentialAccess,T1110;T1110.003;T1110.001,FalsePositive,,,CloudLogonRequest,Related,98799,138268,360606,160396,441377,673934,425863,453297,153085,529644,,1631,635,860,2251,3421,881,,289573,117668,3586,,,5,66,,,,242,1445,10630
790273983142,22,145,1025777,2024-06-05T21:16:14.000Z,4,3,InitialAccess,,TruePositive,,,Ip,Related,98799,138268,70630,160396,441377,673934,425863,453297,153085,529644,,1631,635,860,2251,3421,881,,289573,117668,3586,,,5,66,,,,3,161,450
893353199885,48,450869,1405806,2024-06-12T17:09:34.000Z,9,45,Execution,,BenignPositive,,,File,Related,98799,89898,360606,160396,441377,673934,425863,453297,153085,529644,,1631,635,860,2251,3421,881,,66329,117668,3586,,,5,66,,,,242,1445,10630
1168231107436,34,97851,613189,2024-06-07T14:57:00.000Z,3,4,SuspiciousActivity,,BenignPositive,,,Machine,Impacted,12206,138268,360606,160396,441377,673934,425863,453297,18903,529644,,1631,635,860,2251,3421,881,,289573,117668,3586,,,5,66,,Suspicious,Suspicious,242,1445,10630
1065151892736,2,12047,3708,2024-06-12T14:16:26.000Z,18,14,Exfiltration,,BenignPositive,,,File,Impacted,98799,138268,360606,160396,441377,673934,425863,453297,153085,529644,,1631,635,860,2251,3421,881,,23352,6990,3586,,,5,66,,,,242,1445,10630
506806144919,20,477,639,2024-06-06T13:31:19.000Z,49,35,CommandAndControl,T1046;T1030;T1071;T1071.001,FalsePositive,,,Ip,Related,98799,138268,59334,160396,441377,673934,425863,453297,153085,529644,,1631,635,860,2251,3421,881,,289573,117668,3586,,,5,66,,,,242,1445,10630
867583396891,55,227213,452508,2024-06-13T01:47:34.000Z,13,11,InitialAccess,T1566,TruePositive,,,Ip,Related,98799,138268,6000,160396,441377,673934,425863,453297,153085,529644,,1631,635,860,2251,3421,881,,289573,117668,3586,,,5,66,,,NoThreatsFound,242,1445,10630
1065151889449,6,739,241,2024-05-26T15:29:53.000Z,17,748,Impact,,BenignPositive,,,Ip,Related,98799,138268,1658,160396,441377,673934,425863,453297,153085,529644,,1631,635,860,2251,3421,881,,289573,117668,3586,,,5,66,,,,242,1445,10630
1477468753875,10,2073,226,2024-05-31T06:41:21.000Z,12,478,Impact,,TruePositive,,,Ip,Related,98799,138268,1071,160396,441377,673934,425863,453297,153085,529644,,1631,635,860,2251,3421,881,,289573,117668,3586,,,5,66,,,,242,1445,10630
85899350264,78,106925,138319,2024-06-10T18:34:22.000Z,1,1,InitialAccess,T1566.002,BenignPositive,,,Url,Related,98799,138268,360606,737,441377,673934,425863,453297,153085,529644,,1631,635,860,2251,3421,881,,289573,117668,3586,,,5,66,,,NoThreatsFound,242,1445,10630
601295424319,34,280313,611826,2024-06-06T20:41:46.000Z,3,4,SuspiciousActivity,,BenignPositive,,,Ip,Related,98799,138268,237,160396,441377,673934,425863,453297,153085,529644,,1631,635,860,2251,3421,881,,289573,117668,3586,,,5,66,,Suspicious,Suspicious,242,1445,10630
1357209670191,9,31235,24457,2024-06-12T16:02:02.000Z,40,10883,Exfiltration,,BenignPositive,,,MailMessage,Impacted,98799,138268,360606,160396,441377,130086,425863,453297,153085,17344,,1631,635,860,2251,3421,881,,289573,117668,3586,,,5,66,,,,242,1445,10630
584115554282,31,33037,113728,2024-06-05T22:24:37.000Z,93,1453,Exfiltration,,BenignPositive,,,User,Impacted,98799,138268,360606,160396,2357,2896,2355,2478,153085,529644,,1631,635,860,2251,3421,881,,289573,117668,3586,,,5,66,,,,242,1445,10630
1013612285822,14,374,233,2024-05-22T23:43:59.000Z,41,707,Impact,,TruePositive,,,Ip,Related,98799,138268,1308,160396,441377,673934,425863,453297,153085,529644,,1631,635,860,2251,3421,881,,289573,117668,3586,,,5,66,,,,242,1445,10630
403726926167,11,433506,1031383,2024-06-14T10:22:56.000Z,0,0,InitialAccess,T1078;T1078.004,FalsePositive,,,CloudLogonRequest,Related,98799,138268,360606,160396,441377,673934,425863,453297,153085,529644,,1631,635,860,2251,3421,881,,289573,117668,3586,,,5,66,,,,242,1445,10630
764504183292,9,23959,292486,2024-06-03T06:28:33.000Z,198,40321,Exfiltration,,BenignPositive,,,MailMessage,Impacted,98799,138268,360606,160396,441377,32430,425863,453297,153085,287649,,1631,635,860,2251,3421,881,,289573,117668,3586,,,5,66,,,,242,1445,10630
1468878817338,568,215876,372897,2024-06-06T01:28:55.000Z,4,3,InitialAccess,,TruePositive,,,User,Impacted,98799,138268,360606,160396,138,198,130,160,153085,529644,,1631,635,860,2251,3421,881,,289573,117668,3586,,,5,66,,,,242,1445,10630
953482740432,60,110,33102,2024-06-11T19:22:24.000Z,51,14267,Exfiltration,,FalsePositive,,,MailMessage,Impacted,98799,138268,360606,160396,441377,28686,425863,453297,153085,4212,,1631,635,860,2251,3421,881,,289573,117668,3586,,,5,66,,,,242,1445,10630
944892806785,1,27,1317631,2024-06-10T17:55:07.000Z,7,6,InitialAccess,,TruePositive,,,CloudLogonRequest,Related,98799,138268,360606,160396,441377,673934,425863,453297,153085,529644,,1631,635,860,2251,3421,881,,289573,117668,3586,,,5,66,,,,242,1445,10630
343597386100,48,202714,337551,2024-06-04T12:21:50.000Z,9,45,Execution,,BenignPositive,,,CloudApplication,Impacted,98799,138268,360606,160396,441377,673934,425863,453297,153085,529644,,1631,635,860,3,3,881,,289573,117668,3586,,,5,66,,,,242,1445,10630
240518169186,17,41595,24264,2024-06-11T17:28:20.000Z,20,7920,Exfiltration,,FalsePositive,,,File,Impacted,98799,5934,360606,160396,441377,673934,425863,453297,153085,529644,,1631,635,860,2251,3421,881,,6856,3253,3586,,,5,66,,,,242,1445,10630
498216209892,2,5126,11381,2024-06-11T15:30:36.000Z,42,27,Exfiltration,,BenignPositive,,,User,Impacted,98799,138268,360606,160396,2636,460,2628,2774,153085,529644,,1631,635,860,2251,3421,881,,289573,117668,3586,,,5,66,,,,242,1445,10630
1494648619031,6,2755,1790,2024-05-22T18:57:44.000Z,17,158,Impact,,BenignPositive,,,Ip,Related,98799,138268,143,160396,441377,673934,425863,453297,153085,529644,,1631,635,860,2251,3421,881,,289573,117668,3586,,,5,66,,,,242,1445,10630
249108104923,0,265,1286364,2024-06-03T06:31:28.000Z,0,0,InitialAccess,T1078;T1078.004,TruePositive,,,User,Impacted,98799,138268,360606,160396,359,473,351,386,153085,529644,,1631,635,860,2251,3421,881,,289573,117668,3586,,,5,66,,,,242,1445,10630
1013612283851,1490,21453,1139097,2024-06-04T12:54:43.000Z,7249,81286,Discovery,T1057,BenignPositive,,,Process,Related,98799,48,360606,160396,441377,673934,425863,453297,153085,529644,,1631,635,860,2251,3421,881,,5,0,3586,,,5,66,,,,242,1445,10630
1554778165008,12,2738,1880,2024-05-23T03:50:56.000Z,16,1555,Impact,,BenignPositive,,,Ip,Related,98799,138268,1177,160396,441377,673934,425863,453297,153085,529644,,1631,635,860,2251,3421,881,,289573,117668,3586,,,5,66,,,,242,1445,10630
1529008359426,31,180,9426,2024-06-07T11:13:05.000Z,89,2513,Exfiltration,,BenignPositive,,,MailMessage,Impacted,98799,138268,360606,160396,441377,30116,425863,453297,153085,115,,1631,635,860,2251,3421,881,,289573,117668,3586,,,5,66,,,,242,1445,10630
1030792151736,22,337,173675,2024-06-10T21:18:08.000Z,4,3,InitialAccess,,TruePositive,,,Ip,Related,98799,138268,56787,160396,441377,673934,425863,453297,153085,529644,,1631,635,860,2251,3421,881,,289573,117668,3586,,,5,66,,,,21,1445,10630
1108101564322,1092,7878,1371664,2024-06-05T15:45:29.000Z,5,62,SuspiciousActivity,,FalsePositive,,,CloudApplication,Impacted,98799,138268,360606,160396,441377,673934,425863,453297,153085,529644,,1631,635,860,1,1,881,,289573,117668,3586,,,5,66,,,,242,1445,10630
566935688328,104,1550,2437,2024-06-03T12:01:41.000Z,11,9,InitialAccess,T1566,FalsePositive,,,Mailbox,Impacted,98799,138268,360606,160396,55387,55458,53746,55592,153085,529644,,1631,635,860,2251,3421,881,,289573,117668,3586,,,5,66,,,,242,1445,10630
1529008358598,16,240631,476671,2024-06-13T20:23:23.000Z,24,37,Exfiltration,,BenignPositive,,,User,Impacted,98799,138268,360606,160396,0,0,0,0,153085,529644,,1631,635,860,2251,3421,881,,289573,117668,3586,,,5,66,,,,242,1445,10630
1125281435345,3,301796,709239,2024-06-07T10:30:24.000Z,2,2,CommandAndControl,,BenignPositive,,,Process,Related,98799,3,360606,160396,441377,673934,425863,453297,153085,529644,,1631,635,860,2251,3421,881,,1,1,3586,,,5,66,,Suspicious,Suspicious,242,1445,10630
1443109013265,0,303,69626,2024-06-05T06:28:24.000Z,0,0,InitialAccess,T1078;T1078.004,TruePositive,,,Ip,Related,98799,138268,4,160396,441377,673934,425863,453297,153085,529644,,1631,635,860,2251,3421,881,,289573,117668,3586,,,5,66,,,,12,12,9
919123003603,1141,154579,1587207,2024-06-06T17:59:20.000Z,292,294,Malware,,TruePositive,,,File,Related,98799,68068,360606,160396,441377,673934,425863,453297,153085,529644,,1631,635,860,2251,3421,881,,44752,45601,3586,,,5,66,,Suspicious,Malicious,242,1445,10630
1425929146773,551,206506,260588,2024-06-06T00:41:56.000Z,3,4,SuspiciousActivity,,BenignPositive,,,Machine,Impacted,11124,138268,360606,160396,441377,673934,425863,453297,16824,529644,,1631,635,860,2251,3421,881,,289573,117668,3586,,,5,66,,Suspicious,Suspicious,242,1445,10630
197568499533,14,198,53,2024-05-23T20:00:12.000Z,41,736,Impact,,TruePositive,,,Ip,Related,98799,138268,4051,160396,441377,673934,425863,453297,153085,529644,,1631,635,860,2251,3421,881,,289573,117668,3586,,,5,66,,,,242,1445,10630
790273986320,12,1887,1184,2024-06-02T10:13:52.000Z,16,1262,Impact,,BenignPositive,,,Ip,Related,98799,138268,8620,160396,441377,673934,425863,453297,153085,529644,,1631,635,860,2251,3421,881,,289573,117668,3586,,,5,66,,,,242,1445,10630
541165883994,559,161449,951695,2024-06-07T02:34:55.000Z,19,15,InitialAccess,,FalsePositive,,,Ip,Related,98799,138268,22098,160396,441377,673934,425863,453297,153085,529644,,1631,635,860,2251,3421,881,,289573,117668,3586,,,5,66,,,,0,1,5
575525622678,152,1886,18721,2024-06-15T19:36:03.000Z,872,1452,CredentialAccess,T1110,BenignPositive,,,User,Impacted,98799,138268,360606,160396,24216,39306,24252,26401,153085,529644,,1631,635,860,2251,3421,881,,289573,117668,3586,,,5,66,,,,242,1445,10630
781684051582,3,164335,616316,2024-06-09T16:09:45.000Z,3,410,SuspiciousActivity,,BenignPositive,,,Url,Related,98799,138268,360606,366,441377,673934,425863,453297,153085,529644,,1631,635,860,2251,3421,881,,289573,117668,3586,,,5,66,,,,242,1445,10630
1288490192878,10,240,122,2024-05-23T02:55:45.000Z,12,722,Impact,,TruePositive,,,Ip,Related,98799,138268,4755,160396,441377,673934,425863,453297,153085,529644,,1631,635,860,2251,3421,881,,289573,117668,3586,,,5,66,,,,242,1445,10630
25769807599,100,8235,8215,2024-05-23T02:38:35.000Z,72,53,Impact,,BenignPositive,,,Ip,Related,98799,138268,3662,160396,441377,673934,425863,453297,153085,529644,,1631,635,860,2251,3421,881,,289573,117668,3586,,,5,66,,,,242,1445,10630
498216209681,51,73880,136317,2024-06-12T23:24:34.000Z,39,26,Execution,T1559;T1106;T1059.005,BenignPositive,,,Machine,Impacted,287,138268,360606,160396,441377,673934,425863,453297,1250,529644,,1631,635,860,2251,3421,881,,289573,117668,3586,,,5,66,,,,242,1445,10630
910533068820,31,16520,5908,2024-06-04T16:14:12.000Z,89,2145,Exfiltration,,BenignPositive,,,MailMessage,Impacted,98799,138268,360606,160396,441377,24208,425863,453297,153085,1565,,1631,635,860,2251,3421,881,,289573,117668,3586,,,5,66,,,,242,1445,10630
790273984959,5,274,414381,2024-06-11T15:16:14.000Z,4,3,InitialAccess,,TruePositive,,,User,Impacted,98799,138268,360606,160396,62,84,56,67,153085,529644,,1631,635,860,2251,3421,881,,289573,117668,3586,,,5,66,,,,242,1445,10630
798863922073,114,1010,70038,2024-06-06T13:42:35.000Z,3,4,SuspiciousActivity,,FalsePositive,,,Url,Related,98799,138268,360606,81,441377,673934,425863,453297,153085,529644,,1631,635,860,2251,3421,881,,289573,117668,3586,,,5,66,,Suspicious,Suspicious,242,1445,10630
755914247006,205,80533,804619,2024-06-04T16:28:03.000Z,13,11,InitialAccess,T1566,BenignPositive,,,Mailbox,Impacted,98799,138268,360606,160396,50837,51367,52779,61127,153085,529644,,1631,635,860,2251,3421,881,,289573,117668,3586,,,5,66,,,,242,1445,10630
266287975785,2,15074,11145,2024-06-13T09:48:11.000Z,18,14,Exfiltration,,BenignPositive,,,MailMessage,Impacted,98799,138268,360606,160396,441377,10,425863,453297,153085,28366,,1631,635,860,2251,3421,881,,289573,117668,3586,,,5,66,,,,242,1445,10630
695784705459,2,32270,20542,2024-06-04T04:09:50.000Z,18,14,Exfiltration,,BenignPositive,,,User,Impacted,98799,138268,360606,160396,37,51,33,12,153085,529644,,1631,635,860,2251,3421,881,,289573,117668,3586,,,5,66,,,,242,1445,10630
644245095318,18,389323,439073,2024-06-08T08:50:27.000Z,216,1926,Exfiltration,,FalsePositive,,,Machine,Impacted,98799,138268,360606,160396,441377,673934,425863,453297,711,529644,,1631,635,860,2251,3421,881,,289573,117668,3586,,,5,66,,,,242,1445,10630
1640677510512,97,129490,60031,2024-06-13T19:29:02.000Z,1,1,InitialAccess,T1566.002,TruePositive,,,MailCluster,Related,98799,138268,360606,160396,441377,673934,425863,453297,153085,529644,3963089629.0,1631,635,860,2251,3421,881,,289573,117668,3586,,,5,66,,,Suspicious,242,1445,10630
369367188883,871,60836,435163,2024-06-03T11:17:06.000Z,1322,51834,Exfiltration,,FalsePositive,,,User,Impacted,98799,138268,360606,160396,9427,13853,9431,10232,153085,529644,,1631,635,860,2251,3421,881,,289573,117668,3586,,,5,66,,,,242,1445,10630
25769808664,4,1827,375,2024-05-31T10:12:27.000Z,8,7,InitialAccess,T1133,FalsePositive,,,Machine,Impacted,98799,138268,360606,160396,441377,673934,425863,453297,652,529644,,1631,635,860,2251,3421,881,,289573,117668,3586,,,5,66,,,,242,1445,10630
1468878816857,1,485,75089,2024-06-03T16:13:19.000Z,0,0,InitialAccess,T1078;T1078.004,TruePositive,,,CloudLogonSession,Related,98799,138268,360606,160396,441377,673934,425863,453297,153085,529644,,1631,635,860,2251,3421,881,,289573,117668,3586,,,5,66,,,,242,1445,10630
944892808565,35,276,522181,2024-06-06T03:08:54.000Z,7,6,InitialAccess,,TruePositive,,,Ip,Related,98799,138268,1973,160396,441377,673934,425863,453297,153085,529644,,1631,635,860,2251,3421,881,,289573,117668,3586,,,5,66,,,,0,28,348
721554506665,18,390300,1562444,2024-06-10T23:44:13.000Z,9,32,Execution,,FalsePositive,,,CloudApplication,Impacted,98799,138268,360606,160396,441377,673934,425863,453297,153085,529644,,1631,635,860,4,4,881,,289573,117668,3586,,,5,66,,,,242,1445,10630
68719478059,341,34127,58352,2024-06-11T23:40:25.000Z,1,1,InitialAccess,T1566.002,BenignPositive,,,MailMessage,Related,98799,138268,360606,160396,441377,50622,425863,453297,153085,61691,,1631,635,860,2251,3421,881,,289573,117668,3586,,,5,66,Inbound,,Malicious,242,1445,10630
1125281433890,102,356,1111888,2024-06-04T05:21:26.000Z,108,71051,Exfiltration,,BenignPositive,,,User,Impacted,98799,138268,360606,160396,80597,126907,82577,85726,153085,529644,,1631,635,860,2251,3421,881,,289573,117668,3586,,,5,66,,,,242,1445,10630
8589935127,283,335,234096,2024-06-09T01:15:21.000Z,1,1,InitialAccess,T1566.002,TruePositive,,,MailMessage,Related,98799,138268,360606,160396,441377,1827,425863,453297,153085,5663,,1631,635,860,2251,3421,881,,289573,117668,3586,,,5,66,Inbound,,Malicious,242,1445,10630
1245540517659,0,83,818531,2024-06-06T21:27:25.000Z,4,3,InitialAccess,,TruePositive,,,CloudLogonRequest,Related,98799,138268,360606,160396,441377,673934,425863,453297,153085,529644,,1631,635,860,2251,3421,881,,289573,117668,3586,,,5,66,,,,242,1445,10630
670014898643,151,15572,11740,2024-06-04T16:43:54.000Z,113,91,InitialAccess,,BenignPositive,,,User,Impacted,98799,138268,360606,160396,20099,26337,20058,16420,153085,529644,,1631,635,860,2251,3421,881,,289573,117668,3586,,,5,66,,,,242,1445,10630
223338304543,46,34861,29470,2024-06-08T21:48:48.000Z,810,296,CredentialAccess,T1003,BenignPositive,,,User,Impacted,98799,138268,360606,160396,441377,673934,425863,41249,153085,529644,,1631,635,860,2251,3421,881,,289573,117668,3586,,,5,66,,,,242,1445,10630
627065226947,0,375,331420,2024-06-10T11:01:10.000Z,0,0,InitialAccess,T1078;T1078.004,TruePositive,,,CloudLogonRequest,Related,98799,138268,360606,160396,441377,673934,425863,453297,153085,529644,,1631,635,860,2251,3421,881,,289573,117668,3586,,,5,66,,,,242,1445,10630
1073741824598,2040,72257,427383,2024-06-04T10:05:02.000Z,572,645,Execution,T1059;T1080;T1140;T1203;T1204;T1218,TruePositive,,,Process,Related,98799,260,360606,160396,441377,673934,425863,453297,153085,529644,,1631,635,860,2251,3421,881,,185,203,3586,,,5,66,,Suspicious,Suspicious,242,1445,10630
790273986579,20,1416,1396,2024-06-02T08:43:46.000Z,79,175,Impact,,FalsePositive,,,Ip,Related,98799,138268,1536,160396,441377,673934,425863,453297,153085,529644,,1631,635,860,2251,3421,881,,289573,117668,3586,,,5,66,,,,242,1445,10630
309237647398,19,4918,2025,2024-06-02T11:00:19.000Z,23,16,CommandAndControl,,TruePositive,,,Url,Related,98799,138268,360606,876,441377,673934,425863,453297,153085,529644,,1631,635,860,2251,3421,881,,289573,117668,3586,,,5,66,,,,242,1445,10630
180388631256,4,287,452,2024-05-29T08:52:06.000Z,8,7,InitialAccess,T1133,FalsePositive,,,Machine,Impacted,98799,138268,360606,160396,441377,673934,425863,453297,179,529644,,1631,635,860,2251,3421,881,,289573,117668,3586,,,5,66,,,,242,1445,10630
609885360283,1228,32975,93999,2024-06-11T16:40:11.000Z,6,5,InitialAccess,T1566,TruePositive,,,Mailbox,Impacted,98799,138268,360606,160396,17563,15527,17636,19571,153085,529644,,1631,635,860,2251,3421,881,,289573,117668,3586,,,5,66,,,NoThreatsFound,242,1445,10630
1571958034264,109,138710,355594,2024-06-05T23:05:15.000Z,75,46055,Exfiltration,,BenignPositive,,,User,Impacted,98799,138268,360606,160396,1121,1536,1115,1181,153085,529644,,1631,635,860,2251,3421,881,,289573,117668,3586,,,5,66,,,,242,1445,10630
377957123419,44,4258,7207,2024-06-10T19:05:17.000Z,410,437,Exfiltration,,BenignPositive,,,MailMessage,Impacted,98799,138268,360606,160396,441377,2228,425863,453297,153085,48806,,1631,635,860,2251,3421,881,,289573,117668,3586,,,5,66,,,,242,1445,10630
214748368787,10,300,226,2024-05-31T06:41:21.000Z,12,478,Impact,,TruePositive,,,Ip,Related,98799,138268,5437,160396,441377,673934,425863,453297,153085,529644,,1631,635,860,2251,3421,881,,289573,117668,3586,,,5,66,,,,242,1445,10630
1090921694926,26,21311,1425964,2024-06-15T06:23:38.000Z,31,9650,Malware,,BenignPositive,,,File,Related,98799,29731,360606,160396,441377,673934,425863,453297,153085,529644,,1631,635,860,2251,3421,881,Seheq,43163,1651,3586,,,5,66,,Suspicious,Malicious,242,1445,10630
1073741825014,18,393056,1568533,2024-06-15T02:27:47.000Z,9,47,Execution,,FalsePositive,,,File,Related,98799,35222,360606,160396,441377,673934,425863,453297,153085,529644,,1631,635,860,2251,3421,881,,69336,117668,3586,,,5,66,,,,242,1445,10630
635655161844,31,17,28117,2024-06-04T18:51:52.000Z,45,917,Exfiltration,,BenignPositive,,,User,Impacted,98799,138268,360606,160396,144,204,135,164,153085,529644,,1631,635,860,2251,3421,881,,289573,117668,3586,,,5,66,,,,242,1445,10630
171798696839,190,5844,95208,2024-06-12T22:02:34.000Z,6,5,InitialAccess,T1566,FalsePositive,,,Ip,Related,98799,138268,7748,160396,441377,673934,425863,453297,153085,529644,,1631,635,860,2251,3421,881,,289573,117668,3586,,,5,66,,,NoThreatsFound,242,1445,10630
704374638836,52,4960,3309,2024-06-14T23:21:48.000Z,259,219,CommandAndControl,,BenignPositive,,,Url,Related,98799,138268,360606,121603,441377,673934,425863,453297,153085,529644,,1631,635,860,2251,3421,881,,289573,117668,3586,,,5,66,,,,242,1445,10630
558345751070,733,3367,227268,2024-06-12T18:19:13.000Z,5292,1177,DefenseEvasion,T1078;T1078.004,BenignPositive,,,Ip,Related,98799,138268,330927,160396,441377,673934,425863,453297,153085,529644,,1631,635,860,2251,3421,881,,289573,117668,3586,,,5,66,,,,242,1445,10630
111669153492,3,306755,700374,2024-06-14T12:41:12.000Z,2,2,CommandAndControl,,BenignPositive,,,Machine,Impacted,23353,138268,360606,160396,441377,673934,425863,453297,32096,529644,,1631,635,860,2251,3421,881,,289573,117668,3586,,,0,0,,Suspicious,Suspicious,242,1445,10630
833223659651,141,29205,671624,2024-06-07T02:01:45.000Z,940,83,LateralMovement,T1021,BenignPositive,,,Ip,Related,98799,138268,48422,160396,441377,673934,425863,453297,153085,529644,,1631,635,860,2251,3421,881,,289573,117668,3586,,,5,66,,,,242,1445,10630
901943132437,11,428415,1050164,2024-06-13T08:37:27.000Z,0,0,InitialAccess,T1078;T1078.004,FalsePositive,,,User,Impacted,98799,138268,360606,160396,4583,6353,4577,4883,153085,529644,,1631,635,860,2251,3421,881,,289573,117668,3586,,,5,66,,,,242,1445,10630
1133871368945,29,3852,2461,2024-05-26T22:06:30.000Z,191,103,CommandAndControl,T1189;T1071;T1203,BenignPositive,,,Ip,Related,98799,138268,25576,160396,441377,673934,425863,453297,153085,529644,,1631,635,860,2251,3421,881,,289573,117668,3586,,,5,66,,,,242,1445,10630
1297080124757,65,308892,771000,2024-06-10T17:43:05.000Z,2,2,CommandAndControl,,FalsePositive,,,User,Impacted,98799,138268,360606,160396,64189,114292,70655,73363,153085,529644,,1631,635,860,2251,3421,881,,289573,117668,3586,,,5,66,,Suspicious,Suspicious,242,1445,10630
1108101562368,25,124,230889,2024-06-05T15:48:20.000Z,30,17998,Exfiltration,,BenignPositive,,,User,Impacted,98799,138268,360606,160396,26586,24724,25925,28182,153085,529644,,1631,635,860,2251,3421,881,,289573,117668,3586,,,5,66,,,,242,1445,10630
1262720389044,14,4438,3040,2024-06-02T19:31:10.000Z,29,20,Impact,,TruePositive,,,Ip,Related,98799,138268,81549,160396,441377,673934,425863,453297,153085,529644,,1631,635,860,2251,3421,881,,289573,117668,3586,,,5,66,,,,242,1445,10630
1391569405569,7,4052,3226,2024-06-02T15:59:16.000Z,21,2214,Impact,,FalsePositive,,,Ip,Related,98799,138268,40224,160396,441377,673934,425863,453297,153085,529644,,1631,635,860,2251,3421,881,,289573,117668,3586,,,5,66,,,,242,1445,10630
738734375927,18,393025,1081063,2024-06-15T02:46:46.000Z,9,32,Execution,,FalsePositive,,,File,Related,98799,39468,360606,160396,441377,673934,425863,453297,153085,529644,,1631,635,860,2251,3421,881,,68317,117668,3586,,,5,66,,,,242,1445,10630
1460288881690,129,66251,41837,2024-06-04T19:03:13.000Z,104,16273,Exfiltration,,BenignPositive,,,MailMessage,Impacted,98799,138268,360606,160396,441377,499073,425863,453297,153085,4415,,1631,635,860,2251,3421,881,,289573,117668,3586,,,5,66,,,,242,1445,10630
180388630468,10,49,244,2024-05-24T02:12:16.000Z,12,52,Impact,,TruePositive,,,Ip,Related,98799,138268,917,160396,441377,673934,425863,453297,153085,529644,,1631,635,860,2251,3421,881,,289573,117668,3586,,,5,66,,,,242,1445,10630
25769807688,109,21628,796074,2024-06-07T18:54:05.000Z,75,66237,Exfiltration,,BenignPositive,,,CloudApplication,Impacted,98799,138268,360606,160396,441377,673934,425863,453297,153085,529644,,1631,635,860,3,3,881,,289573,117668,3586,,,5,66,,,,242,1445,10630
781684049505,7,3201,716,2024-06-02T09:23:32.000Z,21,70,Impact,,FalsePositive,,,Ip,Related,98799,138268,7484,160396,441377,673934,425863,453297,153085,529644,,1631,635,860,2251,3421,881,,289573,117668,3586,,,5,66,,,,242,1445,10630
1425929146664,585,7788,6246,2024-06-11T10:22:55.000Z,770,24,CredentialAccess,T1110;T1078,BenignPositive,,,User,Impacted,98799,138268,360606,160396,343107,581913,353066,398499,153085,529644,,1631,635,860,2251,3421,881,,289573,117668,3586,,,5,66,,,,242,1445,10630
343597385315,176,12660,427302,2024-06-12T09:01:38.000Z,141,364,Malware,,TruePositive,,,Machine,Impacted,14929,138268,360606,160396,441377,673934,425863,453297,22295,529644,,1631,635,860,2251,3421,881,,289573,117668,3586,,,0,0,,Suspicious,Suspicious,242,1445,10630
120259088592,36,939,472100,2024-06-08T16:30:03.000Z,36,139,InitialAccess,,TruePositive,,,Url,Related,98799,138268,360606,62,441377,673934,425863,453297,153085,529644,,1631,635,860,2251,3421,881,,289573,117668,3586,,,5,66,,Suspicious,Suspicious,242,1445,10630
1486058689361,37,3044,9093,2024-06-06T08:14:13.000Z,105,2732,Exfiltration,,FalsePositive,,,MailMessage,Impacted,98799,138268,360606,160396,441377,33018,425863,453297,153085,131,,1631,635,860,2251,3421,881,,289573,117668,3586,,,5,66,,,,242,1445,10630
1357209669031,186,31127,433360,2024-06-04T09:24:09.000Z,357,2021,Exfiltration,,FalsePositive,,,Machine,Impacted,98799,138268,360606,160396,441377,673934,425863,453297,1582,529644,,1631,635,860,2251,3421,881,,289573,117668,3586,,,5,66,,,,242,1445,10630
773094116445,33,6460,6222,2024-06-12T14:41:45.000Z,38,25,Impact,,BenignPositive,,,Machine,Impacted,98799,138268,360606,160396,441377,673934,425863,453297,13751,529644,,1631,635,860,2251,3421,881,,289573,117668,3586,,,5,66,,,,242,1445,10630
188978565673,9,281,7259,2024-06-13T19:16:42.000Z,40,4226,Exfiltration,,BenignPositive,,,MailMessage,Impacted,98799,138268,360606,160396,441377,9845,425863,453297,153085,1697,,1631,635,860,2251,3421,881,,289573,117668,3586,,,5,66,,,,242,1445,10630
395136994028,95,128552,995954,2024-06-13T21:09:55.000Z,0,0,InitialAccess,T1078;T1078.004,FalsePositive,,,CloudLogonSession,Related,98799,138268,360606,160396,441377,673934,425863,453297,153085,529644,,1631,635,860,2251,3421,881,,289573,117668,3586,,,5,66,,,,242,1445,10630
773094116753,2,11106,7969,2024-06-13T00:16:59.000Z,15,13,Exfiltration,,BenignPositive,,,MailMessage,Impacted,98799,138268,360606,160396,441377,10,425863,453297,153085,8295,,1631,635,860,2251,3421,881,,289573,117668,3586,,,5,66,,,,242,1445,10630
910533071836,430,641,129594,2024-06-11T02:48:16.000Z,44,898,SuspiciousActivity,,BenignPositive,,,File,Related,98799,112783,360606,160396,441377,673934,425863,453297,153085,529644,,1631,635,860,2251,3421,881,,177636,15325,3586,,,5,66,,Suspicious,Suspicious,242,1445,10630
1374389539213,53,161,160,2024-06-04T05:43:33.000Z,61,44,InitialAccess,T1190;T1133,FalsePositive,,,Ip,Related,98799,138268,74983,160396,441377,673934,425863,453297,153085,529644,,1631,635,860,2251,3421,881,,289573,117668,3586,,,5,66,,,,242,1445,10630
910533068562,0,259,310946,2024-06-11T14:04:20.000Z,0,0,InitialAccess,T1078;T1078.004,TruePositive,,,User,Impacted,98799,138268,360606,160396,3607,4787,3595,3755,153085,529644,,1631,635,860,2251,3421,881,,289573,117668,3586,,,5,66,,,,242,1445,10630
429496731124,32,337321,1136748,2024-06-04T21:04:12.000Z,516,555,Exfiltration,T1567.002,BenignPositive,,,CloudApplication,Related,98799,138268,360606,160396,441377,673934,425863,453297,153085,529644,,1631,635,860,1,1,881,,289573,117668,3586,,,5,66,,,,242,1445,10630
180388631256,4,287,416,2024-05-29T07:23:32.000Z,8,7,InitialAccess,T1133,FalsePositive,,,Machine,Impacted,98799,138268,360606,160396,441377,673934,425863,453297,310,529644,,1631,635,860,2251,3421,881,,289573,117668,3586,,,5,66,,,,242,1445,10630
850403527310,40,83717,223837,2024-06-14T13:53:01.000Z,10,8,InitialAccess,T1566.001,BenignPositive,,,File,Related,98799,31276,360606,160396,441377,673934,425863,453297,153085,529644,,1631,635,860,2251,3421,881,,140367,117668,3586,,,5,66,,,,242,1445,10630
1382979471539,13,18486,12329,2024-06-05T12:27:42.000Z,34,3163,Exfiltration,,BenignPositive,,,File,Impacted,98799,786,360606,160396,441377,673934,425863,453297,153085,529644,,1631,635,860,2251,3421,881,,880,7,3586,,,5,66,,,,242,1445,10630
111669151404,1,30,510588,2024-06-08T15:17:29.000Z,0,0,InitialAccess,T1078;T1078.004,TruePositive,,,CloudLogonRequest,Related,98799,138268,360606,160396,441377,673934,425863,453297,153085,529644,,1631,635,860,2251,3421,881,,289573,117668,3586,,,5,66,,,,242,1445,10630
816043790759,36,324977,262184,2024-06-07T10:00:11.000Z,36,118,SuspiciousActivity,,FalsePositive,,,Process,Related,98799,0,360606,160396,441377,673934,425863,453297,153085,529644,,1631,635,860,2251,3421,881,,0,4,3586,,,5,66,,Suspicious,Suspicious,242,1445,10630
764504183403,81,56400,41606,2024-06-03T17:08:31.000Z,65,16483,Exfiltration,,BenignPositive,,,File,Impacted,98799,138268,360606,160396,441377,673934,425863,453297,153085,529644,,1631,635,860,2251,3421,881,,189408,0,3586,,,5,66,,,,242,1445,10630
249108104923,0,265,926525,2024-06-03T14:42:21.000Z,0,0,InitialAccess,T1078;T1078.004,TruePositive,,,CloudLogonSession,Related,98799,138268,360606,160396,441377,673934,425863,453297,153085,529644,,1631,635,860,2251,3421,881,,289573,117668,3586,,,5,66,,,,242,1445,10630
1279900254663,54,92616,443046,2024-06-06T14:22:37.000Z,102,51195,Exfiltration,,BenignPositive,,,File,Impacted,98799,138268,360606,160396,441377,673934,425863,453297,153085,529644,,1631,635,860,2251,3421,881,,81496,5710,3586,,,5,66,,,,242,1445,10630
94489283201,98,349006,1033638,2024-06-12T14:42:51.000Z,4,3,InitialAccess,,FalsePositive,,,CloudLogonRequest,Related,98799,138268,360606,160396,441377,673934,425863,453297,153085,529644,,1631,635,860,2251,3421,881,,289573,117668,3586,,,5,66,,,,242,1445,10630
678604835306,132,57747,447597,2024-06-13T21:08:55.000Z,13,11,InitialAccess,T1566,BenignPositive,,,MailMessage,Related,98799,138268,360606,160396,441377,32663,425863,453297,153085,131866,,1631,635,860,2251,3421,881,,289573,117668,3586,,,5,66,,,,242,1445,10630
1640677507579,416,128098,1618430,2024-06-07T18:33:26.000Z,118,98,InitialAccess,,FalsePositive,,,Mailbox,Impacted,98799,138268,360606,160396,133399,222276,118988,146703,153085,529644,,1631,635,860,2251,3421,881,,289573,117668,3586,,,5,66,,,,242,1445,10630
231928234896,18,390484,209115,2024-06-11T00:28:26.000Z,129,35711,Exfiltration,,FalsePositive,,,File,Impacted,98799,138268,360606,160396,441377,673934,425863,453297,153085,529644,,1631,635,860,2251,3421,881,,46367,1914,3586,,,5,66,,,,242,1445,10630
360777257877,37,14465,8016,2024-06-13T02:50:58.000Z,125,4545,Exfiltration,,FalsePositive,,,MailMessage,Impacted,98799,138268,360606,160396,441377,9393,425863,453297,153085,281,,1631,635,860,2251,3421,881,,289573,117668,3586,,,5,66,,,,242,1445,10630
927712937963,364,7476,1585090,2024-06-13T16:09:29.000Z,403,43406,SuspiciousActivity,,BenignPositive,,,Process,Related,98799,34151,360606,160396,441377,673934,425863,453297,153085,529644,,1631,635,860,2251,3421,881,,23838,20,3586,,,5,66,,Suspicious,Malicious,242,1445,10630
1692217116247,7,3045,628,2024-05-24T06:41:47.000Z,21,52,Impact,,FalsePositive,,,Ip,Related,98799,138268,353,160396,441377,673934,425863,453297,153085,529644,,1631,635,860,2251,3421,881,,289573,117668,3586,,,5,66,,,,242,1445,10630
910533068866,49,94853,759580,2024-06-14T07:06:42.000Z,2,2,CommandAndControl,,TruePositive,,,Url,Related,98799,138268,360606,537,441377,673934,425863,453297,153085,529644,,1631,635,860,2251,3421,881,,289573,117668,3586,,,5,66,,Suspicious,Suspicious,242,1445,10630
257698038924,16,122926,1440881,2024-06-03T22:33:05.000Z,55,37,Exfiltration,,BenignPositive,,,MailMessage,Impacted,98799,138268,360606,160396,441377,402115,425863,453297,153085,267452,,1631,635,860,2251,3421,881,,289573,117668,3586,,,5,66,,,,242,1445,10630
266287974422,90,248,1254841,2024-06-03T14:19:36.000Z,7,6,InitialAccess,,TruePositive,,,Ip,Related,98799,138268,14997,160396,441377,673934,425863,453297,153085,529644,,1631,635,860,2251,3421,881,,289573,117668,3586,,,5,66,,,,15,66,62
515396080571,46,3622,777,2024-06-10T12:47:20.000Z,64,42,CommandAndControl,T1568;T1008,BenignPositive,,,Ip,Related,98799,138268,3273,160396,441377,673934,425863,453297,153085,529644,,1631,635,860,2251,3421,881,,289573,117668,3586,,,5,66,,,,242,1445,10630
1709396987951,141,189805,672716,2024-06-10T19:58:45.000Z,251,234,CommandAndControl,,BenignPositive,,,Url,Related,98799,138268,360606,99,441377,673934,425863,453297,153085,529644,,1631,635,860,2251,3421,881,,289573,117668,3586,,,5,66,,,,242,1445,10630
1348619732188,215,1402,50332,2024-06-09T01:58:26.000Z,1,1,InitialAccess,T1566.002,BenignPositive,,,MailMessage,Related,98799,138268,360606,160396,441377,73420,425863,453297,153085,70339,,1631,635,860,2251,3421,881,,289573,117668,3586,,,5,66,,,,242,1445,10630
197568498692,320,42337,367894,2024-06-11T20:08:58.000Z,10,8,InitialAccess,T1566.001,BenignPositive,,,Mailbox,Impacted,98799,138268,360606,160396,20991,18217,21436,17903,153085,529644,,1631,635,860,2251,3421,881,,289573,117668,3586,,,5,66,,,Malicious,242,1445,10630
609885357609,995,5024,645765,2024-06-07T19:11:56.000Z,5672,62521,Exfiltration,,BenignPositive,,,MailMessage,Impacted,98799,138268,360606,160396,441377,325554,425863,453297,153085,228625,,1631,635,860,2251,3421,881,,289573,117668,3586,,,5,66,,,,242,1445,10630
1468878819339,20,9114,3672,2024-05-21T16:01:37.000Z,117,95,Impact,,BenignPositive,,,Ip,Related,98799,138268,11459,160396,441377,673934,425863,453297,153085,529644,,1631,635,860,2251,3421,881,,289573,117668,3586,,,5,66,,,,242,1445,10630
292057777896,26,158529,422244,2024-06-11T12:35:33.000Z,44,71,SuspiciousActivity,,BenignPositive,,,Process,Related,98799,19,360606,160396,441377,673934,425863,453297,153085,529644,,1631,635,860,2251,3421,881,,16,14,3586,,,5,66,,Suspicious,Suspicious,242,1445,10630
1065151891262,175,271130,1379246,2024-06-07T01:10:19.000Z,9,151,Execution,,BenignPositive,,,File,Related,98799,132619,360606,160396,441377,673934,425863,453297,153085,529644,,1631,635,860,2251,3421,881,,257453,117668,3586,,,5,66,,,,242,1445,10630
420906799180,20,464,681,2024-05-28T19:32:54.000Z,49,35,CommandAndControl,T1046;T1030;T1071;T1071.001,FalsePositive,,,Ip,Related,98799,138268,19612,160396,441377,673934,425863,453297,153085,529644,,1631,635,860,2251,3421,881,,289573,117668,3586,,,5,66,,,,242,1445,10630
34359741924,2,11380,7828,2024-06-11T08:45:21.000Z,15,13,Exfiltration,,BenignPositive,,,MailMessage,Impacted,98799,138268,360606,160396,441377,409030,425863,453297,153085,478943,,1631,635,860,2251,3421,881,,289573,117668,3586,,,5,66,,,,242,1445,10630
738734375419,316,87655,59377,2024-06-13T21:07:30.000Z,1,1,InitialAccess,T1566.002,FalsePositive,,,Mailbox,Impacted,98799,138268,360606,160396,24553,29511,23852,26099,153085,529644,,1631,635,860,2251,3421,881,,289573,117668,3586,,,5,66,,,NoThreatsFound,242,1445,10630
1460288884532,164,189500,1637250,2024-06-11T07:15:30.000Z,4388,1020,InitialAccess,T1078,TruePositive,,,Ip,Related,98799,138268,115755,160396,441377,673934,425863,453297,153085,529644,,1631,635,860,2251,3421,881,,289573,117668,3586,,,5,66,,,,242,1445,10630
1537598296974,37,42185,1086833,2024-06-10T01:00:35.000Z,85,63,Discovery,T1007;T1010;T1016;T1018;T1049;T1059.001;T1087;T1135;T1518,FalsePositive,,,Process,Related,98799,25,360606,160396,441377,673934,425863,453297,153085,529644,,1631,635,860,2251,3421,881,,4,8,3586,,,5,66,,Suspicious,Suspicious,242,1445,10630
979252545439,122,864,200434,2024-06-11T12:12:30.000Z,3,4,SuspiciousActivity,,FalsePositive,,,User,Impacted,98799,138268,360606,160396,162873,235284,148318,135922,153085,529644,,1631,635,860,2251,3421,881,,289573,117668,3586,,,5,66,,Suspicious,Suspicious,242,1445,10630
652835030879,0,95,1216422,2024-06-09T13:26:58.000Z,0,0,InitialAccess,T1078;T1078.004,TruePositive,,,CloudLogonRequest,Related,98799,138268,360606,160396,441377,673934,425863,453297,153085,529644,,1631,635,860,2251,3421,881,,289573,117668,3586,,,5,66,,,,242,1445,10630
764504181939,118,4832,531,2024-06-12T00:44:15.000Z,88,24,CredentialAccess,,BenignPositive,,,Ip,Related,98799,138268,8427,160396,441377,673934,425863,453297,153085,529644,,1631,635,860,2251,3421,881,,289573,117668,3586,,,5,66,,,,242,1445,10630
60129546011,12,2256,1277,2024-05-25T15:28:47.000Z,16,1385,Impact,,BenignPositive,,,Ip,Related,98799,138268,987,160396,441377,673934,425863,453297,153085,529644,,1631,635,860,2251,3421,881,,289573,117668,3586,,,5,66,,,,242,1445,10630
721554510137,53,340,2544,2024-06-04T08:10:47.000Z,116,94,InitialAccess,T1190;T1133,FalsePositive,,,Ip,Related,98799,138268,118797,160396,441377,673934,425863,453297,153085,529644,,1631,635,860,2251,3421,881,,289573,117668,3586,,,5,66,,,,242,1445,10630
1142461302554,0,97,496637,2024-06-10T03:56:30.000Z,0,0,InitialAccess,T1078;T1078.004,TruePositive,,,User,Impacted,98799,138268,360606,160396,2914,3896,2927,3087,153085,529644,,1631,635,860,2251,3421,881,,289573,117668,3586,,,5,66,,,,242,1445,10630
1382979474343,4,2625,512,2024-05-25T00:42:30.000Z,8,7,InitialAccess,T1133,FalsePositive,,,Machine,Impacted,98799,138268,360606,160396,441377,673934,425863,453297,654,529644,,1631,635,860,2251,3421,881,,289573,117668,3586,,,5,66,,,,242,1445,10630
60129545604,2,14700,9993,2024-06-03T03:22:37.000Z,15,13,Exfiltration,,BenignPositive,,,MailMessage,Impacted,98799,138268,360606,160396,441377,191850,425863,453297,153085,69275,,1631,635,860,2251,3421,881,,289573,117668,3586,,,5,66,,,,242,1445,10630
515396078869,59,196509,692343,2024-06-10T14:23:31.000Z,2,2,CommandAndControl,,BenignPositive,,,Process,Related,98799,0,360606,160396,441377,673934,425863,453297,153085,529644,,1631,635,860,2251,3421,881,,0,2,3586,,,5,66,,Suspicious,Suspicious,242,1445,10630
1348619734443,2,17817,5516,2024-06-12T20:28:50.000Z,15,13,Exfiltration,,BenignPositive,,,User,Impacted,98799,138268,360606,160396,31144,13355,30917,33170,153085,529644,,1631,635,860,2251,3421,881,,289573,117668,3586,,,5,66,,,,242,1445,10630
240518170224,1,24,1038096,2024-06-09T06:32:58.000Z,4,3,InitialAccess,,TruePositive,,,Ip,Related,98799,138268,16527,160396,441377,673934,425863,453297,153085,529644,,1631,635,860,2251,3421,881,,289573,117668,3586,,,5,66,,,,11,1445,10630
420906798529,35,383,529383,2024-06-10T19:22:27.000Z,0,0,InitialAccess,T1078;T1078.004,TruePositive,,,User,Impacted,98799,138268,360606,160396,2894,3858,2900,3056,153085,529644,,1631,635,860,2251,3421,881,,289573,117668,3586,,,5,66,,,,242,1445,10630
386547058545,0,309,403675,2024-06-09T10:13:59.000Z,0,0,InitialAccess,T1078;T1078.004,TruePositive,,,CloudLogonRequest,Related,98799,138268,360606,160396,441377,673934,425863,453297,153085,529644,,1631,635,860,2251,3421,881,,289573,117668,3586,,,5,66,,,,242,1445,10630
455266534378,56,230441,458364,2024-06-10T13:05:14.000Z,13,11,InitialAccess,T1566,TruePositive,,,MailMessage,Related,98799,138268,360606,160396,441377,211076,425863,453297,153085,145914,,1631,635,860,2251,3421,881,,289573,117668,3586,,,5,66,Inbound,,Malicious,242,1445,10630
996432414302,7,329,869,2024-05-25T11:01:22.000Z,21,51,Impact,,FalsePositive,,,Ip,Related,98799,138268,119,160396,441377,673934,425863,453297,153085,529644,,1631,635,860,2251,3421,881,,289573,117668,3586,,,5,66,,,,242,1445,10630
833223656422,18,573496,1080016,2024-06-13T22:33:05.000Z,9,32,Execution,,FalsePositive,,,File,Related,98799,2651,360606,160396,441377,673934,425863,453297,153085,529644,,1631,635,860,2251,3421,881,,68267,117668,3586,,,5,66,,,,242,1445,10630
1331439863612,0,89,927852,2024-06-07T22:50:04.000Z,4,3,InitialAccess,,TruePositive,,,Ip,Related,98799,138268,156,160396,441377,673934,425863,453297,153085,529644,,1631,635,860,2251,3421,881,,289573,117668,3586,,,5,66,,,,1,0,0
1365799602593,5,447,401297,2024-06-10T13:34:27.000Z,0,0,InitialAccess,T1078;T1078.004,TruePositive,,,Ip,Related,98799,138268,3319,160396,441377,673934,425863,453297,153085,529644,,1631,635,860,2251,3421,881,,289573,117668,3586,,,5,66,,,,1,0,0
1374389539020,463,9744,17753,2024-06-14T16:04:48.000Z,265,254,Exfiltration,,TruePositive,,,MailMessage,Impacted,98799,138268,360606,160396,441377,511912,425863,453297,153085,4184,,1631,635,860,2251,3421,881,,289573,117668,3586,,,5,66,,,,242,1445,10630
592705488828,324,177951,675500,2024-06-04T09:38:14.000Z,457,479,SuspiciousActivity,,BenignPositive,,,Ip,Related,98799,138268,3850,160396,441377,673934,425863,453297,153085,529644,,1631,635,860,2251,3421,881,,289573,117668,3586,,,5,66,,,,242,1445,10630
1099511630773,154,122191,227080,2024-06-12T13:36:12.000Z,10,8,InitialAccess,T1566.001,BenignPositive,,,MailCluster,Related,98799,138268,360606,160396,441377,673934,425863,453297,153085,529644,3962958549.0,1631,635,860,2251,3421,881,,289573,117668,3586,,,5,66,,,Malicious,242,1445,10630
438086666192,19,6148,2019,2024-06-06T03:16:41.000Z,23,16,CommandAndControl,,BenignPositive,,,Url,Related,98799,138268,360606,264,441377,673934,425863,453297,153085,529644,,1631,635,860,2251,3421,881,,289573,117668,3586,,,5,66,,,,242,1445,10630
274877911929,112,42713,26477,2024-06-05T18:14:45.000Z,10,8,InitialAccess,T1566.001,BenignPositive,,,Mailbox,Impacted,98799,138268,360606,160396,91409,81391,105593,109609,153085,529644,,1631,635,860,2251,3421,881,,289573,117668,3586,,,5,66,,,,242,1445,10630
919123004582,51,6572,135509,2024-06-07T06:29:37.000Z,39,26,Execution,T1559;T1106;T1059.005,BenignPositive,,,Process,Related,98799,4,360606,160396,441377,673934,425863,453297,153085,529644,,1631,635,860,2251,3421,881,,3,6,3586,,,5,66,,,,242,1445,10630
1503238555134,1478,65332,662269,2024-06-05T16:12:11.000Z,1982,4853,InitialAccess,,TruePositive,,,Mailbox,Impacted,98799,138268,360606,160396,86344,104626,98822,103213,153085,529644,,1631,635,860,2251,3421,881,,289573,117668,3586,,,5,66,,,,242,1445,10630
1176821040224,140,70955,20055,2024-06-04T18:21:00.000Z,123,9394,Exfiltration,,FalsePositive,,,MailMessage,Impacted,98799,138268,360606,160396,441377,336076,425863,453297,153085,1236,,1631,635,860,2251,3421,881,,289573,117668,3586,,,5,66,,,,242,1445,10630
1108101563968,41,45758,77674,2024-06-13T17:37:26.000Z,32,24079,Exfiltration,,TruePositive,,,MailMessage,Impacted,98799,138268,360606,160396,441377,408682,425863,453297,153085,508740,,1631,635,860,2251,3421,881,,289573,117668,3586,,,5,66,,,,242,1445,10630
343597384262,267,93084,63445,2024-06-03T18:19:05.000Z,271,259,LateralMovement,T1210,FalsePositive,,,Machine,Impacted,98799,138268,360606,160396,441377,673934,425863,453297,9246,529644,,1631,635,860,2251,3421,881,,289573,117668,3586,,Destination,5,66,,,,242,1445,10630
773094117234,14,558,11249,2024-05-22T03:26:26.000Z,143,117,Impact,,TruePositive,,,Ip,Related,98799,138268,4790,160396,441377,673934,425863,453297,153085,529644,,1631,635,860,2251,3421,881,,289573,117668,3586,,,5,66,,,,242,1445,10630
111669150518,61,1259,581492,2024-06-11T16:55:19.000Z,5,31,SuspiciousActivity,,BenignPositive,,,CloudApplication,Impacted,98799,138268,360606,160396,441377,673934,425863,453297,153085,529644,,1631,635,860,0,0,881,,289573,117668,3586,,,5,66,,,,242,1445,10630
1030792155536,380,35357,42372,2024-06-11T17:40:20.000Z,1,1,InitialAccess,T1566.002,BenignPositive,,,Url,Related,98799,138268,360606,37234,441377,673934,425863,453297,153085,529644,,1631,635,860,2251,3421,881,,289573,117668,3586,,,5,66,,,NoThreatsFound,242,1445,10630
412316863094,40,315034,265020,2024-06-11T13:50:29.000Z,36,100,CredentialAccess,,BenignPositive,,,Ip,Related,98799,138268,201,160396,441377,673934,425863,453297,153085,529644,,1631,635,860,2251,3421,881,,289573,117668,3586,,,5,66,,Suspicious,Suspicious,242,1445,10630
996432414302,7,329,869,2024-05-25T11:01:22.000Z,21,51,Impact,,FalsePositive,,,Ip,Related,98799,138268,252,160396,441377,673934,425863,453297,153085,529644,,1631,635,860,2251,3421,881,,289573,117668,3586,,,5,66,,,,242,1445,10630
154618824267,21,482,190241,2024-06-03T02:18:25.000Z,3,4,SuspiciousActivity,,BenignPositive,,,Url,Related,98799,138268,360606,295,441377,673934,425863,453297,153085,529644,,1631,635,860,2251,3421,881,,289573,117668,3586,,,5,66,,Suspicious,Suspicious,242,1445,10630
1563368100764,37,236418,36449,2024-06-06T12:54:10.000Z,389,7713,Exfiltration,,FalsePositive,,,MailMessage,Impacted,98799,138268,360606,160396,441377,30184,425863,453297,153085,20746,,1631,635,860,2251,3421,881,,289573,117668,3586,,,5,66,,,,242,1445,10630
420906799651,105,170741,305514,2024-06-14T10:19:35.000Z,6,5,InitialAccess,T1566,FalsePositive,,,MailCluster,Related,98799,138268,360606,160396,441377,673934,425863,453297,153085,529644,4292594301.0,1631,635,860,2251,3421,881,,289573,117668,3586,,,5,66,,,Suspicious,242,1445,10630
1219770712763,82,490,1086,2024-06-06T06:44:49.000Z,1,1,InitialAccess,T1566.002,FalsePositive,,,Mailbox,Impacted,98799,138268,360606,160396,1480,735,1461,1552,153085,529644,,1631,635,860,2251,3421,881,,289573,117668,3586,,,5,66,,,,242,1445,10630
360777257427,651,7842,577531,2024-06-10T16:15:16.000Z,5,62,SuspiciousActivity,,TruePositive,,,CloudApplication,Impacted,98799,138268,360606,160396,441377,673934,425863,453297,153085,529644,,1631,635,860,2,2,881,,289573,117668,3586,,,5,66,,,,242,1445,10630
292057777187,310,56918,1478592,2024-06-06T16:47:50.000Z,25,17,InitialAccess,,TruePositive,,,User,Impacted,98799,138268,360606,160396,318044,334920,256714,324607,153085,529644,,1631,635,860,2251,3421,881,,289573,117668,3586,,,5,66,,,,242,1445,10630
987842482063,14,7,102,2024-05-24T09:45:49.000Z,41,724,Impact,,BenignPositive,,,Ip,Related,98799,138268,1565,160396,441377,673934,425863,453297,153085,529644,,1631,635,860,2251,3421,881,,289573,117668,3586,,,5,66,,,,242,1445,10630
1056561956089,180,133555,238302,2024-06-03T15:34:05.000Z,6,5,InitialAccess,T1566,BenignPositive,,,File,Related,98799,11982,360606,160396,441377,673934,425863,453297,153085,529644,,1631,635,860,2251,3421,881,,285373,117668,3586,,,5,66,,,,242,1445,10630
429496731383,0,230,161933,2024-06-04T23:40:28.000Z,0,0,InitialAccess,T1078;T1078.004,TruePositive,,,Ip,Related,98799,138268,12,160396,441377,673934,425863,453297,153085,529644,,1631,635,860,2251,3421,881,,289573,117668,3586,,,5,66,,,,19,17,19
1348619734966,345,20065,450470,2024-06-03T14:27:13.000Z,6,5,InitialAccess,T1566,TruePositive,,,Mailbox,Impacted,98799,138268,360606,160396,28693,27754,28558,30755,153085,529644,,1631,635,860,2251,3421,881,,289573,117668,3586,,,5,66,,,NoThreatsFound,242,1445,10630
609885360285,414,4633,1069,2024-06-10T22:26:00.000Z,1,1,InitialAccess,T1566.002,TruePositive,,,MailMessage,Related,98799,138268,360606,160396,441377,48999,425863,453297,153085,93,,1631,635,860,2251,3421,881,,289573,117668,3586,,,5,66,,,,242,1445,10630
532575946483,0,370,108345,2024-06-13T23:43:36.000Z,0,0,InitialAccess,T1078;T1078.004,TruePositive,,,CloudLogonRequest,Related,98799,138268,360606,160396,441377,673934,425863,453297,153085,529644,,1631,635,860,2251,3421,881,,289573,117668,3586,,,5,66,,,,242,1445,10630
1520418426571,12,1972,1626,2024-06-02T20:29:08.000Z,16,1268,Impact,,BenignPositive,,,Ip,Related,98799,138268,2472,160396,441377,673934,425863,453297,153085,529644,,1631,635,860,2251,3421,881,,289573,117668,3586,,,5,66,,,,242,1445,10630
343597385637,185,25736,150399,2024-06-13T09:50:03.000Z,1,1,InitialAccess,T1566.002,BenignPositive,,,Url,Related,98799,138268,360606,57649,441377,673934,425863,453297,153085,529644,,1631,635,860,2251,3421,881,,289573,117668,3586,,,5,66,,,NoThreatsFound,242,1445,10630
1417339209465,26,17478,602244,2024-06-12T14:13:10.000Z,85,63,Discovery,T1007;T1016;T1018;T1049;T1069.002;T1087;T1087.002;T1135;T1482,BenignPositive,,,Process,Related,98799,996,360606,160396,441377,673934,425863,453297,153085,529644,,1631,635,860,2251,3421,881,,212,3,3586,,,5,66,,Suspicious,Suspicious,242,1445,10630
1245540517038,16,141809,1601053,2024-06-05T06:16:48.000Z,24,348,Exfiltration,,BenignPositive,,,User,Impacted,98799,138268,360606,160396,0,0,0,0,153085,529644,,1631,635,860,2251,3421,881,,289573,117668,3586,,,5,66,,,,242,1445,10630
858993460943,0,177,1220671,2024-06-05T07:39:39.000Z,0,0,InitialAccess,T1078;T1078.004,TruePositive,,,CloudLogonRequest,Related,98799,138268,360606,160396,441377,673934,425863,453297,153085,529644,,1631,635,860,2251,3421,881,,289573,117668,3586,,,5,66,,,,242,1445,10630
1288490192878,10,240,105,2024-05-22T19:42:00.000Z,12,704,Impact,,TruePositive,,,Ip,Related,98799,138268,3113,160396,441377,673934,425863,453297,153085,529644,,1631,635,860,2251,3421,881,,289573,117668,3586,,,5,66,,,,242,1445,10630
309237650430,123,288,2,2024-06-03T11:48:56.000Z,27,18,Discovery,T1087;T1087.002,TruePositive,,,User,Impacted,98799,138268,360606,160396,298102,364812,242126,237332,153085,529644,,1631,635,860,2251,3421,881,,289573,117668,3586,,Suspicious,5,66,,,,242,1445,10630
326417517953,59,52880,204115,2024-06-14T16:09:04.000Z,3,4,SuspiciousActivity,,BenignPositive,ContainAccount,update stsrefreshtokenvalidfrom timestamp.,User,Impacted,98799,138268,360606,160396,111909,183039,110644,113339,153085,529644,,1631,635,860,2251,3421,881,,289573,117668,3586,,,5,66,,Suspicious,Suspicious,242,1445,10630
867583397350,688,34520,276336,2024-06-10T19:11:30.000Z,282,275,DefenseEvasion,T1055;T1055.001;T1055.002;T1055.003;T1055.004;T1055.012;T1059.001,BenignPositive,,,Url,Related,98799,138268,360606,1235,441377,673934,425863,453297,153085,529644,,1631,635,860,2251,3421,881,,289573,117668,3586,,,5,66,,Suspicious,Suspicious,242,1445,10630
1159641172187,119,26,4606,2024-06-14T08:05:06.000Z,28,19,InitialAccess,T1566,FalsePositive,,,MailMessage,Related,98799,138268,360606,160396,441377,117,425863,453297,153085,5625,,1631,635,860,2251,3421,881,,289573,117668,3586,,,5,66,,,,242,1445,10630
1657857378970,8,180987,612200,2024-06-06T23:46:30.000Z,3,4,SuspiciousActivity,,TruePositive,,,User,Impacted,98799,138268,360606,160396,39639,69853,41520,43852,153085,529644,,1631,635,860,2251,3421,881,,289573,117668,3586,,,5,66,,Suspicious,Suspicious,242,1445,10630
120259084648,79,1387,206936,2024-06-03T06:49:55.000Z,56,40,CredentialAccess,T1003;T1012;T1552.002,FalsePositive,,,RegistryValue,Related,98799,138268,360606,160396,441377,673934,425863,453297,153085,529644,,0,635,860,2251,3421,881,,289573,117668,3586,,,5,66,,Suspicious,Suspicious,242,1445,10630
309237648143,8,322621,729539,2024-06-12T19:07:42.000Z,3,4,SuspiciousActivity,,TruePositive,,,Url,Related,98799,138268,360606,27,441377,673934,425863,453297,153085,529644,,1631,635,860,2251,3421,881,,289573,117668,3586,,,5,66,,Suspicious,Suspicious,242,1445,10630
712964573630,277,104574,192435,2024-06-04T14:56:07.000Z,3,4,SuspiciousActivity,,BenignPositive,,,Url,Related,98799,138268,360606,126,441377,673934,425863,453297,153085,529644,,1631,635,860,2251,3421,881,,289573,117668,3586,,,5,66,,,,242,1445,10630
1468878816857,1,485,183473,2024-06-02T16:49:54.000Z,7,6,InitialAccess,,TruePositive,,,CloudLogonRequest,Related,98799,138268,360606,160396,441377,673934,425863,453297,153085,529644,,1631,635,860,2251,3421,881,,289573,117668,3586,,,5,66,,,,242,1445,10630
644245096174,0,81,408735,2024-06-05T05:18:48.000Z,4,3,InitialAccess,,TruePositive,,,User,Impacted,98799,138268,360606,160396,1150,1581,1147,1216,153085,529644,,1631,635,860,2251,3421,881,,289573,117668,3586,,,5,66,,,,242,1445,10630
549755816383,5,286,54392,2024-06-04T11:25:05.000Z,4,3,InitialAccess,,TruePositive,,,Ip,Related,98799,138268,440,160396,441377,673934,425863,453297,153085,529644,,1631,635,860,2251,3421,881,,289573,117668,3586,,,5,66,,,,34,1445,10630
730144442143,0,227,385238,2024-06-09T21:04:41.000Z,4,3,InitialAccess,,TruePositive,,,Ip,Related,98799,138268,3528,160396,441377,673934,425863,453297,153085,529644,,1631,635,860,2251,3421,881,,289573,117668,3586,,,5,66,,,,5,1445,10630
1460288882818,90,157,1243781,2024-06-04T15:54:25.000Z,7,6,InitialAccess,,TruePositive,,,Ip,Related,98799,138268,2,160396,441377,673934,425863,453297,153085,529644,,1631,635,860,2251,3421,881,,289573,117668,3586,,,5,66,,,,0,11,8
858993461960,917,345784,846720,2024-06-15T07:41:15.000Z,0,0,InitialAccess,T1078;T1078.004,FalsePositive,,,User,Impacted,98799,138268,360606,160396,287272,439329,277719,306614,153085,529644,,1631,635,860,2251,3421,881,,289573,117668,3586,,,5,66,,,,242,1445,10630
1382979474339,306,90440,120597,2024-06-06T02:27:14.000Z,6,5,InitialAccess,T1566,TruePositive,,,User,Impacted,98799,138268,360606,160396,28959,26671,29590,32513,153085,529644,,1631,635,860,2251,3421,881,,289573,117668,3586,,,5,66,,,,242,1445,10630
438086668253,10,2304,115,2024-05-26T08:02:17.000Z,12,393,Impact,,TruePositive,,,Ip,Related,98799,138268,3729,160396,441377,673934,425863,453297,153085,529644,,1631,635,860,2251,3421,881,,289573,117668,3586,,,5,66,,,,242,1445,10630
532575946067,159,36286,189579,2024-06-06T03:05:48.000Z,2,2,CommandAndControl,,FalsePositive,,,Machine,Impacted,16370,138268,360606,160396,441377,673934,425863,453297,21345,529644,,1631,635,860,2251,3421,881,,289573,117668,3586,,,0,0,,Suspicious,Suspicious,242,1445,10630
188978564216,110,226,521042,2024-06-02T19:56:07.000Z,14,12,CredentialAccess,T1110;T1110.003;T1110.001,TruePositive,,,User,Impacted,98799,138268,360606,160396,385,507,377,413,153085,529644,,1631,635,860,2251,3421,881,,289573,117668,3586,,,5,66,,,,242,1445,10630
962072677442,846,7244,337813,2024-06-04T20:33:47.000Z,9,74,Execution,,BenignPositive,,,File,Related,98799,138268,360606,160396,441377,673934,425863,453297,153085,529644,,1631,635,860,2251,3421,881,,45357,117668,3586,,,5,66,,,,242,1445,10630
1168231106198,1,357,104260,2024-06-11T10:53:31.000Z,0,0,InitialAccess,T1078;T1078.004,TruePositive,,,CloudLogonSession,Related,98799,138268,360606,160396,441377,673934,425863,453297,153085,529644,,1631,635,860,2251,3421,881,,289573,117668,3586,,,5,66,,,,242,1445,10630
738734379873,256,874,250254,2024-06-06T10:07:22.000Z,2,2,CommandAndControl,,FalsePositive,,,Url,Related,98799,138268,360606,2636,441377,673934,425863,453297,153085,529644,,1631,635,860,2251,3421,881,,289573,117668,3586,,,5,66,,Suspicious,Suspicious,242,1445,10630
171798693639,0,169,161322,2024-06-04T10:58:40.000Z,0,0,InitialAccess,T1078;T1078.004,TruePositive,,,User,Impacted,98799,138268,360606,160396,51436,90737,51170,57771,153085,529644,,1631,635,860,2251,3421,881,,289573,117668,3586,,,5,66,,,,242,1445,10630
472446404541,23,355,518918,2024-06-02T04:33:26.000Z,7,6,InitialAccess,,TruePositive,,,Ip,Related,98799,138268,445,160396,441377,673934,425863,453297,153085,529644,,1631,635,860,2251,3421,881,,289573,117668,3586,,,5,66,,,,1,0,0
962072678452,10,152,155,2024-05-26T01:33:08.000Z,12,171,Impact,,TruePositive,,,Ip,Related,98799,138268,13341,160396,441377,673934,425863,453297,153085,529644,,1631,635,860,2251,3421,881,,289573,117668,3586,,,5,66,,,,242,1445,10630
979252548043,9,201,356952,2024-06-14T12:54:28.000Z,40,44386,Exfiltration,,BenignPositive,,,MailMessage,Impacted,98799,138268,360606,160396,441377,294201,425863,453297,153085,70917,,1631,635,860,2251,3421,881,,289573,117668,3586,,,5,66,,,,242,1445,10630
1271310321413,0,173,383621,2024-06-05T06:24:09.000Z,4,3,InitialAccess,,TruePositive,,,CloudLogonRequest,Related,98799,138268,360606,160396,441377,673934,425863,453297,153085,529644,,1631,635,860,2251,3421,881,,289573,117668,3586,,,5,66,,,,242,1445,10630
1357209670729,184,250522,1486235,2024-06-10T13:17:51.000Z,25,17,InitialAccess,,FalsePositive,,,Mailbox,Impacted,98799,138268,360606,160396,2630,3475,2630,2756,153085,529644,,1631,635,860,2251,3421,881,,289573,117668,3586,,,5,66,,,,242,1445,10630
146028892117,108,135875,217946,2024-06-08T22:58:21.000Z,1,1,InitialAccess,T1566.002,BenignPositive,,,Mailbox,Impacted,98799,138268,360606,160396,78858,75485,68763,79193,153085,529644,,1631,635,860,2251,3421,881,,289573,117668,3586,,,5,66,,,NoThreatsFound,242,1445,10630
661424967070,183,445918,1459727,2024-06-03T18:06:09.000Z,3152,90012,Exfiltration,,BenignPositive,,,File,Impacted,98799,138268,360606,160396,441377,673934,425863,453297,153085,529644,,1631,635,860,2251,3421,881,,267749,19614,3586,,,5,66,,,,242,1445,10630
223338303438,10,3060,655,2024-05-20T20:41:01.000Z,12,69,Impact,,TruePositive,,,Ip,Related,98799,138268,302,160396,441377,673934,425863,453297,153085,529644,,1631,635,860,2251,3421,881,,289573,117668,3586,,,5,66,,,,242,1445,10630
721554509114,932,20201,368842,2024-06-14T13:16:40.000Z,6,5,InitialAccess,T1566,TruePositive,,,MailMessage,Related,98799,138268,360606,160396,441377,48867,425863,453297,153085,56455,,1631,635,860,2251,3421,881,,289573,117668,3586,,,5,66,,,,242,1445,10630
962072675551,490,86120,68324,2024-06-06T21:28:45.000Z,1,1,InitialAccess,T1566.002,BenignPositive,,,Url,Related,98799,138268,360606,7116,441377,673934,425863,453297,153085,529644,,1631,635,860,2251,3421,881,,289573,117668,3586,,,5,66,,,Malicious,242,1445,10630
85899346323,54,563025,1068502,2024-06-05T14:48:16.000Z,152,462,SuspiciousActivity,,BenignPositive,,,CloudApplication,Related,98799,138268,360606,160396,441377,673934,425863,453297,153085,529644,,1631,635,860,50,80,881,,289573,117668,3586,,,5,66,,,,242,1445,10630
1151051238335,124,99154,344096,2024-06-10T06:43:43.000Z,9,64,Execution,,FalsePositive,,,CloudApplication,Impacted,98799,138268,360606,160396,441377,673934,425863,453297,153085,529644,,1631,635,860,2,2,881,,289573,117668,3586,,,5,66,,,,242,1445,10630
489626275919,20,611,184,2024-05-25T22:07:07.000Z,59,10,Impact,,FalsePositive,,,Ip,Related,98799,138268,34979,160396,441377,673934,425863,453297,153085,529644,,1631,635,860,2251,3421,881,,289573,117668,3586,,,5,66,,,,242,1445,10630
1168231105119,43,38994,151186,2024-06-07T11:06:38.000Z,172,111,CredentialAccess,T1110,TruePositive,,,User,Impacted,98799,138268,360606,160396,267654,386121,242526,257145,153085,529644,,1631,635,860,2251,3421,881,,289573,117668,3586,,,5,66,,,,242,1445,10630
455266535145,0,199,170300,2024-06-03T09:51:48.000Z,4,3,InitialAccess,,TruePositive,,,CloudLogonRequest,Related,98799,138268,360606,160396,441377,673934,425863,453297,153085,529644,,1631,635,860,2251,3421,881,,289573,117668,3586,,,5,66,,,,242,1445,10630
1056561956622,0,90,69472,2024-06-08T14:35:51.000Z,0,0,InitialAccess,T1078;T1078.004,TruePositive,,,User,Impacted,98799,138268,360606,160396,1740,2353,1753,1851,153085,529644,,1631,635,860,2251,3421,881,,289573,117668,3586,,,5,66,,,,242,1445,10630
798863918265,16,150573,1444234,2024-06-10T16:45:45.000Z,24,929,Exfiltration,,BenignPositive,,,MailMessage,Impacted,98799,138268,360606,160396,441377,223725,425863,453297,153085,452954,,1631,635,860,2251,3421,881,,289573,117668,3586,,,5,66,,,,242,1445,10630
1537598292456,348,183372,239813,2024-06-11T03:24:08.000Z,1,1,InitialAccess,T1566.002,BenignPositive,,,MailCluster,Related,98799,138268,360606,160396,441377,673934,425863,453297,153085,529644,2768227565.0,1631,635,860,2251,3421,881,,289573,117668,3586,,,5,66,,,Malicious,242,1445,10630
60129542149,749,69825,1371413,2024-06-05T17:57:07.000Z,5,2055,SuspiciousActivity,,TruePositive,,,User,Impacted,98799,138268,360606,160396,95324,177593,86062,109695,153085,529644,,1631,635,860,2251,3421,881,,289573,117668,3586,,,5,66,,,,242,1445,10630
1692217118685,57,781,440995,2024-06-03T16:24:10.000Z,46,1643,Exfiltration,,BenignPositive,,,Machine,Impacted,98799,138268,360606,160396,441377,673934,425863,453297,515,529644,,1631,635,860,2251,3421,881,,289573,117668,3586,,,5,66,,,,242,1445,10630
1185410974909,16,173399,229984,2024-06-12T11:22:33.000Z,24,320,Exfiltration,,BenignPositive,,,MailMessage,Impacted,98799,138268,360606,160396,441377,617157,425863,453297,153085,430931,,1631,635,860,2251,3421,881,,289573,117668,3586,,,5,66,,,,242,1445,10630
515396080272,38,456985,1207193,2024-06-11T08:12:10.000Z,7,6,InitialAccess,,TruePositive,,,Ip,Related,98799,138268,8165,160396,441377,673934,425863,453297,153085,529644,,1631,635,860,2251,3421,881,,289573,117668,3586,,,5,66,,,,19,17,19
360777253967,16,141729,431154,2024-06-04T04:13:16.000Z,24,159,Exfiltration,,BenignPositive,,,MailMessage,Impacted,98799,138268,360606,160396,441377,216652,425863,453297,153085,481237,,1631,635,860,2251,3421,881,,289573,117668,3586,,,5,66,,,,242,1445,10630
1606317770465,0,92,394225,2024-06-08T17:47:35.000Z,0,0,InitialAccess,T1078;T1078.004,TruePositive,,,CloudLogonSession,Related,98799,138268,360606,160396,441377,673934,425863,453297,153085,529644,,1631,635,860,2251,3421,881,,289573,117668,3586,,,5,66,,,,242,1445,10630
515396076848,159,84402,287588,2024-06-03T04:42:09.000Z,2,2,CommandAndControl,,FalsePositive,,,Machine,Impacted,21036,138268,360606,160396,441377,673934,425863,453297,32644,529644,,1631,635,860,2251,3421,881,,289573,117668,3586,,,0,0,,Suspicious,Suspicious,242,1445,10630
566935684727,1,54,508002,2024-06-05T12:02:18.000Z,0,0,InitialAccess,T1078;T1078.004,TruePositive,,,User,Impacted,98799,138268,360606,160396,6673,9666,6657,7134,153085,529644,,1631,635,860,2251,3421,881,,289573,117668,3586,,,5,66,,,,242,1445,10630
515396075722,11,410250,872316,2024-06-06T17:30:29.000Z,0,0,InitialAccess,T1078;T1078.004,FalsePositive,,,Ip,Related,98799,138268,1356,160396,441377,673934,425863,453297,153085,529644,,1631,635,860,2251,3421,881,,289573,117668,3586,,,5,66,,,,8,6,3
214748367978,118,1813,465750,2024-06-04T22:17:56.000Z,88,24,CredentialAccess,,BenignPositive,,,Ip,Related,98799,138268,7269,160396,441377,673934,425863,453297,153085,529644,,1631,635,860,2251,3421,881,,289573,117668,3586,,,5,66,,,,242,1445,10630
1460288883080,206,184621,916526,2024-06-13T17:26:48.000Z,4,3,InitialAccess,,FalsePositive,,,User,Impacted,98799,138268,360606,160396,134403,208556,142996,129184,153085,529644,,1631,635,860,2251,3421,881,,289573,117668,3586,,,5,66,,,,242,1445,10630
755914245168,140,49573,294140,2024-06-13T19:49:55.000Z,123,24782,Exfiltration,,FalsePositive,,,MailMessage,Impacted,98799,138268,360606,160396,441377,381498,425863,453297,153085,101665,,1631,635,860,2251,3421,881,,289573,117668,3586,,,5,66,,,,242,1445,10630
292057777063,18,3126,112389,2024-06-12T09:54:48.000Z,731,3294,Exfiltration,,FalsePositive,,,File,Impacted,98799,138268,360606,160396,441377,673934,425863,453297,153085,529644,,1631,635,860,2251,3421,881,,2301,2008,3586,,,5,66,,,,242,1445,10630
403726928569,424,580,207793,2024-06-08T14:53:47.000Z,233,5916,UnwantedSoftware,,FalsePositive,,,Process,Related,98799,5465,360606,160396,441377,673934,425863,453297,153085,529644,,1631,635,860,2251,3421,881,,9543,7643,3586,,,5,66,,Suspicious,Suspicious,242,1445,10630
1073741824076,67,274902,598770,2024-06-10T15:29:10.000Z,2,2,CommandAndControl,,FalsePositive,,,Url,Related,98799,138268,360606,153091,441377,673934,425863,453297,153085,529644,,1631,635,860,2251,3421,881,,289573,117668,3586,,,5,66,,Suspicious,Suspicious,242,1445,10630
1434519081247,182,13723,11693,2024-06-04T21:37:55.000Z,111,90,Exfiltration,,BenignPositive,,,File,Impacted,98799,138268,360606,160396,441377,673934,425863,453297,153085,529644,,1631,635,860,2251,3421,881,,166783,16966,3586,,,5,66,,,,242,1445,10630
455266536535,33,82546,98389,2024-06-05T20:43:34.000Z,2205,240,CommandAndControl,,BenignPositive,,,Url,Related,98799,138268,360606,110299,441377,673934,425863,453297,153085,529644,,1631,635,860,2251,3421,881,,289573,117668,3586,,,5,66,,,,242,1445,10630
1675037247246,0,351,54603,2024-06-06T08:16:26.000Z,4,3,InitialAccess,,TruePositive,,,User,Impacted,98799,138268,360606,160396,468,624,462,505,153085,529644,,1631,635,860,2251,3421,881,,289573,117668,3586,,,5,66,,,,242,1445,10630
1082331763672,112,44066,12241,2024-06-07T00:40:37.000Z,28,19,InitialAccess,T1566,BenignPositive,,,File,Related,98799,3195,360606,160396,441377,673934,425863,453297,153085,529644,,1631,635,860,2251,3421,881,,9261,117668,3586,,,5,66,,,,242,1445,10630
214748366556,0,114,1317196,2024-06-06T15:58:54.000Z,14,12,CredentialAccess,T1110;T1110.003;T1110.001,TruePositive,,,CloudLogonRequest,Related,98799,138268,360606,160396,441377,673934,425863,453297,153085,529644,,1631,635,860,2251,3421,881,,289573,117668,3586,,,5,66,,,,242,1445,10630
996432412673,25,425,4795,2024-06-12T06:55:46.000Z,30,3018,Exfiltration,,BenignPositive,,,MailMessage,Impacted,98799,138268,360606,160396,441377,169339,425863,453297,153085,22680,,1631,635,860,2251,3421,881,,289573,117668,3586,,,5,66,,,,242,1445,10630
816043790233,68,144492,147557,2024-06-03T19:14:08.000Z,6,5,InitialAccess,T1566,BenignPositive,,,User,Impacted,98799,138268,360606,160396,2725,7218,2711,2479,153085,529644,,1631,635,860,2251,3421,881,,289573,117668,3586,,,5,66,,,,242,1445,10630
1099511630331,8,8248,728109,2024-06-12T01:59:16.000Z,3,4,SuspiciousActivity,,TruePositive,,,Machine,Impacted,11,138268,360606,160396,441377,673934,425863,453297,11,529644,,1631,635,860,2251,3421,881,,289573,117668,3586,,,5,66,,Suspicious,Suspicious,242,1445,10630
1108101562816,54,41908,11396,2024-06-03T22:12:56.000Z,132,4436,Exfiltration,,BenignPositive,,,MailMessage,Impacted,98799,138268,360606,160396,441377,4820,425863,453297,153085,600,,1631,635,860,2251,3421,881,,289573,117668,3586,,,5,66,,,,242,1445,10630
395136991304,2099,13582,244728,2024-06-03T18:35:26.000Z,73,54,InitialAccess,T1078;T1078.004,FalsePositive,,,Ip,Related,98799,138268,277610,160396,441377,673934,425863,453297,153085,529644,,1631,635,860,2251,3421,881,,289573,117668,3586,,Attacker,5,66,,,,26,1445,10630
472446404282,84,15630,22090,2024-06-03T11:09:01.000Z,68,304,Exfiltration,,TruePositive,,,File,Impacted,98799,517,360606,160396,441377,673934,425863,453297,153085,529644,,1631,635,860,2251,3421,881,,579,24,3586,,,5,66,,,,242,1445,10630
128849020587,0,88,392822,2024-06-08T13:14:08.000Z,4,3,InitialAccess,,TruePositive,,,Ip,Related,98799,138268,1464,160396,441377,673934,425863,453297,153085,529644,,1631,635,860,2251,3421,881,,289573,117668,3586,,,5,66,,,,5,1445,10630
77309412674,44,11994,13913,2024-06-13T11:35:53.000Z,50,36,Exfiltration,,BenignPositive,,,MailMessage,Impacted,98799,138268,360606,160396,441377,729,425863,453297,153085,78194,,1631,635,860,2251,3421,881,,289573,117668,3586,,,5,66,,,,242,1445,10630
214748369583,327,21474,299307,2024-06-11T01:04:15.000Z,10,8,InitialAccess,T1566.001,BenignPositive,,,MailMessage,Related,98799,138268,360606,160396,441377,30913,425863,453297,153085,116753,,1631,635,860,2251,3421,881,,289573,117668,3586,,,5,66,,,,242,1445,10630
996432414439,0,932,177824,2024-06-04T03:39:52.000Z,14,12,CredentialAccess,T1110;T1110.003;T1110.001,TruePositive,,,Ip,Related,98799,138268,9025,160396,441377,673934,425863,453297,153085,529644,,1631,635,860,2251,3421,881,,289573,117668,3586,,,5,66,,,,0,28,97
1116691501498,485,9723,889310,2024-06-08T20:52:32.000Z,0,0,InitialAccess,T1078;T1078.004,FalsePositive,,,CloudLogonSession,Related,98799,138268,360606,160396,441377,673934,425863,453297,153085,529644,,1631,635,860,2251,3421,881,,289573,117668,3586,,,5,66,,,,242,1445,10630
420906799718,9,282,434095,2024-06-05T15:28:26.000Z,94,52681,Exfiltration,,BenignPositive,,,User,Impacted,98799,138268,360606,160396,31195,49949,30197,32950,153085,529644,,1631,635,860,2251,3421,881,,289573,117668,3586,,,5,66,,,,242,1445,10630
489626271745,25,123,47184,2024-06-06T10:32:45.000Z,30,2132,Exfiltration,,BenignPositive,,,MailMessage,Impacted,98799,138268,360606,160396,441377,15410,425863,453297,153085,23445,,1631,635,860,2251,3421,881,,289573,117668,3586,,,5,66,,,,242,1445,10630
1030792151552,77,33934,226773,2024-06-09T05:19:10.000Z,1,1,InitialAccess,T1566.002,BenignPositive,,,Url,Related,98799,138268,360606,968,441377,673934,425863,453297,153085,529644,,1631,635,860,2251,3421,881,,289573,117668,3586,,,5,66,,,NoThreatsFound,242,1445,10630
1408749276615,59,320804,747495,2024-06-13T13:31:57.000Z,2,2,CommandAndControl,,BenignPositive,,,User,Impacted,98799,138268,360606,160396,64495,86526,49973,71375,153085,529644,,1631,635,860,2251,3421,881,,289573,117668,3586,,,5,66,,Suspicious,Suspicious,242,1445,10630
764504182957,153,892,627644,2024-06-14T15:48:10.000Z,3,4,SuspiciousActivity,,TruePositive,,,Ip,Related,98799,138268,7600,160396,441377,673934,425863,453297,153085,529644,,1631,635,860,2251,3421,881,,289573,117668,3586,,,5,66,,Suspicious,Suspicious,242,1445,10630
481036338609,88,420,43867,2024-06-13T00:06:20.000Z,58,43,Exfiltration,,FalsePositive,,,MailMessage,Impacted,98799,138268,360606,160396,441377,1041,425863,453297,153085,529644,,1631,635,860,2251,3421,881,,289573,117668,3586,,,5,66,,,,242,1445,10630
953482743658,20,10283,449051,2024-06-10T14:54:36.000Z,6,5,InitialAccess,T1566,FalsePositive,,,Ip,Related,98799,138268,276004,160396,441377,673934,425863,453297,153085,529644,,1631,635,860,2251,3421,881,,289573,117668,3586,,,5,66,,,NoThreatsFound,242,1445,10630
1460288884661,20,1796,1242,2024-06-02T00:00:23.000Z,79,1240,Impact,,BenignPositive,,,Ip,Related,98799,138268,4951,160396,441377,673934,425863,453297,153085,529644,,1631,635,860,2251,3421,881,,289573,117668,3586,,,5,66,,,,242,1445,10630
884763265925,34,332484,686104,2024-06-12T08:12:55.000Z,2,2,CommandAndControl,,BenignPositive,,,User,Impacted,98799,138268,360606,160396,255837,386089,262014,257113,153085,529644,,1631,635,860,2251,3421,881,,289573,117668,3586,,,5,66,,Suspicious,Suspicious,242,1445,10630
1305670059931,23,107,371109,2024-06-05T04:27:10.000Z,4,3,InitialAccess,,TruePositive,,,Ip,Related,98799,138268,75211,160396,441377,673934,425863,453297,153085,529644,,1631,635,860,2251,3421,881,,289573,117668,3586,,,5,66,,,,16,1445,10630
1597727835819,84,229,113349,2024-06-05T10:49:41.000Z,68,2187,Exfiltration,,TruePositive,,,User,Impacted,98799,138268,360606,160396,4916,6882,4892,5256,153085,529644,,1631,635,860,2251,3421,881,,289573,117668,3586,,,5,66,,,,242,1445,10630
1108101563992,400,52900,37053,2024-06-13T02:22:48.000Z,1,1,InitialAccess,T1566.002,BenignPositive,,,Mailbox,Impacted,98799,138268,360606,160396,9696,10046,9757,10494,153085,529644,,1631,635,860,2251,3421,881,,289573,117668,3586,,,5,66,,,Malicious,242,1445,10630
1022202217516,140,396658,885902,2024-06-11T23:16:55.000Z,0,0,InitialAccess,T1078;T1078.004,FalsePositive,,,CloudLogonRequest,Related,98799,138268,360606,160396,441377,673934,425863,453297,153085,529644,,1631,635,860,2251,3421,881,,289573,117668,3586,,,5,66,,,,242,1445,10630
1683627182230,13,3307,8500,2024-06-11T19:18:21.000Z,34,1733,Exfiltration,,BenignPositive,,,File,Impacted,98799,217,360606,160396,441377,673934,425863,453297,153085,529644,,1631,635,860,2251,3421,881,,243,15,3586,,,5,66,,,,242,1445,10630
1374389537640,75,56,1059028,2024-06-10T18:26:07.000Z,4,3,InitialAccess,,TruePositive,,,User,Impacted,98799,138268,360606,160396,54326,94774,54022,60910,153085,529644,,1631,635,860,2251,3421,881,,289573,117668,3586,,,5,66,,,,242,1445,10630
8589939525,4,202,543,2024-05-26T18:10:51.000Z,8,7,InitialAccess,T1133,FalsePositive,,,Machine,Impacted,98799,138268,360606,160396,441377,673934,425863,453297,495,529644,,1631,635,860,2251,3421,881,,289573,117668,3586,,,5,66,,,,242,1445,10630
412316861593,16,173653,431392,2024-06-14T16:03:05.000Z,24,320,Exfiltration,,BenignPositive,,,MailMessage,Impacted,98799,138268,360606,160396,441377,376319,425863,453297,153085,321347,,1631,635,860,2251,3421,881,,289573,117668,3586,,,5,66,,,,242,1445,10630
953482743455,12,1952,1426,2024-06-01T20:09:22.000Z,16,1398,Impact,,BenignPositive,,,Ip,Related,98799,138268,4315,160396,441377,673934,425863,453297,153085,529644,,1631,635,860,2251,3421,881,,289573,117668,3586,,,5,66,,,,242,1445,10630
1151051238977,470,36777,158578,2024-06-03T11:19:32.000Z,1,1,InitialAccess,T1566.002,BenignPositive,,,MailCluster,Related,98799,138268,360606,160396,441377,673934,425863,453297,153085,529644,1012920811.0,1631,635,860,2251,3421,881,,289573,117668,3586,,,5,66,,,Malicious,242,1445,10630
68719480234,2,11693,19521,2024-06-16T11:33:15.000Z,15,13,Exfiltration,,BenignPositive,,,MailMessage,Impacted,98799,138268,360606,160396,441377,7,425863,453297,153085,58502,,1631,635,860,2251,3421,881,,289573,117668,3586,,,5,66,,,,242,1445,10630
781684050423,1724,42049,1405968,2024-06-12T17:17:47.000Z,5,5412,SuspiciousActivity,,TruePositive,,,CloudApplication,Impacted,98799,138268,360606,160396,441377,673934,425863,453297,153085,529644,,1631,635,860,1,1,881,,289573,117668,3586,,,5,66,,,,242,1445,10630
1125281436103,978,35946,81756,2024-06-08T12:18:10.000Z,6,5,InitialAccess,T1566,BenignPositive,,,MailCluster,Related,98799,138268,360606,160396,441377,673934,425863,453297,153085,529644,,1631,635,860,2251,3421,881,,289573,117668,3586,,,5,66,,,NoThreatsFound,242,1445,10630
1511828489994,0,166,1064808,2024-06-07T20:04:00.000Z,0,0,InitialAccess,T1078;T1078.004,TruePositive,,,User,Impacted,98799,138268,360606,160396,3367,4516,3397,3554,153085,529644,,1631,635,860,2251,3421,881,,289573,117668,3586,,,5,66,,,,242,1445,10630
171798694092,13,13927,9765,2024-06-13T19:07:57.000Z,34,5265,Exfiltration,,BenignPositive,,,File,Impacted,98799,1004,360606,160396,441377,673934,425863,453297,153085,529644,,1631,635,860,2251,3421,881,,1139,7,3586,,,5,66,,,,242,1445,10630
188978564982,164,90662,307418,2024-06-12T01:20:08.000Z,3784,2100,Persistence,T1136;T1136.003,BenignPositive,,,User,Impacted,98799,138268,360606,160396,86605,165116,101752,103196,153085,529644,,1631,635,860,2251,3421,881,,289573,117668,3586,,,5,66,,,,242,1445,10630
1030792152892,0,294,484482,2024-06-07T14:26:33.000Z,0,0,InitialAccess,T1078;T1078.004,TruePositive,,,User,Impacted,98799,138268,360606,160396,12131,20051,12229,13416,153085,529644,,1631,635,860,2251,3421,881,,289573,117668,3586,,,5,66,,,,242,1445,10630
747324312312,29,50376,15039,2024-06-09T18:45:07.000Z,1,1,InitialAccess,T1566.002,BenignPositive,,,User,Impacted,98799,138268,360606,160396,69732,80382,78185,80964,153085,529644,,1631,635,860,2251,3421,881,,289573,117668,3586,,,5,66,,,,242,1445,10630
1580547969288,71,4885,2013,2024-06-04T15:28:57.000Z,194,167,Exfiltration,,FalsePositive,,,User,Impacted,98799,138268,360606,160396,441377,75853,425863,47488,153085,529644,,1631,635,860,2251,3421,881,,289573,117668,3586,,,5,66,,,,242,1445,10630
858993460094,18,233460,1074033,2024-06-09T22:42:51.000Z,9,32,Execution,,FalsePositive,,,File,Related,98799,14626,360606,160396,441377,673934,425863,453297,153085,529644,,1631,635,860,2251,3421,881,,16929,117668,3586,,,5,66,,,,242,1445,10630
755914245599,32,109586,54999,2024-06-04T04:34:28.000Z,3,4,SuspiciousActivity,,BenignPositive,,,Machine,Impacted,13245,138268,360606,160396,441377,673934,425863,453297,18836,529644,,1631,635,860,2251,3421,881,,289573,117668,3586,,,5,66,,Suspicious,Suspicious,242,1445,10630
163208757622,64,13111,14388,2024-06-07T08:09:34.000Z,159,65,Exfiltration,T1041,BenignPositive,,,File,Related,98799,138268,360606,160396,441377,673934,425863,453297,153085,529644,,1631,635,860,2251,3421,881,,259814,98534,3586,,,5,66,,,,242,1445,10630
1030792152892,0,294,174140,2024-06-07T12:47:38.000Z,0,0,InitialAccess,T1078;T1078.004,TruePositive,,,User,Impacted,98799,138268,360606,160396,79,111,73,90,153085,529644,,1631,635,860,2251,3421,881,,289573,117668,3586,,,5,66,,,,242,1445,10630
146028889737,21,587,190423,2024-06-03T08:57:58.000Z,3,4,SuspiciousActivity,,BenignPositive,,,Url,Related,98799,138268,360606,1074,441377,673934,425863,453297,153085,529644,,1631,635,860,2251,3421,881,,289573,117668,3586,,,5,66,,,,242,1445,10630
850403528684,20,46150,655228,2024-06-12T08:31:29.000Z,33,22,InitialAccess,,FalsePositive,,,Mailbox,Impacted,98799,138268,360606,160396,14493,24085,14680,15864,153085,529644,,1631,635,860,2251,3421,881,,289573,117668,3586,,,5,66,,,,242,1445,10630
120259088627,191,70705,119571,2024-06-11T11:51:32.000Z,6,5,InitialAccess,T1566,BenignPositive,,,MailCluster,Related,98799,138268,360606,160396,441377,673934,425863,453297,153085,529644,,1631,635,860,2251,3421,881,,289573,117668,3586,,,5,66,,,NoThreatsFound,242,1445,10630
214748366765,39,631,6282,2024-06-14T18:48:37.000Z,6,5,InitialAccess,T1566,BenignPositive,,,MailCluster,Related,98799,138268,360606,160396,441377,673934,425863,453297,153085,529644,,1631,635,860,2251,3421,881,,289573,117668,3586,,,5,66,,,NoThreatsFound,242,1445,10630
1108101564570,13,14598,10584,2024-06-13T14:05:42.000Z,158,128,Exfiltration,,BenignPositive,,,User,Impacted,98799,138268,360606,160396,40707,46155,40198,43060,153085,529644,,1631,635,860,2251,3421,881,,289573,117668,3586,,,5,66,,,,242,1445,10630
1056561956622,0,90,1172637,2024-06-07T02:32:06.000Z,14,12,CredentialAccess,T1110;T1110.003;T1110.001,TruePositive,,,CloudLogonRequest,Related,98799,138268,360606,160396,441377,673934,425863,453297,153085,529644,,1631,635,860,2251,3421,881,,289573,117668,3586,,,5,66,,,,242,1445,10630
893353198534,444,66241,25585,2024-06-04T02:29:25.000Z,276,263,SuspiciousActivity,,BenignPositive,,,File,Related,98799,22,360606,160396,441377,673934,425863,453297,153085,529644,,1631,635,860,2251,3421,881,,5,3,3586,,,5,66,,,,242,1445,10630
1030792152886,0,203,534182,2024-06-03T23:49:44.000Z,0,0,InitialAccess,T1078;T1078.004,TruePositive,,,CloudLogonRequest,Related,98799,138268,360606,160396,441377,673934,425863,453297,153085,529644,,1631,635,860,2251,3421,881,,289573,117668,3586,,,5,66,,,,242,1445,10630
1013612285573,3,10392,196983,2024-06-07T19:49:14.000Z,3,4,SuspiciousActivity,,BenignPositive,,,Ip,Related,98799,138268,9885,160396,441377,673934,425863,453297,153085,529644,,1631,635,860,2251,3421,881,,289573,117668,3586,,,5,66,,Suspicious,Suspicious,242,1445,10630
498216210171,3,112327,109560,2024-06-07T13:44:16.000Z,3,142,SuspiciousActivity,,BenignPositive,,,Ip,Related,98799,138268,23,160396,441377,673934,425863,453297,153085,529644,,1631,635,860,2251,3421,881,,289573,117668,3586,,,5,66,,Suspicious,Suspicious,242,1445,10630
154618826106,2,17048,11413,2024-06-05T01:06:57.000Z,15,13,Exfiltration,,BenignPositive,,,MailMessage,Impacted,98799,138268,360606,160396,441377,105411,425863,453297,153085,333542,,1631,635,860,2251,3421,881,,289573,117668,3586,,,5,66,,,,242,1445,10630
1159641172864,75,48,1281943,2024-06-07T20:47:10.000Z,7,6,InitialAccess,,TruePositive,,,User,Impacted,98799,138268,360606,160396,49368,85841,50278,54033,153085,529644,,1631,635,860,2251,3421,881,,289573,117668,3586,,,5,66,,,,242,1445,10630
962072679452,112,163970,224017,2024-06-03T20:45:36.000Z,10,8,InitialAccess,T1566.001,BenignPositive,,,File,Related,98799,41479,360606,160396,441377,673934,425863,453297,153085,529644,,1631,635,860,2251,3421,881,,41131,117668,3586,,,5,66,,,Malicious,242,1445,10630
1623497638575,22,721,73166,2024-06-06T07:20:17.000Z,4,3,InitialAccess,,TruePositive,,,User,Impacted,98799,138268,360606,160396,343,462,337,376,153085,529644,,1631,635,860,2251,3421,881,,289573,117668,3586,,,5,66,,,,242,1445,10630
575525620868,76,189,1291060,2024-06-03T19:25:07.000Z,7,6,InitialAccess,,TruePositive,,,User,Impacted,98799,138268,360606,160396,91,134,84,107,153085,529644,,1631,635,860,2251,3421,881,,289573,117668,3586,,,5,66,,,,242,1445,10630
592705491779,4,1619,277,2024-05-21T13:18:58.000Z,8,7,InitialAccess,T1133,FalsePositive,,,Machine,Impacted,98799,138268,360606,160396,441377,673934,425863,453297,511,529644,,1631,635,860,2251,3421,881,,289573,117668,3586,,,5,66,,,,242,1445,10630
1090921696615,101,253,458137,2024-06-04T18:54:25.000Z,6,5,InitialAccess,T1566,TruePositive,,,User,Impacted,98799,138268,360606,160396,58609,63904,58886,64979,153085,529644,,1631,635,860,2251,3421,881,,289573,117668,3586,,,5,66,,,,242,1445,10630
360777257389,1547,14188,808077,2024-06-04T04:18:39.000Z,240,222,Discovery,T1087;T1087.002,FalsePositive,,,Machine,Impacted,98799,138268,360606,160396,441377,673934,425863,453297,76889,529644,,1631,635,860,2251,3421,881,,289573,117668,3586,,Source,5,66,,,,242,1445,10630
1219770713645,21,414,198068,2024-06-09T03:28:12.000Z,3,4,SuspiciousActivity,,BenignPositive,,,Ip,Related,98799,138268,44773,160396,441377,673934,425863,453297,153085,529644,,1631,635,860,2251,3421,881,,289573,117668,3586,,,5,66,,Suspicious,Suspicious,242,1445,10630
1468878816800,41,209960,354700,2024-06-03T22:56:59.000Z,32,140,Exfiltration,,TruePositive,,,File,Impacted,98799,138268,360606,160396,441377,673934,425863,453297,153085,529644,,1631,635,860,2251,3421,881,,75065,0,3586,,,5,66,,,,242,1445,10630
1692217119527,38,289289,276196,2024-06-13T14:56:41.000Z,2,2,CommandAndControl,,BenignPositive,,,Url,Related,98799,138268,360606,814,441377,673934,425863,453297,153085,529644,,1631,635,860,2251,3421,881,,289573,117668,3586,,,5,66,,Suspicious,Suspicious,242,1445,10630
1408749277116,900,21733,97650,2024-06-04T16:24:10.000Z,163,134,InitialAccess,,FalsePositive,,,Ip,Related,98799,138268,9780,160396,441377,673934,425863,453297,153085,529644,,1631,635,860,2251,3421,881,,289573,117668,3586,,,5,66,,,NoThreatsFound,242,1445,10630
1142461302075,44,29626,137275,2024-06-15T03:53:19.000Z,1,1,InitialAccess,T1566.002,BenignPositive,,,Mailbox,Impacted,98799,138268,360606,160396,166481,7562,167119,10669,153085,529644,,1631,635,860,2251,3421,881,,289573,117668,3586,,,5,66,,,Malicious,242,1445,10630
652835030879,0,95,494337,2024-06-09T17:20:28.000Z,0,0,InitialAccess,T1078;T1078.004,TruePositive,,,Ip,Related,98799,138268,192,160396,441377,673934,425863,453297,153085,529644,,1631,635,860,2251,3421,881,,289573,117668,3586,,,5,66,,,,1,0,0
1365799603733,3,134789,269340,2024-06-05T12:05:39.000Z,2,2,CommandAndControl,,BenignPositive,,,Machine,Impacted,1358,138268,360606,160396,441377,673934,425863,453297,3009,529644,,1631,635,860,2251,3421,881,,289573,117668,3586,,,0,0,,Suspicious,Suspicious,242,1445,10630
704374640566,14,3762,2757,2024-05-21T23:01:09.000Z,29,20,Impact,,TruePositive,,,Ip,Related,98799,138268,851,160396,441377,673934,425863,453297,153085,529644,,1631,635,860,2251,3421,881,,289573,117668,3586,,,5,66,,,,242,1445,10630
17179873832,301,37358,12226,2024-06-11T10:31:57.000Z,1,1,InitialAccess,T1566.002,BenignPositive,,,Url,Related,98799,138268,360606,71043,441377,673934,425863,453297,153085,529644,,1631,635,860,2251,3421,881,,289573,117668,3586,,,5,66,,,NoThreatsFound,242,1445,10630
360777253590,290,9409,3917,2024-06-12T22:15:28.000Z,150,124,CredentialAccess,,FalsePositive,,,Ip,Related,98799,138268,48211,160396,441377,673934,425863,453297,153085,529644,,1631,635,860,2251,3421,881,,289573,117668,3586,,,5,66,,,,242,1445,10630
1030792152892,0,294,106946,2024-06-07T07:04:47.000Z,4,3,InitialAccess,,TruePositive,,,Ip,Related,98799,138268,2507,160396,441377,673934,425863,453297,153085,529644,,1631,635,860,2251,3421,881,,289573,117668,3586,,,5,66,,,,5,1445,10630
223338303088,3,20741,248978,2024-06-11T11:13:23.000Z,2,2,CommandAndControl,,BenignPositive,,,Url,Related,98799,138268,360606,32,441377,673934,425863,453297,153085,529644,,1631,635,860,2251,3421,881,,289573,117668,3586,,,5,66,,Suspicious,Suspicious,242,1445,10630
188978564915,174,7921,1648035,2024-06-08T11:42:02.000Z,1315,106508,SuspiciousActivity,,BenignPositive,,,User,Impacted,98799,138268,360606,160396,409607,523813,358343,363949,153085,529644,,1631,635,860,2251,3421,881,,289573,117668,3586,,,5,66,,,,242,1445,10630
403726927882,467,54634,222253,2024-06-10T20:11:26.000Z,10,8,InitialAccess,T1566.001,BenignPositive,,,User,Impacted,98799,138268,360606,160396,34201,28707,31720,36517,153085,529644,,1631,635,860,2251,3421,881,,289573,117668,3586,,,5,66,,,,242,1445,10630
1133871368070,342,114209,837350,2024-06-11T21:06:31.000Z,0,0,InitialAccess,T1078;T1078.004,FalsePositive,,,User,Impacted,98799,138268,360606,160396,53551,91346,51594,58274,153085,529644,,1631,635,860,2251,3421,881,,289573,117668,3586,,,5,66,,,,242,1445,10630
1546188230731,20,2552,5234,2024-05-31T23:27:16.000Z,117,95,Impact,,BenignPositive,,,Ip,Related,98799,138268,5964,160396,441377,673934,425863,453297,153085,529644,,1631,635,860,2251,3421,881,,289573,117668,3586,,,5,66,,,,242,1445,10630
1116691499820,29,22620,21367,2024-06-16T19:07:03.000Z,1,1,InitialAccess,T1566.002,BenignPositive,,,Url,Related,98799,138268,360606,28970,441377,673934,425863,453297,153085,529644,,1631,635,860,2251,3421,881,,289573,117668,3586,,,5,66,,,NoThreatsFound,242,1445,10630
687194769532,391,15490,23911,2024-06-11T13:44:14.000Z,1,1,InitialAccess,T1566.002,FalsePositive,,,Url,Related,98799,138268,360606,75,441377,673934,425863,453297,153085,529644,,1631,635,860,2251,3421,881,,289573,117668,3586,,,5,66,,,NoThreatsFound,242,1445,10630
1331439864950,320,29764,693002,2024-06-05T16:17:23.000Z,2,2,CommandAndControl,,BenignPositive,,,User,Impacted,98799,138268,360606,160396,196525,316664,201612,203253,153085,529644,,1631,635,860,2251,3421,881,,289573,117668,3586,,,5,66,,Suspicious,Suspicious,242,1445,10630
206158431788,21,465,198162,2024-06-09T13:04:49.000Z,3,4,SuspiciousActivity,,BenignPositive,,,Url,Related,98799,138268,360606,211,441377,673934,425863,453297,153085,529644,,1631,635,860,2251,3421,881,,289573,117668,3586,,,5,66,,,,242,1445,10630
1056561956374,32,840,142559,2024-06-06T20:12:14.000Z,3,4,SuspiciousActivity,,BenignPositive,,,Process,Related,98799,17,360606,160396,441377,673934,425863,453297,153085,529644,,1631,635,860,2251,3421,881,,0,4,3586,,,5,66,,Suspicious,Suspicious,242,1445,10630
111669152214,5,31,886521,2024-06-10T12:55:54.000Z,0,0,InitialAccess,T1078;T1078.004,TruePositive,,,CloudLogonRequest,Related,98799,138268,360606,160396,441377,673934,425863,453297,153085,529644,,1631,635,860,2251,3421,881,,289573,117668,3586,,,5,66,,,,242,1445,10630
1382979471065,70,858,837,2024-06-14T05:51:01.000Z,1,1,InitialAccess,T1566.002,BenignPositive,,,User,Impacted,98799,138268,360606,160396,3835,2240,3823,4046,153085,529644,,1631,635,860,2251,3421,881,,289573,117668,3586,,,5,66,,,,242,1445,10630
360777257805,4,2585,435,2024-05-25T11:58:12.000Z,8,7,InitialAccess,T1133,FalsePositive,,,Machine,Impacted,98799,138268,360606,160396,441377,673934,425863,453297,94,529644,,1631,635,860,2251,3421,881,,289573,117668,3586,,,5,66,,,,242,1445,10630
1133871369162,73,115411,93076,2024-06-13T18:25:17.000Z,1452,25101,Exfiltration,,FalsePositive,,,MailMessage,Impacted,98799,138268,360606,160396,441377,12208,425863,453297,153085,12125,,1631,635,860,2251,3421,881,,289573,117668,3586,,,5,66,,,,242,1445,10630
1030792151736,22,337,171907,2024-06-11T08:30:03.000Z,0,0,InitialAccess,T1078;T1078.004,TruePositive,,,User,Impacted,98799,138268,360606,160396,63,85,57,68,153085,529644,,1631,635,860,2251,3421,881,,289573,117668,3586,,,5,66,,,,242,1445,10630
489626274457,40,59114,15580,2024-06-11T22:34:13.000Z,13,11,InitialAccess,T1566,BenignPositive,,,User,Impacted,98799,138268,360606,160396,2073,2488,2072,2175,153085,529644,,1631,635,860,2251,3421,881,,289573,117668,3586,,,5,66,,,,242,1445,10630
1108101563435,56,248417,481126,2024-06-11T20:03:00.000Z,13,11,InitialAccess,T1566,TruePositive,,,MailCluster,Related,98799,138268,360606,160396,441377,673934,425863,453297,153085,529644,3640283185.0,1631,635,860,2251,3421,881,,289573,117668,3586,,,5,66,,,Suspicious,242,1445,10630
146028890581,5,254,409327,2024-06-09T05:38:58.000Z,4,3,InitialAccess,,TruePositive,,,User,Impacted,98799,138268,360606,160396,41,56,37,43,153085,529644,,1631,635,860,2251,3421,881,,289573,117668,3586,,,5,66,,,,242,1445,10630
455266534196,61,254797,187228,2024-06-07T22:23:48.000Z,5,31,SuspiciousActivity,,BenignPositive,,,CloudApplication,Impacted,98799,138268,360606,160396,441377,673934,425863,453297,153085,529644,,1631,635,860,0,0,881,,289573,117668,3586,,,5,66,,,,242,1445,10630
171798695839,128,437,426301,2024-06-05T08:48:25.000Z,133,422,Malware,,TruePositive,,,File,Related,98799,137876,360606,160396,441377,673934,425863,453297,153085,529644,,1631,635,860,2251,3421,881,Bankfraud,17401,13775,3586,,,5,66,,Suspicious,Malicious,242,1445,10630
515396078653,76,370803,181577,2024-06-13T05:39:17.000Z,4,3,InitialAccess,,TruePositive,,,CloudLogonRequest,Related,98799,138268,360606,160396,441377,673934,425863,453297,153085,529644,,1631,635,860,2251,3421,881,,289573,117668,3586,,,5,66,,,,242,1445,10630
403726928710,34,329375,738281,2024-06-04T12:14:26.000Z,2,2,CommandAndControl,,BenignPositive,,,Url,Related,98799,138268,360606,620,441377,673934,425863,453297,153085,529644,,1631,635,860,2251,3421,881,,289573,117668,3586,,,5,66,,Suspicious,Suspicious,242,1445,10630
455266535145,0,199,490346,2024-06-04T01:29:06.000Z,0,0,InitialAccess,T1078;T1078.004,TruePositive,,,CloudLogonRequest,Related,98799,138268,360606,160396,441377,673934,425863,453297,153085,529644,,1631,635,860,2251,3421,881,,289573,117668,3586,,,5,66,,,,242,1445,10630
566935683575,77,24008,10961,2024-06-05T09:54:24.000Z,1,1,InitialAccess,T1566.002,BenignPositive,,,Mailbox,Impacted,98799,138268,360606,160396,8332,10724,8293,8941,153085,529644,,1631,635,860,2251,3421,881,,289573,117668,3586,,,5,66,,,Malicious,242,1445,10630
489626272744,238,1178,69900,2024-06-11T15:15:32.000Z,234,2806,Exploit,,TruePositive,,,File,Related,98799,8780,360606,160396,441377,673934,425863,453297,153085,529644,,1631,635,860,2251,3421,881,CVE-2017-0199,10157,71511,3586,,,5,66,,Suspicious,Malicious,242,1445,10630
1468878819476,86,841,109562,2024-06-07T16:27:12.000Z,3,4,SuspiciousActivity,,BenignPositive,,,User,Impacted,98799,138268,360606,160396,12300,19883,12286,13191,153085,529644,,1631,635,860,2251,3421,881,,289573,117668,3586,,,5,66,,Suspicious,Suspicious,242,1445,10630
1279900255825,760,89724,869755,2024-06-13T19:09:42.000Z,0,0,InitialAccess,T1078;T1078.004,FalsePositive,,,Ip,Related,98799,138268,99159,160396,441377,673934,425863,453297,153085,529644,,1631,635,860,2251,3421,881,,289573,117668,3586,,,5,66,,,,0,36,53
1443109013320,45,36316,457141,2024-06-12T12:51:07.000Z,6,5,InitialAccess,T1566,FalsePositive,,,MailCluster,Related,98799,138268,360606,160396,441377,673934,425863,453297,153085,529644,3892402454.0,1631,635,860,2251,3421,881,,289573,117668,3586,,,5,66,,,NoThreatsFound,242,1445,10630
1219770713815,0,117,101796,2024-06-08T22:11:30.000Z,4,3,InitialAccess,,TruePositive,,,User,Impacted,98799,138268,360606,160396,16550,28405,16632,18535,153085,529644,,1631,635,860,2251,3421,881,,289573,117668,3586,,,5,66,,,,242,1445,10630
1563368097704,253,95690,139154,2024-06-16T02:58:50.000Z,1,1,InitialAccess,T1566.002,TruePositive,,,Url,Related,98799,138268,360606,925,441377,673934,425863,453297,153085,529644,,1631,635,860,2251,3421,881,,289573,117668,3586,,,5,66,,,Malicious,242,1445,10630
412316863191,583,19605,1630413,2024-06-11T18:23:11.000Z,118,98,InitialAccess,,BenignPositive,,,Mailbox,Impacted,98799,138268,360606,160396,77918,89320,67797,72436,153085,529644,,1631,635,860,2251,3421,881,,289573,117668,3586,,,5,66,,,,242,1445,10630
1657857378258,467,30801,483287,2024-06-10T22:48:21.000Z,2974,11072,Collection,T1098;T1114,BenignPositive,,,Ip,Related,98799,138268,323695,160396,441377,673934,425863,453297,153085,529644,,1631,635,860,2251,3421,881,,289573,117668,3586,,,5,66,,,,242,1445,10630
1271310324562,4,2575,444,2024-05-20T11:35:32.000Z,8,7,InitialAccess,T1133,FalsePositive,,,Machine,Impacted,98799,138268,360606,160396,441377,673934,425863,453297,164,529644,,1631,635,860,2251,3421,881,,289573,117668,3586,,,5,66,,,,242,1445,10630
326417517716,518,102007,216308,2024-06-03T05:40:17.000Z,3261,13067,InitialAccess,,BenignPositive,,,Machine,Impacted,226,138268,360606,160396,441377,673934,425863,453297,1128,529644,,1631,635,860,2251,3421,881,,289573,117668,3586,,,5,66,,,,242,1445,10630
1279900256116,1656,46083,137776,2024-06-11T12:16:18.000Z,47,30,InitialAccess,T1566.002,FalsePositive,,,File,Related,98799,5418,360606,160396,441377,673934,425863,453297,153085,529644,,1631,635,860,2251,3421,881,,10014,117668,3586,,,5,66,,,,242,1445,10630
326417519565,438,29032,194058,2024-06-05T10:30:09.000Z,3,4,SuspiciousActivity,,BenignPositive,,,Process,Related,98799,3,360606,160396,441377,673934,425863,453297,153085,529644,,1631,635,860,2251,3421,881,,1,1,3586,,,5,66,,Suspicious,Suspicious,242,1445,10630
927712939157,74,46357,149436,2024-06-08T23:35:42.000Z,1,1,InitialAccess,T1566.002,TruePositive,,,MailCluster,Related,98799,138268,360606,160396,441377,673934,425863,453297,153085,529644,,1631,635,860,2251,3421,881,,289573,117668,3586,,,5,66,,,Suspicious,242,1445,10630
386547057314,17,20767,20630,2024-06-11T18:51:41.000Z,20,9503,Exfiltration,,FalsePositive,,,User,Impacted,98799,138268,360606,160396,419,553,411,449,153085,529644,,1631,635,860,2251,3421,881,,289573,117668,3586,,,5,66,,,,242,1445,10630
403726926330,156,20566,14739,2024-06-05T09:40:56.000Z,1,1,InitialAccess,T1566.002,BenignPositive,,,User,Impacted,98799,138268,360606,160396,17376,69088,17173,18280,153085,529644,,1631,635,860,2251,3421,881,,289573,117668,3586,,,5,66,,,,242,1445,10630
1073741827836,72,70,1013418,2024-06-08T15:47:54.000Z,4,3,InitialAccess,,TruePositive,,,Ip,Related,98799,138268,983,160396,441377,673934,425863,453297,153085,529644,,1631,635,860,2251,3421,881,,289573,117668,3586,,,5,66,,,,0,1,74
146028890581,5,254,523645,2024-06-09T03:21:47.000Z,0,0,InitialAccess,T1078;T1078.004,TruePositive,,,CloudLogonRequest,Related,98799,138268,360606,160396,441377,673934,425863,453297,153085,529644,,1631,635,860,2251,3421,881,,289573,117668,3586,,,5,66,,,,242,1445,10630
1529008359423,31,37752,14917,2024-06-05T16:38:28.000Z,89,5938,Exfiltration,,BenignPositive,,,MailMessage,Impacted,98799,138268,360606,160396,441377,50986,425863,453297,153085,15252,,1631,635,860,2251,3421,881,,289573,117668,3586,,,5,66,,,,242,1445,10630
936302873732,33,5234,1731,2024-06-07T03:23:56.000Z,38,25,Impact,,BenignPositive,,,Url,Related,98799,138268,360606,42999,441377,673934,425863,453297,153085,529644,,1631,635,860,2251,3421,881,,289573,117668,3586,,,5,66,,,,242,1445,10630
1468878819342,20,965,1364,2024-05-25T15:28:29.000Z,79,1317,Impact,,FalsePositive,,,Ip,Related,98799,138268,141,160396,441377,673934,425863,453297,153085,529644,,1631,635,860,2251,3421,881,,289573,117668,3586,,,5,66,,,,242,1445,10630
1108101566669,30,271656,649680,2024-06-07T08:53:24.000Z,37,60869,Exfiltration,,FalsePositive,,,MailMessage,Impacted,98799,138268,360606,160396,441377,8233,425863,453297,153085,76680,,1631,635,860,2251,3421,881,,289573,117668,3586,,,5,66,,,,242,1445,10630
635655161951,150,198957,1637506,2024-06-04T06:39:10.000Z,1617,3114,Discovery,,BenignPositive,,,Ip,Related,98799,138268,107262,160396,441377,673934,425863,453297,153085,529644,,1631,635,860,2251,3421,881,,289573,117668,3586,,,5,66,,,,242,1445,10630
1683627184865,4,2631,502,2024-05-28T07:35:52.000Z,8,7,InitialAccess,T1133,FalsePositive,,,Machine,Impacted,98799,138268,360606,160396,441377,673934,425863,453297,585,529644,,1631,635,860,2251,3421,881,,289573,117668,3586,,,5,66,,,,242,1445,10630
1262720385583,246,560363,1546992,2024-06-11T08:51:32.000Z,469,510,CredentialAccess,T1003;T1003.006,BenignPositive,,,Machine,Related,98799,138268,360606,160396,441377,673934,425863,453297,694,529644,,1631,635,860,2251,3421,881,,289573,117668,3586,,Destination,5,66,,,,242,1445,10630
1331439863612,0,89,1219817,2024-06-08T02:05:30.000Z,0,0,InitialAccess,T1078;T1078.004,TruePositive,,,Ip,Related,98799,138268,223,160396,441377,673934,425863,453297,153085,529644,,1631,635,860,2251,3421,881,,289573,117668,3586,,,5,66,,,,1,0,0
936302872146,41,154146,153536,2024-06-14T12:44:12.000Z,32,33426,Exfiltration,,TruePositive,,,MailMessage,Impacted,98799,138268,360606,160396,441377,528644,425863,453297,153085,329413,,1631,635,860,2251,3421,881,,289573,117668,3586,,,5,66,,,,242,1445,10630
197568499533,14,198,53,2024-05-23T20:00:12.000Z,41,736,Impact,,TruePositive,,,Ip,Related,98799,138268,3987,160396,441377,673934,425863,453297,153085,529644,,1631,635,860,2251,3421,881,,289573,117668,3586,,,5,66,,,,242,1445,10630
1039382085632,25,216,153955,2024-06-03T13:09:17.000Z,30,33852,Exfiltration,,BenignPositive,,,User,Impacted,98799,138268,360606,160396,420263,200550,405098,433338,153085,529644,,1631,635,860,2251,3421,881,,289573,117668,3586,,,5,66,,,,242,1445,10630
1305670061099,76,61,996804,2024-06-08T10:37:15.000Z,4,3,InitialAccess,,TruePositive,,,Ip,Related,98799,138268,527,160396,441377,673934,425863,453297,153085,529644,,1631,635,860,2251,3421,881,,289573,117668,3586,,,5,66,,,,18,166,227
1082331760268,1,358,310321,2024-06-07T08:54:10.000Z,0,0,InitialAccess,T1078;T1078.004,TruePositive,,,Ip,Related,98799,138268,364,160396,441377,673934,425863,453297,153085,529644,,1631,635,860,2251,3421,881,,289573,117668,3586,,,5,66,,,,1,0,0
962072674902,267,532943,351001,2024-06-04T14:46:06.000Z,414,440,InitialAccess,T1566.002,FalsePositive,,,Url,Related,98799,138268,360606,10201,441377,673934,425863,453297,153085,529644,,1631,635,860,2251,3421,881,,289573,117668,3586,,Suspicious,5,66,,,,242,1445,10630
403726927644,0,21,407026,2024-06-06T09:22:33.000Z,0,0,InitialAccess,T1078;T1078.004,TruePositive,,,CloudLogonRequest,Related,98799,138268,360606,160396,441377,673934,425863,453297,153085,529644,,1631,635,860,2251,3421,881,,289573,117668,3586,,,5,66,,,,242,1445,10630
962072675054,60,127,49889,2024-06-12T19:56:21.000Z,165,4838,Exfiltration,,FalsePositive,,,MailMessage,Impacted,98799,138268,360606,160396,441377,19465,425863,453297,153085,81158,,1631,635,860,2251,3421,881,,289573,117668,3586,,,5,66,,,,242,1445,10630
1602,41,66832,41707,2024-06-03T17:43:03.000Z,32,13380,Exfiltration,,TruePositive,,,File,Impacted,98799,138268,360606,160396,441377,673934,425863,453297,153085,529644,,1631,635,860,2251,3421,881,,115044,0,3586,,,5,66,,,,242,1445,10630
1365799605131,222,106882,850632,2024-06-13T03:00:45.000Z,4,3,InitialAccess,,FalsePositive,,,Ip,Related,98799,138268,58836,160396,441377,673934,425863,453297,153085,529644,,1631,635,860,2251,3421,881,,289573,117668,3586,,,5,66,,,,11,53,50
266287974076,0,9704,315433,2024-06-08T06:31:59.000Z,0,0,InitialAccess,T1078;T1078.004,TruePositive,,,User,Impacted,98799,138268,360606,160396,4428,6134,4431,4740,153085,529644,,1631,635,860,2251,3421,881,,289573,117668,3586,,,5,66,,,,242,1445,10630
1649267445082,2,61111,114612,2024-06-11T14:39:56.000Z,13,11,InitialAccess,T1566,BenignPositive,,,File,Related,98799,24044,360606,160396,441377,673934,425863,453297,153085,529644,,1631,635,860,2251,3421,881,,145,117668,3586,,,5,66,,,,242,1445,10630
1382979470943,41,372004,1116901,2024-06-12T12:53:07.000Z,32,33992,Exfiltration,,TruePositive,,,User,Impacted,98799,138268,360606,160396,113332,187889,108526,115113,153085,529644,,1631,635,860,2251,3421,881,,289573,117668,3586,,,5,66,,,,242,1445,10630
1108101562440,6,596111,1716043,2024-06-13T09:53:26.000Z,1115,7124,InitialAccess,,BenignPositive,,,Ip,Related,98799,138268,645,160396,441377,673934,425863,453297,153085,529644,,1631,635,860,2251,3421,881,,289573,117668,3586,,,5,66,,,,242,1445,10630
214748368787,10,300,191,2024-05-31T11:46:08.000Z,12,41,Impact,,TruePositive,,,Ip,Related,98799,138268,2275,160396,441377,673934,425863,453297,153085,529644,,1631,635,860,2251,3421,881,,289573,117668,3586,,,5,66,,,,242,1445,10630
1374389535220,151,5367,3490,2024-06-10T12:08:36.000Z,113,91,InitialAccess,,BenignPositive,,,User,Impacted,98799,138268,360606,160396,34717,57628,34862,38059,153085,529644,,1631,635,860,2251,3421,881,,289573,117668,3586,,,5,66,,,,242,1445,10630
1520418424098,216,131309,1518095,2024-06-07T16:34:57.000Z,25,17,InitialAccess,,TruePositive,,,MailMessage,Related,98799,138268,360606,160396,441377,6432,425863,453297,153085,365926,,1631,635,860,2251,3421,881,,289573,117668,3586,,,5,66,,,,242,1445,10630
257698041046,154,85362,1481544,2024-06-06T15:20:54.000Z,25,17,InitialAccess,,BenignPositive,,,MailMessage,Related,98799,138268,360606,160396,441377,50815,425863,453297,153085,519080,,1631,635,860,2251,3421,881,,289573,117668,3586,,,5,66,,,,242,1445,10630
1322849927777,58,473,4553,2024-06-13T20:47:48.000Z,11,9,InitialAccess,T1566,BenignPositive,,,Mailbox,Impacted,98799,138268,360606,160396,20301,20320,20141,22216,153085,529644,,1631,635,860,2251,3421,881,,289573,117668,3586,,,5,66,,,,242,1445,10630
1340029798513,102,16955,785649,2024-06-11T20:54:48.000Z,2,2,CommandAndControl,,BenignPositive,,,User,Impacted,98799,138268,360606,160396,172911,255019,188114,200289,153085,529644,,1631,635,860,2251,3421,881,,289573,117668,3586,,,5,66,,Suspicious,Suspicious,242,1445,10630
1709396985997,13,4431,10028,2024-06-07T10:05:38.000Z,34,5382,Exfiltration,,BenignPositive,,,File,Impacted,98799,4357,360606,160396,441377,673934,425863,453297,153085,529644,,1631,635,860,2251,3421,881,,4995,28,3586,,,5,66,,,,242,1445,10630
1236950581333,668,344548,392050,2024-06-05T17:11:29.000Z,4,3,InitialAccess,,FalsePositive,,,User,Impacted,98799,138268,360606,160396,111607,184510,118416,113294,153085,529644,,1631,635,860,2251,3421,881,,289573,117668,3586,,,5,66,,,,242,1445,10630
1236950583290,227,1138,2511,2024-06-11T06:14:57.000Z,1,1,InitialAccess,T1566.002,TruePositive,,,User,Impacted,98799,138268,360606,160396,142253,453399,145256,172418,153085,529644,,1631,635,860,2251,3421,881,,289573,117668,3586,,,5,66,,,,242,1445,10630
1176821040424,374,21116,67881,2024-06-04T08:17:51.000Z,10,8,InitialAccess,T1566.001,TruePositive,,,File,Related,98799,18329,360606,160396,441377,673934,425863,453297,153085,529644,,1631,635,860,2251,3421,881,,15127,117668,3586,,,5,66,,,,242,1445,10630
1219770714037,23,399,527600,2024-06-04T00:13:32.000Z,0,0,InitialAccess,T1078;T1078.004,TruePositive,,,Ip,Related,98799,138268,83,160396,441377,673934,425863,453297,153085,529644,,1631,635,860,2251,3421,881,,289573,117668,3586,,,5,66,,,,2,2,14
206158433220,376,149553,1063655,2024-06-13T08:07:10.000Z,0,0,InitialAccess,T1078;T1078.004,FalsePositive,,,CloudLogonSession,Related,98799,138268,360606,160396,441377,673934,425863,453297,153085,529644,,1631,635,860,2251,3421,881,,289573,117668,3586,,,5,66,,,,242,1445,10630
360777255108,52,113660,1160460,2024-06-08T11:00:00.000Z,215,88,CredentialAccess,T1110,BenignPositive,,,Machine,Impacted,98799,138268,360606,160396,441377,673934,425863,453297,37,529644,,1631,635,860,2251,3421,881,,289573,117668,3586,,,5,66,,,,242,1445,10630
481036341268,791,40967,22522,2024-06-07T22:00:19.000Z,1,1,InitialAccess,T1566.002,FalsePositive,,,MailCluster,Related,98799,138268,360606,160396,441377,673934,425863,453297,153085,529644,3952603621.0,1631,635,860,2251,3421,881,,289573,117668,3586,,,5,66,,,Malicious,242,1445,10630
1133871367943,0,218,319159,2024-06-05T20:37:13.000Z,7,6,InitialAccess,,TruePositive,,,CloudLogonRequest,Related,98799,138268,360606,160396,441377,673934,425863,453297,153085,529644,,1631,635,860,2251,3421,881,,289573,117668,3586,,,5,66,,,,242,1445,10630
1288490193253,542,108502,787634,2024-06-05T13:15:02.000Z,2,2,CommandAndControl,,TruePositive,,,User,Impacted,98799,138268,360606,160396,282985,673934,425863,294144,153085,529644,,1631,635,860,2251,3421,881,,289573,117668,3586,,,5,66,,Suspicious,Suspicious,242,1445,10630
1065151892261,73,283238,650327,2024-06-03T16:54:05.000Z,374,57201,Exfiltration,,FalsePositive,,,MailMessage,Impacted,98799,138268,360606,160396,441377,600167,425863,453297,153085,82221,,1631,635,860,2251,3421,881,,289573,117668,3586,,,5,66,,,,242,1445,10630
309237646537,16,204107,1108974,2024-06-11T09:11:22.000Z,55,76724,Exfiltration,,BenignPositive,,,MailMessage,Impacted,98799,138268,360606,160396,441377,535346,425863,453297,153085,375766,,1631,635,860,2251,3421,881,,289573,117668,3586,,,5,66,,,,242,1445,10630
1357209667315,0,174,123333,2024-06-04T16:40:40.000Z,0,0,InitialAccess,T1078;T1078.004,TruePositive,,,Ip,Related,98799,138268,2,160396,441377,673934,425863,453297,153085,529644,,1631,635,860,2251,3421,881,,289573,117668,3586,,,5,66,,,,0,11,8
8589935278,308,31015,59656,2024-06-11T18:46:03.000Z,6,5,InitialAccess,T1566,FalsePositive,,,Mailbox,Impacted,98799,138268,360606,160396,102439,96360,87372,90309,153085,529644,,1631,635,860,2251,3421,881,,289573,117668,3586,,,5,66,,,,242,1445,10630
841813594101,20,3131,661,2024-05-28T10:41:14.000Z,49,35,CommandAndControl,T1046;T1030;T1071;T1071.001,FalsePositive,,,Ip,Related,98799,138268,95499,160396,441377,673934,425863,453297,153085,529644,,1631,635,860,2251,3421,881,,289573,117668,3586,,,5,66,,,,242,1445,10630
472446405810,51,46191,135408,2024-06-06T23:02:06.000Z,39,26,Execution,T1559;T1106;T1059.005,BenignPositive,,,Machine,Impacted,681,138268,360606,160396,441377,673934,425863,453297,1947,529644,,1631,635,860,2251,3421,881,,289573,117668,3586,,,5,66,,,,242,1445,10630
661424968102,105,23889,120223,2024-06-11T21:17:52.000Z,6,5,InitialAccess,T1566,FalsePositive,,,Ip,Related,98799,138268,38866,160396,441377,673934,425863,453297,153085,529644,,1631,635,860,2251,3421,881,,289573,117668,3586,,,5,66,,,NoThreatsFound,242,1445,10630
1185410977486,3,61139,269313,2024-06-04T15:44:38.000Z,2,2,CommandAndControl,,BenignPositive,,,Machine,Impacted,30007,138268,360606,160396,441377,673934,425863,453297,36341,529644,,1631,635,860,2251,3421,881,,289573,117668,3586,,,0,0,,Suspicious,Suspicious,242,1445,10630
403726929998,20,2002,1640,2024-05-22T23:37:47.000Z,79,175,Impact,,FalsePositive,,,Ip,Related,98799,138268,6205,160396,441377,673934,425863,453297,153085,529644,,1631,635,860,2251,3421,881,,289573,117668,3586,,,5,66,,,,242,1445,10630
300647712368,7,429,692,2024-06-02T12:02:59.000Z,22,10,Impact,,FalsePositive,,,Ip,Related,98799,138268,48511,160396,441377,673934,425863,453297,153085,529644,,1631,635,860,2251,3421,881,,289573,117668,3586,,,5,66,,,,242,1445,10630
962072674347,6,2373,1425,2024-05-25T04:01:07.000Z,17,1304,Impact,,BenignPositive,,,Ip,Related,98799,138268,5173,160396,441377,673934,425863,453297,153085,529644,,1631,635,860,2251,3421,881,,289573,117668,3586,,,5,66,,,,242,1445,10630
4297,169,66953,669133,2024-05-29T09:40:06.000Z,195,168,SuspiciousActivity,,TruePositive,,,CloudLogonSession,Related,98799,138268,360606,160396,441377,673934,425863,453297,153085,529644,,1631,635,860,2251,3421,881,,289573,117668,3586,,Attacker,5,66,,,,242,1445,10630
1305670062855,4,2640,327,2024-05-29T23:53:19.000Z,8,7,InitialAccess,T1133,FalsePositive,,,Machine,Impacted,98799,138268,360606,160396,441377,673934,425863,453297,220,529644,,1631,635,860,2251,3421,881,,289573,117668,3586,,,5,66,,,,242,1445,10630
446676600972,150,121020,198380,2024-06-09T18:31:39.000Z,3,4,SuspiciousActivity,,FalsePositive,,,Machine,Impacted,8447,138268,360606,160396,441377,673934,425863,453297,13603,529644,,1631,635,860,2251,3421,881,,289573,117668,3586,,,5,66,,Suspicious,Suspicious,242,1445,10630
481036338758,296,30646,63219,2024-06-03T01:45:47.000Z,1,1,InitialAccess,T1566.002,BenignPositive,,,Url,Related,98799,138268,360606,69943,441377,673934,425863,453297,153085,529644,,1631,635,860,2251,3421,881,,289573,117668,3586,,,5,66,,,NoThreatsFound,242,1445,10630
1709396984866,47,1130,8440,2024-05-20T15:45:13.000Z,71,51,Impact,,FalsePositive,,,Ip,Related,98799,138268,13984,160396,441377,673934,425863,453297,153085,529644,,1631,635,860,2251,3421,881,,289573,117668,3586,,,5,66,,,,242,1445,10630
103079218300,945,47994,562969,2024-06-05T21:09:45.000Z,73,54,InitialAccess,T1078;T1078.004,FalsePositive,,,CloudApplication,Impacted,98799,138268,360606,160396,441377,673934,425863,453297,153085,529644,,1631,635,860,3,3,881,,289573,117668,3586,,,5,66,,,,242,1445,10630
343597386925,320,7284,288732,2024-06-04T19:31:23.000Z,2,2,CommandAndControl,,BenignPositive,,,Machine,Impacted,15341,138268,360606,160396,441377,673934,425863,453297,21199,529644,,1631,635,860,2251,3421,881,,289573,117668,3586,,,0,0,,Suspicious,Suspicious,242,1445,10630
730144441204,61,1280,586310,2024-06-12T11:24:52.000Z,5,31,SuspiciousActivity,,FalsePositive,,,Ip,Related,98799,138268,235,160396,441377,673934,425863,453297,153085,529644,,1631,635,860,2251,3421,881,,289573,117668,3586,,Contextual,5,66,,,,242,1445,10630
231928235961,227,33774,60352,2024-06-10T23:40:44.000Z,1,1,InitialAccess,T1566.002,TruePositive,,,MailCluster,Related,98799,138268,360606,160396,441377,673934,425863,453297,153085,529644,,1631,635,860,2251,3421,881,,289573,117668,3586,,,5,66,,,Suspicious,242,1445,10630
764504179375,3941,6548,1148801,2024-06-03T12:52:02.000Z,11,9,InitialAccess,T1566,,ContainAccount,update stsrefreshtokenvalidfrom timestamp.,Mailbox,Impacted,98799,138268,360606,160396,128163,209924,130941,130957,153085,529644,,1631,635,860,2251,3421,881,,289573,117668,3586,,,5,66,,,,242,1445,10630
1022202221055,9,336,47219,2024-06-05T16:24:20.000Z,77,2654,Exfiltration,,BenignPositive,,,File,Impacted,98799,5158,360606,160396,441377,673934,425863,453297,153085,529644,,1631,635,860,2251,3421,881,,711,511,3586,,,5,66,,,,242,1445,10630
816043790416,57,264115,429446,2024-06-07T18:21:14.000Z,46,48772,Exfiltration,,BenignPositive,,,Ip,Related,98799,138268,3570,160396,441377,673934,425863,453297,153085,529644,,1631,635,860,2251,3421,881,,289573,117668,3586,,,5,66,,,,242,1445,10630
592705487752,18,214706,1109818,2024-06-07T01:12:12.000Z,129,80836,Exfiltration,,FalsePositive,,,User,Impacted,98799,138268,360606,160396,83475,127556,85181,85959,153085,529644,,1631,635,860,2251,3421,881,,289573,117668,3586,,,5,66,,,,242,1445,10630
1142461302556,0,32940,398329,2024-06-09T18:52:49.000Z,0,0,InitialAccess,T1078;T1078.004,TruePositive,,,Ip,Related,98799,138268,185940,160396,441377,673934,425863,453297,153085,529644,,1631,635,860,2251,3421,881,,289573,117668,3586,,,5,66,,,,0,1,117
1108101563888,32,4214,38369,2024-06-04T10:02:18.000Z,3,4,SuspiciousActivity,,BenignPositive,,,Url,Related,98799,138268,360606,212,441377,673934,425863,453297,153085,529644,,1631,635,860,2251,3421,881,,289573,117668,3586,,,5,66,,,,242,1445,10630
266287974299,19,5628,4192,2024-05-28T19:38:48.000Z,23,16,CommandAndControl,,BenignPositive,,,Ip,Related,98799,138268,3604,160396,441377,673934,425863,453297,153085,529644,,1631,635,860,2251,3421,881,,289573,117668,3586,,,5,66,,,,242,1445,10630
1606317770465,0,92,810889,2024-06-08T17:18:47.000Z,4,3,InitialAccess,,TruePositive,,,CloudLogonRequest,Related,98799,138268,360606,160396,441377,673934,425863,453297,153085,529644,,1631,635,860,2251,3421,881,,289573,117668,3586,,,5,66,,,,242,1445,10630
1408749275221,19,5252,4090,2024-06-04T00:51:09.000Z,23,16,CommandAndControl,,BenignPositive,,,Ip,Related,98799,138268,589,160396,441377,673934,425863,453297,153085,529644,,1631,635,860,2251,3421,881,,289573,117668,3586,,,5,66,,,,242,1445,10630
180388631065,91,124599,36470,2024-06-06T19:05:01.000Z,122,4169,Exfiltration,,BenignPositive,,,MailMessage,Impacted,98799,138268,360606,160396,441377,41976,425863,453297,153085,3272,,1631,635,860,2251,3421,881,,289573,117668,3586,,,5,66,,,,242,1445,10630
901943133414,634,110706,244871,2024-06-10T00:42:46.000Z,73,54,InitialAccess,T1078;T1078.004,FalsePositive,,,CloudApplication,Impacted,98799,138268,360606,160396,441377,673934,425863,453297,153085,529644,,1631,635,860,1,1,881,,289573,117668,3586,,,5,66,,,,242,1445,10630
34359739015,42,452,350583,2024-06-04T18:25:18.000Z,233,9567,UnwantedSoftware,,BenignPositive,,,Machine,Impacted,17,138268,360606,160396,441377,673934,425863,453297,17,529644,,1631,635,860,2251,3421,881,,289573,117668,3586,,,0,0,,Suspicious,Suspicious,242,1445,10630
1039382087449,260,244275,1521274,2024-06-07T16:00:21.000Z,33,22,InitialAccess,,BenignPositive,,,User,Impacted,98799,138268,360606,160396,8,15,6,8,153085,529644,,1631,635,860,2251,3421,881,,289573,117668,3586,,,5,66,,,,242,1445,10630
300647711767,140,251979,479615,2024-06-03T18:00:40.000Z,123,54047,Exfiltration,,FalsePositive,,,User,Impacted,98799,138268,360606,160396,112185,62366,108078,114131,153085,529644,,1631,635,860,2251,3421,881,,289573,117668,3586,,,5,66,,,,242,1445,10630
1400159340454,39,539,8943,2024-06-14T22:14:13.000Z,6,5,InitialAccess,T1566,BenignPositive,,,User,Impacted,98799,138268,360606,160396,21444,14327,19984,23387,153085,529644,,1631,635,860,2251,3421,881,,289573,117668,3586,,,5,66,,,,242,1445,10630
214748364849,6,2489,1240,2024-05-31T10:48:42.000Z,17,82,Impact,,BenignPositive,,,Ip,Related,98799,138268,88,160396,441377,673934,425863,453297,153085,529644,,1631,635,860,2251,3421,881,,289573,117668,3586,,,5,66,,,,242,1445,10630
816043786241,25,105,355485,2024-06-11T12:36:14.000Z,30,20993,Exfiltration,,BenignPositive,,,MailMessage,Impacted,98799,138268,360606,160396,441377,85353,425863,453297,153085,118647,,1631,635,860,2251,3421,881,,289573,117668,3586,,,5,66,,,,242,1445,10630
68719481617,38,289298,286246,2024-06-13T10:41:11.000Z,2,2,CommandAndControl,,BenignPositive,,,Machine,Impacted,35111,138268,360606,160396,441377,673934,425863,453297,53083,529644,,1631,635,860,2251,3421,881,,289573,117668,3586,,,0,0,,Suspicious,Suspicious,242,1445,10630
1125281432845,192,89602,58715,2024-06-12T17:51:00.000Z,130,110,InitialAccess,,TruePositive,,,Mailbox,Impacted,98799,138268,360606,160396,441377,6526,425863,453297,153085,529644,,1631,635,860,2251,3421,881,,289573,117668,3586,,,5,66,,,,242,1445,10630
1288490190127,44,5912,5993,2024-06-06T21:58:09.000Z,78,57,Exfiltration,,BenignPositive,,,MailMessage,Impacted,98799,138268,360606,160396,441377,692,425863,453297,153085,18667,,1631,635,860,2251,3421,881,,289573,117668,3586,,,5,66,,,,242,1445,10630
601295424398,50,0,317664,2024-06-12T18:42:14.000Z,7,6,InitialAccess,,TruePositive,,,CloudLogonRequest,Related,98799,138268,360606,160396,441377,673934,425863,453297,153085,529644,,1631,635,860,2251,3421,881,,289573,117668,3586,,,5,66,,,,242,1445,10630
1546188228061,32,1003,38324,2024-06-04T02:09:22.000Z,3,4,SuspiciousActivity,,BenignPositive,,,Url,Related,98799,138268,360606,63,441377,673934,425863,453297,153085,529644,,1631,635,860,2251,3421,881,,289573,117668,3586,,,5,66,,,,242,1445,10630
249108107177,321,24154,35243,2024-06-06T09:55:18.000Z,1,1,InitialAccess,T1566.002,TruePositive,,,MailMessage,Related,98799,138268,360606,160396,441377,15795,425863,453297,153085,32319,,1631,635,860,2251,3421,881,,289573,117668,3586,,,5,66,Inbound,,NoThreatsFound,242,1445,10630
798863922218,525,11655,31369,2024-06-13T03:30:28.000Z,1,1,InitialAccess,T1566.002,TruePositive,,,MailMessage,Related,98799,138268,360606,160396,441377,6701,425863,453297,153085,242536,,1631,635,860,2251,3421,881,,289573,117668,3586,,,5,66,,,,242,1445,10630
111669154679,37,34,7860,2024-06-06T09:57:15.000Z,70,4484,Exfiltration,,FalsePositive,,,MailMessage,Impacted,98799,138268,360606,160396,441377,78953,425863,453297,153085,1579,,1631,635,860,2251,3421,881,,289573,117668,3586,,,5,66,,,,242,1445,10630
386547059668,678,10109,97828,2024-06-03T18:58:22.000Z,6,5,InitialAccess,T1566,FalsePositive,,,MailCluster,Related,98799,138268,360606,160396,441377,673934,425863,453297,153085,529644,4022779932.0,1631,635,860,2251,3421,881,,289573,117668,3586,,,5,66,,,Malicious,242,1445,10630
730144443927,183,29098,77719,2024-06-14T20:05:53.000Z,248,238,Exfiltration,,BenignPositive,,,User,Impacted,98799,138268,360606,160396,107,153,98,123,153085,529644,,1631,635,860,2251,3421,881,,289573,117668,3586,,,5,66,,,,242,1445,10630
936302872478,175,106933,575394,2024-06-10T05:47:14.000Z,9,151,Execution,,BenignPositive,,,CloudApplication,Impacted,98799,138268,360606,160396,441377,673934,425863,453297,153085,529644,,1631,635,860,2,2,881,,289573,117668,3586,,,5,66,,,,242,1445,10630
1614907705371,158,57494,144448,2024-06-05T23:44:51.000Z,352,9083,Exfiltration,,FalsePositive,,,MailMessage,Impacted,98799,138268,360606,160396,441377,213309,425863,453297,153085,20942,,1631,635,860,2251,3421,881,,289573,117668,3586,,,5,66,,,,242,1445,10630
455266535145,0,199,389317,2024-06-03T14:28:22.000Z,0,0,InitialAccess,T1078;T1078.004,TruePositive,,,CloudLogonSession,Related,98799,138268,360606,160396,441377,673934,425863,453297,153085,529644,,1631,635,860,2251,3421,881,,289573,117668,3586,,,5,66,,,,242,1445,10630
919123003398,31,7621,92704,2024-06-05T19:48:27.000Z,226,2175,Exfiltration,,BenignPositive,,,User,Impacted,98799,138268,360606,160396,22464,6615,22831,24443,153085,529644,,1631,635,860,2251,3421,881,,289573,117668,3586,,,5,66,,,,242,1445,10630
326417515163,17,6234,13562,2024-06-06T15:58:03.000Z,20,398,Exfiltration,,FalsePositive,,,Ip,Related,98799,138268,526,160396,441377,673934,425863,453297,153085,529644,,1631,635,860,2251,3421,881,,289573,117668,3586,,,5,66,,,,242,1445,10630
953482741333,1,32,832957,2024-06-10T16:40:42.000Z,0,0,InitialAccess,T1078;T1078.004,TruePositive,,,CloudLogonSession,Related,98799,138268,360606,160396,441377,673934,425863,453297,153085,529644,,1631,635,860,2251,3421,881,,289573,117668,3586,,,5,66,,,,242,1445,10630
515396077021,32,5394,89609,2024-06-12T02:17:31.000Z,3,4,SuspiciousActivity,,BenignPositive,,,Ip,Related,98799,138268,18497,160396,441377,673934,425863,453297,153085,529644,,1631,635,860,2251,3421,881,,289573,117668,3586,,,5,66,,Suspicious,Suspicious,242,1445,10630
566935686136,55,273329,659568,2024-06-04T09:56:44.000Z,110,86,InitialAccess,,TruePositive,,,Mailbox,Impacted,98799,138268,360606,160396,11686,10881,11763,13085,153085,529644,,1631,635,860,2251,3421,881,,289573,117668,3586,,,5,66,,,,242,1445,10630
94489284087,2,4995,7197,2024-06-11T06:25:24.000Z,18,14,Exfiltration,,BenignPositive,,,MailMessage,Impacted,98799,138268,360606,160396,441377,89090,425863,453297,153085,74563,,1631,635,860,2251,3421,881,,289573,117668,3586,,,5,66,,,,242,1445,10630
695784707287,198,2998,9718,2024-06-13T19:07:18.000Z,119,99,SuspiciousActivity,,BenignPositive,,,User,Impacted,98799,138268,360606,160396,441377,673934,425863,39613,153085,529644,,1631,635,860,2251,3421,881,,289573,117668,3586,,,5,66,,,,242,1445,10630
1297080128102,9,45,79329,2024-06-11T11:16:43.000Z,40,22956,Exfiltration,,BenignPositive,,,MailMessage,Impacted,98799,138268,360606,160396,441377,117148,425863,453297,153085,26738,,1631,635,860,2251,3421,881,,289573,117668,3586,,,5,66,,,,242,1445,10630
197568497002,149,9871,695290,2024-06-03T21:23:58.000Z,2,2,CommandAndControl,,BenignPositive,,,Machine,Impacted,9635,138268,360606,160396,441377,673934,425863,453297,15821,529644,,1631,635,860,2251,3421,881,,289573,117668,3586,,,0,0,,Suspicious,Suspicious,242,1445,10630
764504182155,302,7022,128887,2024-06-04T12:00:47.000Z,2,2,CommandAndControl,,BenignPositive,,,User,Impacted,98799,138268,360606,160396,18198,31180,18987,20608,153085,529644,,1631,635,860,2251,3421,881,,289573,117668,3586,,,5,66,,Suspicious,Suspicious,242,1445,10630
1563368099502,201,90099,342231,2024-06-08T18:00:06.000Z,5,97,SuspiciousActivity,,BenignPositive,,,Ip,Related,98799,138268,80,160396,441377,673934,425863,453297,153085,529644,,1631,635,860,2251,3421,881,,289573,117668,3586,,Contextual,5,66,,,,242,1445,10630
68719478921,13,13576,9161,2024-06-03T08:50:07.000Z,34,1698,Exfiltration,,BenignPositive,,,File,Impacted,98799,724,360606,160396,441377,673934,425863,453297,153085,529644,,1631,635,860,2251,3421,881,,803,7,3586,,,5,66,,,,242,1445,10630
8589936356,0,975,396703,2024-06-03T08:22:01.000Z,4,3,InitialAccess,,TruePositive,,,Ip,Related,98799,138268,40,160396,441377,673934,425863,453297,153085,529644,,1631,635,860,2251,3421,881,,289573,117668,3586,,,5,66,,,,1,0,0
1133871371217,114,10483,143087,2024-06-12T05:52:32.000Z,3,4,SuspiciousActivity,,FalsePositive,,,Process,Related,98799,1,360606,160396,441377,673934,425863,453297,153085,529644,,1631,635,860,2251,3421,881,,1,1,3586,,,5,66,,Suspicious,Suspicious,242,1445,10630
575525621425,3,83144,281753,2024-06-04T20:31:26.000Z,2,2,CommandAndControl,,BenignPositive,,,User,Impacted,98799,138268,360606,160396,11074,16153,11010,13201,153085,529644,,1631,635,860,2251,3421,881,,289573,117668,3586,,,5,66,,Suspicious,Suspicious,242,1445,10630
1589137902904,302,96189,254400,2024-06-13T20:30:25.000Z,2,2,CommandAndControl,,BenignPositive,,,User,Impacted,98799,138268,360606,160396,31595,35448,31945,35118,153085,529644,,1631,635,860,2251,3421,881,,289573,117668,3586,,,5,66,,Suspicious,Suspicious,242,1445,10630
687194768570,248,47283,36395,2024-06-07T23:13:59.000Z,149,125,Exfiltration,,BenignPositive,,,File,Impacted,98799,138268,360606,160396,441377,673934,425863,453297,153085,529644,,1631,635,860,2251,3421,881,,82049,403,3586,,,5,66,,,,242,1445,10630
738734376579,7,427,693,2024-05-27T06:29:01.000Z,22,10,Impact,,FalsePositive,,,Ip,Related,98799,138268,7067,160396,441377,673934,425863,453297,153085,529644,,1631,635,860,2251,3421,881,,289573,117668,3586,,,5,66,,,,242,1445,10630
1563368099156,2,5610,3333,2024-06-05T10:25:20.000Z,42,27,Exfiltration,,BenignPositive,,,File,Impacted,98799,138268,360606,160396,441377,673934,425863,453297,153085,529644,,1631,635,860,2251,3421,881,,113878,9872,3586,,,5,66,,,,242,1445,10630
455266535024,1,41,1184105,2024-06-09T05:20:08.000Z,7,6,InitialAccess,,TruePositive,,,CloudLogonRequest,Related,98799,138268,360606,160396,441377,673934,425863,453297,153085,529644,,1631,635,860,2251,3421,881,,289573,117668,3586,,,5,66,,,,242,1445,10630
687194772270,226,162,925422,2024-06-14T18:13:05.000Z,4,3,InitialAccess,,TruePositive,,,Ip,Related,98799,138268,180155,160396,441377,673934,425863,453297,153085,529644,,1631,635,860,2251,3421,881,,289573,117668,3586,,,5,66,,,,0,48,52
566935684864,0,433,323175,2024-06-10T09:03:07.000Z,0,0,InitialAccess,T1078;T1078.004,TruePositive,,,Ip,Related,98799,138268,2,160396,441377,673934,425863,453297,153085,529644,,1631,635,860,2251,3421,881,,289573,117668,3586,,,5,66,,,,0,11,8
1159641174828,38,289611,737583,2024-06-14T15:48:43.000Z,2,2,CommandAndControl,,BenignPositive,,,Url,Related,98799,138268,360606,2354,441377,673934,425863,453297,153085,529644,,1631,635,860,2251,3421,881,,289573,117668,3586,,,5,66,,Suspicious,Suspicious,242,1445,10630
1340029797915,7,3235,724,2024-05-26T06:38:31.000Z,22,10,Impact,,FalsePositive,,,Ip,Related,98799,138268,5982,160396,441377,673934,425863,453297,153085,529644,,1631,635,860,2251,3421,881,,289573,117668,3586,,,5,66,,,,242,1445,10630
1460288882874,13,102435,287175,2024-06-07T13:40:40.000Z,2,2,CommandAndControl,,BenignPositive,,,Process,Related,98799,1,360606,160396,441377,673934,425863,453297,153085,529644,,1631,635,860,2251,3421,881,,1,1,3586,,,5,66,,Suspicious,Suspicious,242,1445,10630
1546188227220,3394,56567,680304,2024-06-12T01:09:50.000Z,182,153,CredentialAccess,T1528,BenignPositive,,,OAuthApplication,Related,98799,138268,360606,160396,441377,673934,425863,453297,153085,529644,,1631,635,860,2251,12,0,,289573,117668,3586,,,5,66,,,,242,1445,10630
635655162268,5,60,106628,2024-06-05T00:21:45.000Z,4,3,InitialAccess,,TruePositive,,,CloudLogonRequest,Related,98799,138268,360606,160396,441377,673934,425863,453297,153085,529644,,1631,635,860,2251,3421,881,,289573,117668,3586,,,5,66,,,,242,1445,10630
1194000910114,0,163,533281,2024-06-05T09:34:16.000Z,0,0,InitialAccess,T1078;T1078.004,TruePositive,,,CloudLogonRequest,Related,98799,138268,360606,160396,441377,673934,425863,453297,153085,529644,,1631,635,860,2251,3421,881,,289573,117668,3586,,,5,66,,,,242,1445,10630
111669151404,1,30,314583,2024-06-08T12:39:34.000Z,0,0,InitialAccess,T1078;T1078.004,TruePositive,,,User,Impacted,98799,138268,360606,160396,3305,4404,3309,3475,153085,529644,,1631,635,860,2251,3421,881,,289573,117668,3586,,,5,66,,,,242,1445,10630
1606317770997,48,6938,564188,2024-06-06T17:31:25.000Z,9,45,Execution,,BenignPositive,,,CloudApplication,Impacted,98799,138268,360606,160396,441377,673934,425863,453297,153085,529644,,1631,635,860,3,3,881,,289573,117668,3586,,,5,66,,,,242,1445,10630
730144442143,0,227,498958,2024-06-09T19:40:12.000Z,0,0,InitialAccess,T1078;T1078.004,TruePositive,,,CloudLogonRequest,Related,98799,138268,360606,160396,441377,673934,425863,453297,153085,529644,,1631,635,860,2251,3421,881,,289573,117668,3586,,,5,66,,,,242,1445,10630
635655163898,10,185,83,2024-05-26T14:23:48.000Z,12,709,Impact,,TruePositive,,,Ip,Related,98799,138268,1001,160396,441377,673934,425863,453297,153085,529644,,1631,635,860,2251,3421,881,,289573,117668,3586,,,5,66,,,,242,1445,10630
1460288882693,19,27139,35367,2024-06-05T00:40:48.000Z,890,155,Discovery,T1087,BenignPositive,,,User,Impacted,98799,138268,360606,160396,441377,673934,425863,39951,153085,529644,,1631,635,860,2251,3421,881,,289573,117668,3586,,,5,66,,,,242,1445,10630
515396077655,13,15943,10800,2024-06-05T14:33:00.000Z,34,5691,Exfiltration,,BenignPositive,,,File,Impacted,98799,1146,360606,160396,441377,673934,425863,453297,153085,529644,,1631,635,860,2251,3421,881,,1288,7,3586,,,5,66,,,,242,1445,10630
523986013429,211,26369,59681,2024-06-12T23:27:28.000Z,6,5,InitialAccess,T1566,FalsePositive,,,MailMessage,Related,98799,138268,360606,160396,441377,9445,425863,453297,153085,4374,,1631,635,860,2251,3421,881,,289573,117668,3586,,,5,66,Inbound,,NoThreatsFound,242,1445,10630
206158430630,79,1247,189879,2024-06-05T06:44:26.000Z,56,40,CredentialAccess,T1003;T1012;T1552.002,FalsePositive,,,RegistryValue,Related,98799,138268,360606,160396,441377,673934,425863,453297,153085,529644,,0,635,860,2251,3421,881,,289573,117668,3586,,,5,66,,Suspicious,Suspicious,242,1445,10630
326417514893,64,5718,4340,2024-06-07T15:25:07.000Z,366,155,Discovery,T1087,BenignPositive,,,User,Impacted,98799,138268,360606,160396,441377,673934,425863,374471,153085,529644,,1631,635,860,2251,3421,881,,289573,117668,3586,,,5,66,,,,242,1445,10630
1288490189525,3771,35661,942701,2024-06-11T16:29:23.000Z,0,0,InitialAccess,T1078;T1078.004,FalsePositive,,,CloudLogonRequest,Related,98799,138268,360606,160396,441377,673934,425863,453297,153085,529644,,1631,635,860,2251,3421,881,,289573,117668,3586,,,5,66,,,,242,1445,10630
523986010203,67,376917,1598763,2024-06-07T17:59:28.000Z,6660,108960,Exfiltration,,,ContainAccount,change user password.,User,Impacted,98799,138268,360606,160396,40150,71266,40931,29106,153085,529644,,1631,635,860,2251,3421,881,,289573,117668,3586,,,5,66,,,,242,1445,10630
103079217489,5,278,103965,2024-06-05T03:58:31.000Z,0,0,InitialAccess,T1078;T1078.004,TruePositive,,,User,Impacted,98799,138268,360606,160396,20,33,18,22,153085,529644,,1631,635,860,2251,3421,881,,289573,117668,3586,,,5,66,,,,242,1445,10630
1288490190428,1,30185,53561,2024-06-05T14:28:34.000Z,4,3,InitialAccess,,TruePositive,,,User,Impacted,98799,138268,360606,160396,228,316,219,253,153085,529644,,1631,635,860,2251,3421,881,,289573,117668,3586,,,5,66,,,,242,1445,10630
1297080124741,65,308492,736233,2024-06-04T16:19:07.000Z,2,2,CommandAndControl,,FalsePositive,,,User,Impacted,98799,138268,360606,160396,64931,116972,78052,78655,153085,529644,,1631,635,860,2251,3421,881,,289573,117668,3586,,,5,66,,Suspicious,Suspicious,242,1445,10630
661424966698,210,931,1077936,2024-06-12T13:19:41.000Z,5,21,SuspiciousActivity,,FalsePositive,,,Ip,Related,98799,138268,1728,160396,441377,673934,425863,453297,153085,529644,,1631,635,860,2251,3421,881,,289573,117668,3586,,Contextual,5,66,,,,242,1445,10630
1692217115727,447,377137,943237,2024-06-12T01:32:16.000Z,19,15,InitialAccess,,FalsePositive,,,Ip,Related,98799,138268,11583,160396,441377,673934,425863,453297,153085,529644,,1631,635,860,2251,3421,881,,289573,117668,3586,,,5,66,,,,4,142,169
996432414302,7,329,702,2024-05-25T13:05:07.000Z,21,41,Impact,,FalsePositive,,,Ip,Related,98799,138268,6631,160396,441377,673934,425863,453297,153085,529644,,1631,635,860,2251,3421,881,,289573,117668,3586,,,5,66,,,,242,1445,10630
618475291196,58,463,3126,2024-06-12T16:55:47.000Z,11,9,InitialAccess,T1566,BenignPositive,,,MailMessage,Related,98799,138268,360606,160396,441377,32831,425863,453297,153085,212020,,1631,635,860,2251,3421,881,,289573,117668,3586,,,5,66,,,,242,1445,10630
1297080125683,349,557,633779,2024-06-07T07:00:38.000Z,31,29540,Malware,,BenignPositive,,,File,Related,98799,26536,360606,160396,441377,673934,425863,453297,153085,529644,,1631,635,860,2251,3421,881,CeeInject,23488,16413,3586,,,5,66,,Suspicious,Malicious,242,1445,10630
266287974762,5,137,161827,2024-06-09T05:19:44.000Z,0,0,InitialAccess,T1078;T1078.004,TruePositive,,,User,Impacted,98799,138268,360606,160396,24,37,22,27,153085,529644,,1631,635,860,2251,3421,881,,289573,117668,3586,,,5,66,,,,242,1445,10630
1623497640650,8,39406,36611,2024-06-10T02:36:42.000Z,1,1,InitialAccess,T1566.002,TruePositive,,,User,Impacted,98799,138268,360606,160396,5478,3473,5439,5635,153085,529644,,1631,635,860,2251,3421,881,,289573,117668,3586,,,5,66,,,,242,1445,10630
1374389535421,22,146,1350010,2024-06-08T03:53:48.000Z,0,0,InitialAccess,T1078;T1078.004,TruePositive,,,CloudLogonRequest,Related,98799,138268,360606,160396,441377,673934,425863,453297,153085,529644,,1631,635,860,2251,3421,881,,289573,117668,3586,,,5,66,,,,242,1445,10630
1494648622515,2,86972,62321,2024-06-08T07:07:47.000Z,42,27,Exfiltration,,BenignPositive,,,User,Impacted,98799,138268,360606,160396,26756,29578,26277,28087,153085,529644,,1631,635,860,2251,3421,881,,289573,117668,3586,,,5,66,,,,242,1445,10630
1065151891076,26,35573,1090254,2024-06-10T05:22:18.000Z,1332,2615,PrivilegeEscalation,T1112;T1548.002,BenignPositive,,,Process,Related,98799,109,360606,160396,441377,673934,425863,453297,153085,529644,,1631,635,860,2251,3421,881,,7,3,3586,,,5,66,,Suspicious,Suspicious,242,1445,10630
1468878815251,6,2425,1266,2024-05-21T23:26:53.000Z,17,1359,Impact,,BenignPositive,,,Ip,Related,98799,138268,3888,160396,441377,673934,425863,453297,153085,529644,,1631,635,860,2251,3421,881,,289573,117668,3586,,,5,66,,,,242,1445,10630
1073741825802,0,315,405154,2024-06-07T06:41:37.000Z,4,3,InitialAccess,,TruePositive,,,Ip,Related,98799,138268,1,160396,441377,673934,425863,453297,153085,529644,,1631,635,860,2251,3421,881,,289573,117668,3586,,,5,66,,,,15,13,10
962072678452,10,152,148,2024-05-26T02:18:42.000Z,12,738,Impact,,TruePositive,,,Ip,Related,98799,138268,1082,160396,441377,673934,425863,453297,153085,529644,,1631,635,860,2251,3421,881,,289573,117668,3586,,,5,66,,,,242,1445,10630
240518170618,725,105095,1504207,2024-06-03T22:18:00.000Z,25,17,InitialAccess,,TruePositive,,,Mailbox,Impacted,98799,138268,360606,160396,29709,29178,28542,27451,153085,529644,,1631,635,860,2251,3421,881,,289573,117668,3586,,,5,66,,,,242,1445,10630
876173330370,122,3862,281203,2024-06-13T13:42:21.000Z,2,2,CommandAndControl,,FalsePositive,,,Machine,Impacted,26649,138268,360606,160396,441377,673934,425863,453297,34637,529644,,1631,635,860,2251,3421,881,,289573,117668,3586,,,0,0,,Suspicious,Suspicious,242,1445,10630
1520418426087,1086,247895,901999,2024-06-04T02:13:32.000Z,0,0,InitialAccess,T1078;T1078.004,FalsePositive,,,User,Impacted,98799,138268,360606,160396,182570,260421,202820,3421,153085,529644,,1631,635,860,2251,3421,881,,289573,117668,3586,,,5,66,,,,242,1445,10630
824633725397,36,26394,218070,2024-06-08T21:38:28.000Z,1,1,InitialAccess,T1566.002,BenignPositive,,,MailMessage,Related,98799,138268,360606,160396,441377,1969,425863,453297,153085,131732,,1631,635,860,2251,3421,881,,289573,117668,3586,,,5,66,,,,242,1445,10630
128849021581,368,6325,199704,2024-06-10T14:53:02.000Z,3,4,SuspiciousActivity,,BenignPositive,,,Process,Related,98799,5,360606,160396,441377,673934,425863,453297,153085,529644,,1631,635,860,2251,3421,881,,2,2738,3586,,,5,66,,Suspicious,Suspicious,242,1445,10630
575525618265,143,394237,1032060,2024-06-11T03:46:37.000Z,0,0,InitialAccess,T1078;T1078.004,FalsePositive,,,CloudLogonSession,Related,98799,138268,360606,160396,441377,673934,425863,453297,153085,529644,,1631,635,860,2251,3421,881,,289573,117668,3586,,,5,66,,,,242,1445,10630
1099511631754,86,468,270133,2024-06-13T11:46:10.000Z,2,2,CommandAndControl,,BenignPositive,,,Machine,Impacted,1004,138268,360606,160396,441377,673934,425863,453297,2450,529644,,1631,635,860,2251,3421,881,,289573,117668,3586,,,0,0,,Suspicious,Suspicious,242,1445,10630
730144440718,64,5675,5127,2024-06-10T16:35:17.000Z,159,65,Exfiltration,T1041,BenignPositive,,,File,Related,98799,138268,360606,160396,441377,673934,425863,453297,153085,529644,,1631,635,860,2251,3421,881,,31152,93703,3586,,,5,66,,,,242,1445,10630
987842482615,105,148693,460570,2024-06-11T11:06:15.000Z,13,11,InitialAccess,T1566,BenignPositive,,,Ip,Related,98799,138268,16323,160396,441377,673934,425863,453297,153085,529644,,1631,635,860,2251,3421,881,,289573,117668,3586,,,5,66,,,NoThreatsFound,242,1445,10630
283467844924,59,320734,711947,2024-06-12T21:38:38.000Z,2,2,CommandAndControl,,BenignPositive,,,Machine,Impacted,3778,138268,360606,160396,441377,673934,425863,453297,6964,529644,,1631,635,860,2251,3421,881,,289573,117668,3586,,,0,0,,Suspicious,Suspicious,242,1445,10630
575525621120,59,179953,199798,2024-06-10T20:06:06.000Z,3,4,SuspiciousActivity,,BenignPositive,,,Machine,Impacted,30619,138268,360606,160396,441377,673934,425863,453297,33544,529644,,1631,635,860,2251,3421,881,,289573,117668,3586,,,5,66,,Suspicious,Suspicious,242,1445,10630
515396077947,5,35,1196000,2024-06-07T07:16:09.000Z,0,0,InitialAccess,T1078;T1078.004,TruePositive,,,Ip,Related,98799,138268,1,160396,441377,673934,425863,453297,153085,529644,,1631,635,860,2251,3421,881,,289573,117668,3586,,,5,66,,,,15,13,10
1382979471536,13,17894,11984,2024-06-04T12:31:43.000Z,34,1689,Exfiltration,,BenignPositive,,,File,Impacted,98799,1584,360606,160396,441377,673934,425863,453297,153085,529644,,1631,635,860,2251,3421,881,,1804,7,3586,,,5,66,,,,242,1445,10630
1683627182669,40,45790,203317,2024-06-13T16:02:34.000Z,36,100,CredentialAccess,,BenignPositive,,,Process,Related,98799,38,360606,160396,441377,673934,425863,453297,153085,529644,,1631,635,860,2251,3421,881,,0,2,3586,,,5,66,,Suspicious,Suspicious,242,1445,10630
1245540516846,18,534763,1400048,2024-06-11T15:22:06.000Z,9,32,Execution,,FalsePositive,,,File,Related,98799,136249,360606,160396,441377,673934,425863,453297,153085,529644,,1631,635,860,2251,3421,881,,206005,117668,3586,,,5,66,,,,242,1445,10630
1305670058050,67,41782,14619,2024-06-07T19:31:21.000Z,1,1,InitialAccess,T1566.002,BenignPositive,,,MailMessage,Related,98799,138268,360606,160396,441377,26872,425863,453297,153085,20195,,1631,635,860,2251,3421,881,,289573,117668,3586,,,5,66,Inbound,,NoThreatsFound,242,1445,10630
635655163289,2,7138,4877,2024-06-13T10:41:13.000Z,15,13,Exfiltration,,BenignPositive,,,MailMessage,Impacted,98799,138268,360606,160396,441377,9,425863,453297,153085,7242,,1631,635,860,2251,3421,881,,289573,117668,3586,,,5,66,,,,242,1445,10630
1039382086473,352,538,1383082,2024-06-07T19:13:46.000Z,9,248,Execution,,TruePositive,,,File,Related,98799,73592,360606,160396,441377,673934,425863,453297,153085,529644,,1631,635,860,2251,3421,881,,191016,117668,3586,,,5,66,,,,242,1445,10630
188978563521,5,29,940501,2024-06-05T22:48:20.000Z,0,0,InitialAccess,T1078;T1078.004,TruePositive,,,CloudLogonRequest,Related,98799,138268,360606,160396,441377,673934,425863,453297,153085,529644,,1631,635,860,2251,3421,881,,289573,117668,3586,,,5,66,,,,242,1445,10630
1279900256004,1436,18756,1507941,2024-06-09T01:28:14.000Z,11,9,InitialAccess,T1566,BenignPositive,,,Mailbox,Impacted,98799,138268,360606,160396,228266,253519,267363,128885,153085,529644,,1631,635,860,2251,3421,881,,289573,117668,3586,,,5,66,,,,242,1445,10630
206158432267,340,916,666611,2024-06-05T21:09:21.000Z,11,9,InitialAccess,T1566,BenignPositive,,,MailMessage,Related,98799,138268,360606,160396,441377,143766,425863,453297,153085,185118,,1631,635,860,2251,3421,881,,289573,117668,3586,,,5,66,,,,242,1445,10630
541165882733,2,21869,7829,2024-06-14T15:30:18.000Z,15,13,Exfiltration,,BenignPositive,,,MailMessage,Impacted,98799,138268,360606,160396,441377,5,425863,453297,153085,10731,,1631,635,860,2251,3421,881,,289573,117668,3586,,,5,66,,,,242,1445,10630
1657857378048,0,115,178166,2024-06-07T14:00:06.000Z,0,0,InitialAccess,T1078;T1078.004,TruePositive,,,User,Impacted,98799,138268,360606,160396,537,719,532,578,153085,529644,,1631,635,860,2251,3421,881,,289573,117668,3586,,,5,66,,,,242,1445,10630
223338303563,2439,394371,1066779,2024-06-03T23:26:53.000Z,152,623,SuspiciousActivity,,FalsePositive,,,CloudApplication,Related,98799,138268,360606,160396,441377,673934,425863,453297,153085,529644,,1631,635,860,67,102,881,,289573,117668,3586,,,5,66,,,,242,1445,10630
1013612283896,23,373,528230,2024-06-03T15:29:08.000Z,0,0,InitialAccess,T1078;T1078.004,TruePositive,,,User,Impacted,98799,138268,360606,160396,717,961,706,763,153085,529644,,1631,635,860,2251,3421,881,,289573,117668,3586,,,5,66,,,,242,1445,10630
1030792155505,281,65454,120538,2024-06-16T17:25:25.000Z,1,1,InitialAccess,T1566.002,BenignPositive,,,Url,Related,98799,138268,360606,29256,441377,673934,425863,453297,153085,529644,,1631,635,860,2251,3421,881,,289573,117668,3586,,,5,66,,,Malicious,242,1445,10630
188978565640,155,59,1311335,2024-06-07T23:12:36.000Z,14,12,CredentialAccess,T1110;T1110.003;T1110.001,TruePositive,,,User,Impacted,98799,138268,360606,160396,13453,22222,13444,14563,153085,529644,,1631,635,860,2251,3421,881,,289573,117668,3586,,,5,66,,,,242,1445,10630
687194772270,226,162,1289693,2024-06-10T08:01:48.000Z,0,0,InitialAccess,T1078;T1078.004,TruePositive,,,User,Impacted,98799,138268,360606,160396,5019,6988,5009,5354,153085,529644,,1631,635,860,2251,3421,881,,289573,117668,3586,,,5,66,,,,242,1445,10630
781684052697,38,341628,959297,2024-06-13T08:28:32.000Z,0,0,InitialAccess,T1078;T1078.004,TruePositive,,,User,Impacted,98799,138268,360606,160396,56812,93434,55078,59905,153085,529644,,1631,635,860,2251,3421,881,,289573,117668,3586,,,5,66,,,,242,1445,10630
1477468750438,381,486,10511,2024-06-10T20:50:11.000Z,47,30,InitialAccess,T1566.002,TruePositive,,,User,Impacted,98799,138268,360606,160396,7858,11394,7780,8302,153085,529644,,1631,635,860,2251,3421,881,,289573,117668,3586,,,5,66,,,,242,1445,10630
1382979474539,123,674,1404107,2024-06-12T07:40:04.000Z,5,404,SuspiciousActivity,,TruePositive,,,CloudApplication,Impacted,98799,138268,360606,160396,441377,673934,425863,453297,153085,529644,,1631,635,860,2,2,881,,289573,117668,3586,,,5,66,,,,242,1445,10630
635655162268,5,60,176276,2024-06-05T08:30:22.000Z,0,0,InitialAccess,T1078;T1078.004,TruePositive,,,User,Impacted,98799,138268,360606,160396,8106,12600,8180,8660,153085,529644,,1631,635,860,2251,3421,881,,289573,117668,3586,,,5,66,,,,242,1445,10630
1520418424539,0,311,122618,2024-06-05T06:26:20.000Z,0,0,InitialAccess,T1078;T1078.004,TruePositive,,,Ip,Related,98799,138268,11,160396,441377,673934,425863,453297,153085,529644,,1631,635,860,2251,3421,881,,289573,117668,3586,,,5,66,,,,24,29,29
1649267442275,146,400,17377,2024-06-03T06:35:56.000Z,1,1,InitialAccess,T1566.002,FalsePositive,,,Url,Related,98799,138268,360606,72340,441377,673934,425863,453297,153085,529644,,1631,635,860,2251,3421,881,,289573,117668,3586,,,5,66,,,Malicious,242,1445,10630
1365799605106,162,210867,1498181,2024-06-05T04:45:57.000Z,25,17,InitialAccess,,TruePositive,,,MailMessage,Related,98799,138268,360606,160396,441377,14,425863,453297,153085,381780,,1631,635,860,2251,3421,881,,289573,117668,3586,,,5,66,,,,242,1445,10630
1520418426575,264,243744,1387122,2024-06-09T00:36:14.000Z,5,514,SuspiciousActivity,,TruePositive,,,User,Impacted,98799,138268,360606,160396,200548,313154,200358,201866,153085,529644,,1631,635,860,2251,3421,881,,289573,117668,3586,,,5,66,,,,242,1445,10630
944892808997,12,1705,1360,2024-05-25T11:44:01.000Z,16,1389,Impact,,BenignPositive,,,Ip,Related,98799,138268,1699,160396,441377,673934,425863,453297,153085,529644,,1631,635,860,2251,3421,881,,289573,117668,3586,,,5,66,,,,242,1445,10630
1211180782504,1116,68530,617364,2024-06-10T12:39:46.000Z,3,60802,SuspiciousActivity,,TruePositive,,,Machine,Impacted,52314,138268,360606,160396,441377,673934,425863,453297,80603,529644,,1631,635,860,2251,3421,881,,289573,117668,3586,,,5,66,,Suspicious,Suspicious,242,1445,10630
1520418423887,47,1497,9990,2024-05-31T00:52:43.000Z,71,183,Impact,,FalsePositive,,,Ip,Related,98799,138268,173,160396,441377,673934,425863,453297,153085,529644,,1631,635,860,2251,3421,881,,289573,117668,3586,,,5,66,,,,242,1445,10630
1236950584971,3,106565,604607,2024-06-04T01:06:39.000Z,3,137,SuspiciousActivity,,BenignPositive,,,Machine,Impacted,13752,138268,360606,160396,441377,673934,425863,453297,19825,529644,,1631,635,860,2251,3421,881,,289573,117668,3586,,,5,66,,Suspicious,Suspicious,242,1445,10630
798863921420,30,10569,12869,2024-06-07T11:41:07.000Z,37,5044,Exfiltration,,BenignPositive,,,MailMessage,Impacted,98799,138268,360606,160396,441377,35014,425863,453297,153085,9719,,1631,635,860,2251,3421,881,,289573,117668,3586,,,5,66,,,,242,1445,10630
1374389536549,0,141,1343689,2024-06-11T03:41:25.000Z,7,6,InitialAccess,,TruePositive,,,User,Impacted,98799,138268,360606,160396,8422,12682,8563,9086,153085,529644,,1631,635,860,2251,3421,881,,289573,117668,3586,,,5,66,,,,242,1445,10630
601295424398,50,0,333592,2024-06-15T06:41:57.000Z,0,0,InitialAccess,T1078;T1078.004,TruePositive,,,Ip,Related,98799,138268,4677,160396,441377,673934,425863,453297,153085,529644,,1631,635,860,2251,3421,881,,289573,117668,3586,,,5,66,,,,26,65,75
1108101567339,878,9743,39650,2024-06-04T10:52:04.000Z,649,869,SuspiciousActivity,,BenignPositive,,,File,Related,98799,77846,360606,160396,441377,673934,425863,453297,153085,529644,,1631,635,860,2251,3421,881,,131683,0,3586,,,5,66,,,,242,1445,10630
755914244152,6,323736,687161,2024-06-13T09:04:12.000Z,2,2,CommandAndControl,,BenignPositive,,,Process,Related,98799,1,360606,160396,441377,673934,425863,453297,153085,529644,,1631,635,860,2251,3421,881,,1,1,3586,,,5,66,,Suspicious,Suspicious,242,1445,10630
858993460943,0,177,868552,2024-06-04T07:28:23.000Z,4,3,InitialAccess,,TruePositive,,,Ip,Related,98799,138268,155012,160396,441377,673934,425863,453297,153085,529644,,1631,635,860,2251,3421,881,,289573,117668,3586,,,5,66,,,,3,5,24
901943133951,0,204,324919,2024-06-04T08:51:55.000Z,0,0,InitialAccess,T1078;T1078.004,TruePositive,,,User,Impacted,98799,138268,360606,160396,6866,10079,6874,7406,153085,529644,,1631,635,860,2251,3421,881,,289573,117668,3586,,,5,66,,,,242,1445,10630
103079219623,9,551712,638644,2024-06-15T23:29:42.000Z,31,415,Malware,,FalsePositive,,,File,Related,98799,1239,360606,160396,441377,673934,425863,453297,153085,529644,,1631,635,860,2251,3421,881,Bartallex,17173,18,3586,,,5,66,,Suspicious,Malicious,242,1445,10630
1185410976112,199,147317,274390,2024-06-13T21:24:30.000Z,2,2,CommandAndControl,,TruePositive,,,Url,Related,98799,138268,360606,2293,441377,673934,425863,453297,153085,529644,,1631,635,860,2251,3421,881,,289573,117668,3586,,,5,66,,Suspicious,Suspicious,242,1445,10630
146028891656,247,1312,34844,2024-06-11T15:34:39.000Z,6,5,InitialAccess,T1566,BenignPositive,,,File,Related,98799,262,360606,160396,441377,673934,425863,453297,153085,529644,,1631,635,860,2251,3421,881,,143,117668,3586,,,5,66,,,,242,1445,10630
1597727836063,39,623,8399,2024-06-14T20:50:01.000Z,6,5,InitialAccess,T1566,BenignPositive,,,Mailbox,Impacted,98799,138268,360606,160396,18060,15455,17698,19484,153085,529644,,1631,635,860,2251,3421,881,,289573,117668,3586,,,5,66,,,NoThreatsFound,242,1445,10630
498216210189,3,20042,618208,2024-06-10T18:00:31.000Z,3,4,SuspiciousActivity,,BenignPositive,,,Machine,Impacted,4062,138268,360606,160396,441377,673934,425863,453297,7467,529644,,1631,635,860,2251,3421,881,,289573,117668,3586,,,5,66,,Suspicious,Suspicious,242,1445,10630
781684051071,1645,117806,51475,2024-06-09T00:16:25.000Z,1,1,InitialAccess,T1566.002,TruePositive,,,User,Impacted,98799,138268,360606,160396,31604,28501,32001,36031,153085,529644,,1631,635,860,2251,3421,881,,289573,117668,3586,,,5,66,,,,242,1445,10630
42949674827,163,241,1128168,2024-06-14T05:00:22.000Z,221,4857,Exfiltration,,BenignPositive,,,Machine,Impacted,44,138268,360606,160396,441377,673934,425863,453297,73,529644,,1631,635,860,2251,3421,881,,289573,117668,3586,,,5,66,,,,242,1445,10630
300647712368,7,429,707,2024-06-02T08:00:49.000Z,22,10,Impact,,FalsePositive,,,Ip,Related,98799,138268,173,160396,441377,673934,425863,453297,153085,529644,,1631,635,860,2251,3421,881,,289573,117668,3586,,,5,66,,,,242,1445,10630
601295424398,50,0,169437,2024-06-14T05:00:47.000Z,0,0,InitialAccess,T1078;T1078.004,TruePositive,,,Ip,Related,98799,138268,159,160396,441377,673934,425863,453297,153085,529644,,1631,635,860,2251,3421,881,,289573,117668,3586,,,5,66,,,,42,67,66
1558,32,546846,1654240,2024-06-13T05:14:18.000Z,294,289,SuspiciousActivity,,BenignPositive,,,User,Impacted,98799,138268,360606,160396,441377,673934,425863,23129,153085,529644,,1631,635,860,2251,3421,881,,289573,117668,3586,,,5,66,,,,242,1445,10630
1288490193547,38,78066,279698,2024-06-03T17:45:47.000Z,2,2,CommandAndControl,,BenignPositive,,,Url,Related,98799,138268,360606,1,441377,673934,425863,453297,153085,529644,,1631,635,860,2251,3421,881,,289573,117668,3586,,,5,66,,Suspicious,Suspicious,242,1445,10630
644245098054,136,144751,520733,2024-06-09T01:34:22.000Z,7,6,InitialAccess,,BenignPositive,,,CloudLogonRequest,Related,98799,138268,360606,160396,441377,673934,425863,453297,153085,529644,,1631,635,860,2251,3421,881,,289573,117668,3586,,,5,66,,,,242,1445,10630
901943132893,120,30326,214110,2024-06-12T16:22:40.000Z,333,4475,Exfiltration,,BenignPositive,,,User,Impacted,98799,138268,360606,160396,30050,48970,28186,32424,153085,529644,,1631,635,860,2251,3421,881,,289573,117668,3586,,,5,66,,,,242,1445,10630
395136995906,105,148621,242690,2024-06-04T19:41:02.000Z,10,8,InitialAccess,T1566.001,BenignPositive,,,Mailbox,Impacted,98799,138268,360606,160396,160780,138433,134326,171535,153085,529644,,1631,635,860,2251,3421,881,,289573,117668,3586,,,5,66,,,NoThreatsFound,242,1445,10630
8589935127,283,335,1525748,2024-06-03T12:42:32.000Z,35,23,InitialAccess,T1566,TruePositive,,,Mailbox,Impacted,98799,138268,360606,160396,23062,17451,23320,24858,153085,529644,,1631,635,860,2251,3421,881,,289573,117668,3586,,,5,66,,,,242,1445,10630
1142461301579,61,57905,590672,2024-06-13T17:08:52.000Z,5,31,SuspiciousActivity,,FalsePositive,,,User,Impacted,98799,138268,360606,160396,24654,45142,23696,24272,153085,529644,,1631,635,860,2251,3421,881,,289573,117668,3586,,,5,66,,,,242,1445,10630
1022202218693,13,34312,43970,2024-06-12T21:40:51.000Z,158,128,Exfiltration,,BenignPositive,,,MailMessage,Impacted,98799,138268,360606,160396,441377,84699,425863,453297,153085,86604,,1631,635,860,2251,3421,881,,289573,117668,3586,,,5,66,,,,242,1445,10630
1580547968288,2,95765,70660,2024-06-12T17:15:44.000Z,1182,2204,Exfiltration,,BenignPositive,,,MailMessage,Impacted,98799,138268,360606,160396,441377,593981,425863,453297,153085,294335,,1631,635,860,2251,3421,881,,289573,117668,3586,,,5,66,,,,242,1445,10630
1563368095768,6,2444,1399,2024-05-21T15:49:28.000Z,17,58,Impact,,BenignPositive,,,Ip,Related,98799,138268,9416,160396,441377,673934,425863,453297,153085,529644,,1631,635,860,2251,3421,881,,289573,117668,3586,,,5,66,,,,242,1445,10630
266287974422,90,248,995004,2024-06-03T08:14:12.000Z,0,0,InitialAccess,T1078;T1078.004,TruePositive,,,User,Impacted,98799,138268,360606,160396,563,743,549,595,153085,529644,,1631,635,860,2251,3421,881,,289573,117668,3586,,,5,66,,,,242,1445,10630
1340029801206,37,10358,4474,2024-06-06T06:13:44.000Z,97,1517,Exfiltration,,FalsePositive,,,MailMessage,Impacted,98799,138268,360606,160396,441377,130065,425863,453297,153085,54,,1631,635,860,2251,3421,881,,289573,117668,3586,,,5,66,,,,242,1445,10630
1709396986150,48,203009,1415455,2024-06-14T09:41:02.000Z,9,45,Execution,,BenignPositive,,,User,Impacted,98799,138268,360606,160396,797,1079,784,848,153085,529644,,1631,635,860,2251,3421,881,,289573,117668,3586,,,5,66,,,,242,1445,10630
137438955883,5,73,186386,2024-06-07T23:47:33.000Z,4,3,InitialAccess,,TruePositive,,,User,Impacted,98799,138268,360606,160396,136,197,128,159,153085,529644,,1631,635,860,2251,3421,881,,289573,117668,3586,,,5,66,,,,242,1445,10630
85899349012,33,26697,44793,2024-06-13T02:21:20.000Z,1,1,InitialAccess,T1566.002,BenignPositive,,,Url,Related,98799,138268,360606,88500,441377,673934,425863,453297,153085,529644,,1631,635,860,2251,3421,881,,289573,117668,3586,,,5,66,,,Malicious,242,1445,10630
1271310320966,161,120967,662988,2024-06-06T18:03:05.000Z,11,9,InitialAccess,T1566,BenignPositive,,,User,Impacted,98799,138268,360606,160396,256866,267452,214673,136856,153085,529644,,1631,635,860,2251,3421,881,,289573,117668,3586,,,5,66,,,,242,1445,10630
867583397501,3,13856,275409,2024-06-10T19:59:12.000Z,2,2,CommandAndControl,,BenignPositive,,,User,Impacted,98799,138268,360606,160396,17248,28351,16575,18770,153085,529644,,1631,635,860,2251,3421,881,,289573,117668,3586,,,5,66,,Suspicious,Suspicious,242,1445,10630
1348619735366,413,49087,341707,2024-06-08T04:53:11.000Z,81,489,SuspiciousActivity,,TruePositive,,,CloudApplication,Impacted,98799,138268,360606,160396,441377,673934,425863,453297,153085,529644,,1631,635,860,12,13,881,,289573,117668,3586,,,5,66,,,,242,1445,10630
515396076650,16,82009,1594855,2024-06-09T20:04:51.000Z,55,37,Exfiltration,,BenignPositive,,,MailMessage,Impacted,98799,138268,360606,160396,441377,451999,425863,453297,153085,236693,,1631,635,860,2251,3421,881,,289573,117668,3586,,,5,66,,,,242,1445,10630
1700807053543,244,279103,1589320,2024-06-15T01:48:18.000Z,31,4658,Malware,,BenignPositive,,,File,Related,98799,21378,360606,160396,441377,673934,425863,453297,153085,529644,,1631,635,860,2251,3421,881,MediaArena,71148,82386,3586,,,5,66,,Suspicious,Malicious,242,1445,10630
1563368097501,0,195,940073,2024-06-07T13:51:19.000Z,0,0,InitialAccess,T1078;T1078.004,TruePositive,,,User,Impacted,98799,138268,360606,160396,1363,1866,1364,1444,153085,529644,,1631,635,860,2251,3421,881,,289573,117668,3586,,,5,66,,,,242,1445,10630
773094116143,50,1054,314559,2024-06-05T05:12:03.000Z,0,0,InitialAccess,T1078;T1078.004,TruePositive,,,User,Impacted,98799,138268,360606,160396,1191,1613,1182,1247,153085,529644,,1631,635,860,2251,3421,881,,289573,117668,3586,,,5,66,,,,242,1445,10630
120259088942,103,36403,13745,2024-06-04T16:55:08.000Z,11,9,InitialAccess,T1566,BenignPositive,,,User,Impacted,98799,138268,360606,160396,105596,101105,105411,97756,153085,529644,,1631,635,860,2251,3421,881,,289573,117668,3586,,,5,66,,,,242,1445,10630
8589939525,4,202,436,2024-05-25T16:22:53.000Z,8,7,InitialAccess,T1133,FalsePositive,,,Machine,Impacted,98799,138268,360606,160396,441377,673934,425863,453297,359,529644,,1631,635,860,2251,3421,881,,289573,117668,3586,,,5,66,,,,242,1445,10630
738734376579,7,427,666,2024-05-27T05:27:55.000Z,22,10,Impact,,FalsePositive,,,Ip,Related,98799,138268,3679,160396,441377,673934,425863,453297,153085,529644,,1631,635,860,2251,3421,881,,289573,117668,3586,,,5,66,,,,242,1445,10630
1529008360074,95,108693,62089,2024-05-23T19:14:18.000Z,106,79,Impact,,TruePositive,,,Ip,Related,98799,138268,19891,160396,441377,673934,425863,453297,153085,529644,,1631,635,860,2251,3421,881,,289573,117668,3586,,,5,66,,,,242,1445,10630
1434519080014,51,8896,297467,2024-06-13T06:57:20.000Z,39,26,Execution,T1559;T1106;T1059.005,BenignPositive,,,Machine,Impacted,3007,138268,360606,160396,441377,673934,425863,453297,5755,529644,,1631,635,860,2251,3421,881,,289573,117668,3586,,,5,66,,,,242,1445,10630
1236950583278,23,331,839370,2024-06-15T18:25:50.000Z,4,3,InitialAccess,,FalsePositive,,,Ip,Related,98799,138268,355550,160396,441377,673934,425863,453297,153085,529644,,1631,635,860,2251,3421,881,,289573,117668,3586,,,5,66,,,,0,28,97
1709396987937,86,586,286262,2024-06-05T14:09:15.000Z,2,2,CommandAndControl,,BenignPositive,,,Url,Related,98799,138268,360606,2500,441377,673934,425863,453297,153085,529644,,1631,635,860,2251,3421,881,,289573,117668,3586,,,5,66,,Suspicious,Suspicious,242,1445,10630
1563368097244,237,133498,348309,2024-06-13T19:34:45.000Z,9,182,Execution,,FalsePositive,,,File,Related,98799,36356,360606,160396,441377,673934,425863,453297,153085,529644,,1631,635,860,2251,3421,881,,57944,117668,3586,,,5,66,,,,242,1445,10630
1108101562368,25,124,144937,2024-06-05T07:47:42.000Z,67,31747,Exfiltration,,BenignPositive,,,MailMessage,Impacted,98799,138268,360606,160396,441377,27952,425863,453297,153085,16646,,1631,635,860,2251,3421,881,,289573,117668,3586,,,5,66,,,,242,1445,10630
1546188227755,16,86152,230089,2024-06-16T07:43:02.000Z,24,37,Exfiltration,,BenignPositive,,,MailMessage,Impacted,98799,138268,360606,160396,441377,32477,425863,453297,153085,45769,,1631,635,860,2251,3421,881,,289573,117668,3586,,,5,66,,,,242,1445,10630
1374389536423,1,39,402141,2024-06-04T17:40:45.000Z,0,0,InitialAccess,T1078;T1078.004,TruePositive,,,CloudLogonRequest,Related,98799,138268,360606,160396,441377,673934,425863,453297,153085,529644,,1631,635,860,2251,3421,881,,289573,117668,3586,,,5,66,,,,242,1445,10630
146028888774,233,151025,1107882,2024-06-06T14:27:38.000Z,254,6568,Exfiltration,,TruePositive,,,Ip,Related,98799,138268,9037,160396,441377,673934,425863,453297,153085,529644,,1631,635,860,2251,3421,881,,289573,117668,3586,,,5,66,,,,242,1445,10630
773094114168,18,231728,1068408,2024-06-05T07:03:07.000Z,9,47,Execution,,FalsePositive,,,CloudApplication,Impacted,98799,138268,360606,160396,441377,673934,425863,453297,153085,529644,,1631,635,860,4,4,881,,289573,117668,3586,,,5,66,,,,242,1445,10630
790273984959,5,274,383206,2024-06-11T15:06:51.000Z,4,3,InitialAccess,,TruePositive,,,Ip,Related,98799,138268,320,160396,441377,673934,425863,453297,153085,529644,,1631,635,860,2251,3421,881,,289573,117668,3586,,,5,66,,,,14,1445,10630
1683627184337,36,1001,422521,2024-06-11T19:31:14.000Z,36,118,SuspiciousActivity,,FalsePositive,,,Machine,Impacted,30213,138268,360606,160396,441377,673934,425863,453297,33284,529644,,1631,635,860,2251,3421,881,,289573,117668,3586,,,5,66,,Suspicious,Suspicious,242,1445,10630
764504183574,4,2107,460,2024-05-23T11:36:01.000Z,8,7,InitialAccess,T1133,BenignPositive,,,Machine,Impacted,98799,138268,360606,160396,441377,673934,425863,453297,467,529644,,1631,635,860,2251,3421,881,,289573,117668,3586,,,5,66,,,,242,1445,10630
936302874869,36,41893,225068,2024-06-12T23:13:55.000Z,25,17,InitialAccess,,BenignPositive,,,User,Impacted,98799,138268,360606,160396,2238,7986,2246,2354,153085,529644,,1631,635,860,2251,3421,881,,289573,117668,3586,,,5,66,,,,242,1445,10630
472446403866,605,31530,32359,2024-06-03T06:14:22.000Z,1636,3579,Execution,,BenignPositive,,,User,Impacted,98799,138268,360606,160396,441377,673934,425863,32325,153085,529644,,1631,635,860,2251,3421,881,,289573,117668,3586,,,5,66,,,,242,1445,10630
1546188230522,12,1761,1522,2024-05-24T19:53:13.000Z,16,1275,Impact,,BenignPositive,,,Ip,Related,98799,138268,224510,160396,441377,673934,425863,453297,153085,529644,,1631,635,860,2251,3421,881,,289573,117668,3586,,,5,66,,,,242,1445,10630
584115554484,52,126664,1717063,2024-05-24T15:46:18.000Z,99,111942,CommandAndControl,T1568;T1008,BenignPositive,,,Ip,Related,98799,138268,71679,160396,441377,673934,425863,453297,153085,529644,,1631,635,860,2251,3421,881,,289573,117668,3586,,,5,66,,,,242,1445,10630
944892806612,88,17540,432821,2024-06-13T20:02:19.000Z,58,43,Exfiltration,,FalsePositive,,,MailMessage,Impacted,98799,138268,360606,160396,441377,2822,425863,453297,153085,529644,,1631,635,860,2251,3421,881,,289573,117668,3586,,,5,66,,,,242,1445,10630
893353201332,3,208137,1094115,2024-06-14T17:59:17.000Z,36,228,Malware,T1046,BenignPositive,,,User,Impacted,98799,138268,360606,160396,38666,64952,39139,40140,153085,529644,,1631,635,860,2251,3421,881,,289573,117668,3586,,,5,66,,Suspicious,Suspicious,242,1445,10630
1039382085632,25,216,64170,2024-06-03T14:01:48.000Z,67,21008,Exfiltration,,BenignPositive,,,MailMessage,Impacted,98799,138268,360606,160396,441377,385788,425863,453297,153085,89902,,1631,635,860,2251,3421,881,,289573,117668,3586,,,5,66,,,,242,1445,10630
695784704416,5,377,46281,2024-06-04T02:35:38.000Z,0,0,InitialAccess,T1078;T1078.004,TruePositive,,,Ip,Related,98799,138268,13,160396,441377,673934,425863,453297,153085,529644,,1631,635,860,2251,3421,881,,289573,117668,3586,,,5,66,,,,6,23,26
180388629656,118,2714,2483,2024-06-09T00:18:48.000Z,88,24,CredentialAccess,,BenignPositive,,,Ip,Related,98799,138268,88638,160396,441377,673934,425863,453297,153085,529644,,1631,635,860,2251,3421,881,,289573,117668,3586,,,5,66,,,,242,1445,10630
103079217489,5,278,126205,2024-06-05T07:10:16.000Z,0,0,InitialAccess,T1078;T1078.004,TruePositive,,,CloudLogonRequest,Related,98799,138268,360606,160396,441377,673934,425863,453297,153085,529644,,1631,635,860,2251,3421,881,,289573,117668,3586,,,5,66,,,,242,1445,10630
472446404541,23,355,974405,2024-06-03T21:02:53.000Z,0,0,InitialAccess,T1078;T1078.004,TruePositive,,,CloudLogonRequest,Related,98799,138268,360606,160396,441377,673934,425863,453297,153085,529644,,1631,635,860,2251,3421,881,,289573,117668,3586,,,5,66,,,,242,1445,10630
566935684672,41,91689,64339,2024-06-06T13:58:06.000Z,32,8237,Exfiltration,,TruePositive,,,MailMessage,Impacted,98799,138268,360606,160396,441377,288593,425863,453297,153085,197622,,1631,635,860,2251,3421,881,,289573,117668,3586,,,5,66,,,,242,1445,10630
2988,124,68561,558602,2024-06-05T08:25:23.000Z,9,64,Execution,,FalsePositive,,,User,Impacted,98799,138268,360606,160396,4,16,3,3,153085,529644,,1631,635,860,2251,3421,881,,289573,117668,3586,,,5,66,,,,242,1445,10630
987842478511,304,8554,84806,2024-06-10T03:07:35.000Z,13,11,InitialAccess,T1566,FalsePositive,,,File,Related,98799,1822,360606,160396,441377,673934,425863,453297,153085,529644,,1631,635,860,2251,3421,881,,861,117668,3586,,,5,66,,,,242,1445,10630
309237646139,177,743,306191,2024-06-03T07:52:40.000Z,193,271,SuspiciousActivity,,TruePositive,,,Machine,Impacted,98799,138268,360606,160396,441377,673934,425863,453297,71,529644,,1631,635,860,2251,3421,881,,289573,117668,3586,,,5,66,,,,242,1445,10630
962072676205,389,64757,81461,2024-06-08T14:49:30.000Z,1,1,InitialAccess,T1566.002,BenignPositive,,,Url,Related,98799,138268,360606,91209,441377,673934,425863,453297,153085,529644,,1631,635,860,2251,3421,881,,289573,117668,3586,,,5,66,,,Malicious,242,1445,10630
1606317772646,14,316,164,2024-05-24T05:10:22.000Z,41,58,Impact,,BenignPositive,,,Ip,Related,98799,138268,897,160396,441377,673934,425863,453297,153085,529644,,1631,635,860,2251,3421,881,,289573,117668,3586,,,5,66,,,,242,1445,10630
352187318754,77,63243,139467,2024-06-09T10:21:09.000Z,1,1,InitialAccess,T1566.002,BenignPositive,,,User,Impacted,98799,138268,360606,160396,6000,3941,6029,6442,153085,529644,,1631,635,860,2251,3421,881,,289573,117668,3586,,,5,66,,,,242,1445,10630
1082331762467,12,2101,1162,2024-05-22T03:50:51.000Z,16,299,Impact,,BenignPositive,,,Ip,Related,98799,138268,1082,160396,441377,673934,425863,453297,153085,529644,,1631,635,860,2251,3421,881,,289573,117668,3586,,,5,66,,,,242,1445,10630
644245097895,261,29790,1522172,2024-06-11T20:36:16.000Z,35,23,InitialAccess,T1566,BenignPositive,,,Mailbox,Impacted,98799,138268,360606,160396,115213,75959,114840,116383,153085,529644,,1631,635,860,2251,3421,881,,289573,117668,3586,,,5,66,,,,242,1445,10630
1022202218548,49,220655,117150,2024-06-10T15:14:24.000Z,6,5,InitialAccess,T1566,TruePositive,,,Mailbox,Impacted,98799,138268,360606,160396,1390,731,1385,1460,153085,529644,,1631,635,860,2251,3421,881,,289573,117668,3586,,,5,66,,,,242,1445,10630
146028890581,5,254,334552,2024-06-09T10:16:22.000Z,0,0,InitialAccess,T1078;T1078.004,TruePositive,,,Ip,Related,98799,138268,433,160396,441377,673934,425863,453297,153085,529644,,1631,635,860,2251,3421,881,,289573,117668,3586,,,5,66,,,,1,0,0
420906796769,26,40921,616800,2024-06-10T09:57:32.000Z,3,4,SuspiciousActivity,,FalsePositive,,,Url,Related,98799,138268,360606,108,441377,673934,425863,453297,153085,529644,,1631,635,860,2251,3421,881,,289573,117668,3586,,,5,66,,,,242,1445,10630
68719478340,21,123978,196634,2024-06-07T02:51:13.000Z,3,4,SuspiciousActivity,,BenignPositive,,,Ip,Related,98799,138268,3607,160396,441377,673934,425863,453297,153085,529644,,1631,635,860,2251,3421,881,,289573,117668,3586,,,5,66,,Suspicious,Suspicious,242,1445,10630
146028891221,74,919,17938,2024-06-08T11:13:14.000Z,36,166,CommandAndControl,,BenignPositive,,,Url,Related,98799,138268,360606,15535,441377,673934,425863,453297,153085,529644,,1631,635,860,2251,3421,881,,289573,117668,3586,,,5,66,,Suspicious,Suspicious,242,1445,10630
1589137902632,110,2723,314881,2024-06-06T17:45:39.000Z,14,12,CredentialAccess,T1110;T1110.003;T1110.001,TruePositive,,,User,Impacted,98799,138268,360606,160396,20851,33232,20144,22114,153085,529644,,1631,635,860,2251,3421,881,,289573,117668,3586,,,5,66,,,,242,1445,10630
747324314828,292,134368,1036012,2024-06-13T12:38:59.000Z,0,0,InitialAccess,T1078;T1078.004,FalsePositive,,,User,Impacted,98799,138268,360606,160396,32176,53561,32870,35779,153085,529644,,1631,635,860,2251,3421,881,,289573,117668,3586,,,5,66,,,,242,1445,10630
798863921296,477,6934,67962,2024-06-04T19:59:03.000Z,47,30,InitialAccess,T1566.002,FalsePositive,,,MailMessage,Related,98799,138268,360606,160396,441377,25024,425863,453297,153085,15070,,1631,635,860,2251,3421,881,,289573,117668,3586,,,5,66,,,,242,1445,10630
266287974762,5,137,501441,2024-06-09T11:24:58.000Z,0,0,InitialAccess,T1078;T1078.004,TruePositive,,,CloudLogonRequest,Related,98799,138268,360606,160396,441377,673934,425863,453297,153085,529644,,1631,635,860,2251,3421,881,,289573,117668,3586,,,5,66,,,,242,1445,10630
1108101563082,397,19905,5913,2024-06-12T19:04:22.000Z,1,1,InitialAccess,T1566.002,BenignPositive,,,Url,Related,98799,138268,360606,14209,441377,673934,425863,453297,153085,529644,,1631,635,860,2251,3421,881,,289573,117668,3586,,,5,66,,,NoThreatsFound,242,1445,10630
1228360650756,20,563,1715,2024-05-29T17:55:59.000Z,49,35,CommandAndControl,T1046;T1030;T1071;T1071.001,BenignPositive,,,Ip,Related,98799,138268,33967,160396,441377,673934,425863,453297,153085,529644,,1631,635,860,2251,3421,881,,289573,117668,3586,,,5,66,,,,242,1445,10630
1494648621632,371,1325,12546,2024-06-05T22:40:06.000Z,47,30,InitialAccess,T1566.002,TruePositive,,,Mailbox,Impacted,98799,138268,360606,160396,4480,6194,4471,4773,153085,529644,,1631,635,860,2251,3421,881,,289573,117668,3586,,,5,66,,,Malicious,242,1445,10630
1400159340611,147,63396,1422416,2024-06-16T22:25:43.000Z,5,1094,SuspiciousActivity,,TruePositive,,,Ip,Related,98799,138268,19128,160396,441377,673934,425863,453297,153085,529644,,1631,635,860,2251,3421,881,,289573,117668,3586,,Contextual,5,66,,,,242,1445,10630
188978565116,10,1829,258,2024-05-21T06:08:36.000Z,12,420,Impact,,TruePositive,,,Ip,Related,98799,138268,3458,160396,441377,673934,425863,453297,153085,529644,,1631,635,860,2251,3421,881,,289573,117668,3586,,,5,66,,,,242,1445,10630
953482744552,197,28604,602825,2024-06-03T07:11:35.000Z,3,4220,SuspiciousActivity,,TruePositive,,,Machine,Impacted,33795,138268,360606,160396,441377,673934,425863,453297,45021,529644,,1631,635,860,2251,3421,881,,289573,117668,3586,,,5,66,,Suspicious,,242,1445,10630
1503238557012,59,96674,781565,2024-06-04T20:40:48.000Z,2,2,CommandAndControl,,BenignPositive,,,Machine,Impacted,23974,138268,360606,160396,441377,673934,425863,453297,32629,529644,,1631,635,860,2251,3421,881,,289573,117668,3586,,,0,0,,Suspicious,Suspicious,242,1445,10630
377957122051,25,151492,28105,2024-06-10T17:36:07.000Z,30,12326,Exfiltration,,BenignPositive,,,MailMessage,Impacted,98799,138268,360606,160396,441377,7272,425863,453297,153085,13630,,1631,635,860,2251,3421,881,,289573,117668,3586,,,5,66,,,,242,1445,10630
1116691497257,11,434989,1035204,2024-06-14T18:57:41.000Z,0,0,InitialAccess,T1078;T1078.004,FalsePositive,,,Ip,Related,98799,138268,45991,160396,441377,673934,425863,453297,153085,529644,,1631,635,860,2251,3421,881,,289573,117668,3586,,,5,66,,,,12,12,9
1443109015394,14,1789,238,2024-05-27T05:57:08.000Z,41,690,Impact,,TruePositive,,,Ip,Related,98799,138268,982,160396,441377,673934,425863,453297,153085,529644,,1631,635,860,2251,3421,881,,289573,117668,3586,,,5,66,,,,242,1445,10630
566935684727,1,54,394164,2024-06-05T01:32:25.000Z,0,0,InitialAccess,T1078;T1078.004,TruePositive,,,Ip,Related,98799,138268,2991,160396,441377,673934,425863,453297,153085,529644,,1631,635,860,2251,3421,881,,289573,117668,3586,,,5,66,,,,44,92,96
420906796686,1,301,532394,2024-06-04T14:33:01.000Z,0,0,InitialAccess,T1078;T1078.004,TruePositive,,,User,Impacted,98799,138268,360606,160396,61191,98874,63461,63275,153085,529644,,1631,635,860,2251,3421,881,,289573,117668,3586,,,5,66,,,,242,1445,10630
206158431788,21,465,88607,2024-06-06T23:19:49.000Z,3,4,SuspiciousActivity,,BenignPositive,,,Ip,Related,98799,138268,1486,160396,441377,673934,425863,453297,153085,529644,,1631,635,860,2251,3421,881,,289573,117668,3586,,,5,66,,Suspicious,Suspicious,242,1445,10630
1400159341276,325,76632,236427,2024-06-03T10:55:33.000Z,1,1,InitialAccess,T1566.002,BenignPositive,,,Url,Related,98799,138268,360606,96422,441377,673934,425863,453297,153085,529644,,1631,635,860,2251,3421,881,,289573,117668,3586,,,5,66,,,Malicious,242,1445,10630
652835030879,0,95,533394,2024-06-09T13:27:14.000Z,0,0,InitialAccess,T1078;T1078.004,TruePositive,,,CloudLogonRequest,Related,98799,138268,360606,160396,441377,673934,425863,453297,153085,529644,,1631,635,860,2251,3421,881,,289573,117668,3586,,,5,66,,,,242,1445,10630
446676603986,46,17777,12998,2024-06-11T10:51:29.000Z,372,382,Execution,,BenignPositive,,,User,Impacted,98799,138268,360606,160396,82241,130780,81309,87081,153085,529644,,1631,635,860,2251,3421,881,,289573,117668,3586,,,5,66,,,,242,1445,10630
1563368097503,0,422,315574,2024-06-05T11:14:38.000Z,0,0,InitialAccess,T1078;T1078.004,TruePositive,,,Ip,Related,98799,138268,45,160396,441377,673934,425863,453297,153085,529644,,1631,635,860,2251,3421,881,,289573,117668,3586,,,5,66,,,,1,0,0
249108106428,1591,21716,840302,2024-06-13T14:10:31.000Z,4,3,InitialAccess,,FalsePositive,,,Ip,Related,98799,138268,106841,160396,441377,673934,425863,453297,153085,529644,,1631,635,860,2251,3421,881,,289573,117668,3586,,,5,66,,,,0,117,3034
1176821044172,256,25021,88421,2024-06-06T11:27:22.000Z,3,4,SuspiciousActivity,,FalsePositive,,,User,Impacted,98799,138268,360606,160396,3974,5341,3973,4188,153085,529644,,1631,635,860,2251,3421,881,,289573,117668,3586,,,5,66,,Suspicious,Suspicious,242,1445,10630
1168231106198,1,357,168583,2024-06-11T00:07:37.000Z,4,3,InitialAccess,,TruePositive,,,CloudLogonRequest,Related,98799,138268,360606,160396,441377,673934,425863,453297,153085,529644,,1631,635,860,2251,3421,881,,289573,117668,3586,,,5,66,,,,242,1445,10630
1185410977234,101,168,2624,2024-06-04T21:47:57.000Z,1,1,InitialAccess,T1566.002,TruePositive,,,MailMessage,Related,98799,138268,360606,160396,441377,268598,425863,453297,153085,65,,1631,635,860,2251,3421,881,,289573,117668,3586,,,5,66,,,,242,1445,10630
1365799601854,26,11538,249182,2024-06-08T13:42:54.000Z,2254,6291,Ransomware,T1018;T1112;T1486,BenignPositive,,,Process,Related,98799,19,360606,160396,441377,673934,425863,453297,153085,529644,,1631,635,860,2251,3421,881,,16,14,3586,,,5,66,,Suspicious,Suspicious,242,1445,10630
77309415278,533,9042,6795,2024-06-06T00:14:11.000Z,464,24,CredentialAccess,T1110;T1078,BenignPositive,,,User,Impacted,98799,138268,360606,160396,37313,65075,38101,38345,153085,529644,,1631,635,860,2251,3421,881,,289573,117668,3586,,,5,66,,,,242,1445,10630
910533070888,24,5344,16274,2024-06-11T16:50:58.000Z,1,1,InitialAccess,T1566.002,TruePositive,,,MailCluster,Related,98799,138268,360606,160396,441377,673934,425863,453297,153085,529644,,1631,635,860,2251,3421,881,,289573,117668,3586,,,5,66,,,Malicious,242,1445,10630
214748366557,0,87,181612,2024-06-06T16:48:44.000Z,0,0,InitialAccess,T1078;T1078.004,TruePositive,,,CloudLogonSession,Related,98799,138268,360606,160396,441377,673934,425863,453297,153085,529644,,1631,635,860,2251,3421,881,,289573,117668,3586,,,5,66,,,,242,1445,10630
1082331760268,1,358,167071,2024-06-06T17:06:36.000Z,0,0,InitialAccess,T1078;T1078.004,TruePositive,,,CloudLogonSession,Related,98799,138268,360606,160396,441377,673934,425863,453297,153085,529644,,1631,635,860,2251,3421,881,,289573,117668,3586,,,5,66,,,,242,1445,10630
506806143104,13,10764,18182,2024-06-14T12:13:30.000Z,34,8638,Exfiltration,,BenignPositive,,,File,Impacted,98799,138268,360606,160396,441377,673934,425863,453297,153085,529644,,1631,635,860,2251,3421,881,,148145,10705,3586,,,5,66,,,,242,1445,10630
773094114650,159,10113,207507,2024-06-13T10:44:27.000Z,2,2,CommandAndControl,,FalsePositive,,,Url,Related,98799,138268,360606,2149,441377,673934,425863,453297,153085,529644,,1631,635,860,2251,3421,881,,289573,117668,3586,,,5,66,,Suspicious,Suspicious,242,1445,10630
360777258054,96,4357,578777,2024-06-10T23:25:21.000Z,5,109,SuspiciousActivity,,FalsePositive,,,User,Impacted,98799,138268,360606,160396,2278,2980,2266,2379,153085,529644,,1631,635,860,2251,3421,881,,289573,117668,3586,,,5,66,,,,242,1445,10630
481036341028,195,84108,166950,2024-06-07T11:10:15.000Z,0,0,InitialAccess,T1078;T1078.004,FalsePositive,,,Ip,Related,98799,138268,298,160396,441377,673934,425863,453297,153085,529644,,1631,635,860,2251,3421,881,,289573,117668,3586,,,5,66,,,,9,33,32
1322849930224,63,159,811393,2024-06-07T07:23:09.000Z,0,0,InitialAccess,T1078;T1078.004,TruePositive,,,Ip,Related,98799,138268,4645,160396,441377,673934,425863,453297,153085,529644,,1631,635,860,2251,3421,881,,289573,117668,3586,,,5,66,,,,6,19,36
1709396985799,399,389,1312400,2024-06-04T12:40:51.000Z,0,0,InitialAccess,T1078;T1078.004,TruePositive,,,User,Impacted,98799,138268,360606,160396,115083,189859,113780,116158,153085,529644,,1631,635,860,2251,3421,881,,289573,117668,3586,,,5,66,,,,242,1445,10630
549755815919,23,176,1245946,2024-06-05T14:11:57.000Z,7,6,InitialAccess,,TruePositive,,,CloudLogonRequest,Related,98799,138268,360606,160396,441377,673934,425863,453297,153085,529644,,1631,635,860,2251,3421,881,,289573,117668,3586,,,5,66,,,,242,1445,10630
627065228455,800,47763,794700,2024-06-11T13:56:44.000Z,1287,69250,Exfiltration,,BenignPositive,,,User,Impacted,98799,138268,360606,160396,24943,38345,26668,27431,153085,529644,,1631,635,860,2251,3421,881,,289573,117668,3586,,,5,66,,,,242,1445,10630
412316862131,70,7289,223535,2024-06-09T04:23:58.000Z,1,1,InitialAccess,T1566.002,BenignPositive,,,MailCluster,Related,98799,138268,360606,160396,441377,673934,425863,453297,153085,529644,,1631,635,860,2251,3421,881,,289573,117668,3586,,,5,66,,,Malicious,242,1445,10630
377957124149,31,50224,36401,2024-06-05T18:49:49.000Z,226,7635,Exfiltration,,BenignPositive,,,MailMessage,Impacted,98799,138268,360606,160396,441377,118740,425863,453297,153085,1623,,1631,635,860,2251,3421,881,,289573,117668,3586,,,5,66,,,,242,1445,10630
635655164337,105,2649,1760,2024-06-08T13:52:02.000Z,27,18,Discovery,T1087;T1087.002,BenignPositive,,,Machine,Related,98799,138268,360606,160396,441377,673934,425863,453297,135460,529644,,1631,635,860,2251,3421,881,,289573,117668,3586,,Destination,5,66,,,,242,1445,10630
816043788347,158,37365,32541,2024-06-11T05:35:51.000Z,278,13916,Exfiltration,,FalsePositive,,,File,Impacted,98799,138268,360606,160396,441377,673934,425863,453297,153085,529644,,1631,635,860,2251,3421,881,,274091,0,3586,,,5,66,,,,242,1445,10630
850403528421,3,135352,269343,2024-06-14T01:31:08.000Z,2,2,CommandAndControl,,BenignPositive,,,Url,Related,98799,138268,360606,611,441377,673934,425863,453297,153085,529644,,1631,635,860,2251,3421,881,,289573,117668,3586,,,5,66,,Suspicious,Suspicious,242,1445,10630
42949675810,34,332570,690590,2024-06-12T12:18:25.000Z,2,2,CommandAndControl,,BenignPositive,,,Machine,Impacted,22075,138268,360606,160396,441377,673934,425863,453297,32560,529644,,1631,635,860,2251,3421,881,,289573,117668,3586,,,0,0,,Suspicious,Suspicious,242,1445,10630
1082331762951,1466,6102,95070,2024-06-11T12:11:36.000Z,66,48,InitialAccess,,TruePositive,,,MailMessage,Related,98799,138268,360606,160396,441377,43103,425863,453297,153085,17451,,1631,635,860,2251,3421,881,,289573,117668,3586,,,5,66,,,,242,1445,10630
420906797224,13,17123,11509,2024-06-04T14:02:01.000Z,34,3025,Exfiltration,,BenignPositive,,,File,Impacted,98799,1073,360606,160396,441377,673934,425863,453297,153085,529644,,1631,635,860,2251,3421,881,,1217,7,3586,,,5,66,,,,242,1445,10630
274877906944,25,104,52330,2024-06-07T14:15:53.000Z,30,10918,Exfiltration,,BenignPositive,,,MailMessage,Impacted,98799,138268,360606,160396,441377,134754,425863,453297,153085,7452,,1631,635,860,2251,3421,881,,289573,117668,3586,,,5,66,,,,242,1445,10630
1649267442469,107,46567,62840,2024-06-04T17:18:02.000Z,1,1,InitialAccess,T1566.002,TruePositive,,,Mailbox,Impacted,98799,138268,360606,160396,76753,79499,64816,79692,153085,529644,,1631,635,860,2251,3421,881,,289573,117668,3586,,,5,66,,,Malicious,242,1445,10630
463856468997,56,327219,691003,2024-06-11T03:14:23.000Z,2,2,CommandAndControl,,BenignPositive,,,Machine,Impacted,91949,138268,360606,160396,441377,673934,425863,453297,130416,529644,,1631,635,860,2251,3421,881,,289573,117668,3586,,,0,0,,Suspicious,Suspicious,242,1445,10630
1236950585923,135,4176,3076,2024-05-24T19:54:24.000Z,213,83,LateralMovement,T1021,BenignPositive,,,Ip,Related,98799,138268,32506,160396,441377,673934,425863,453297,153085,529644,,1631,635,860,2251,3421,881,,289573,117668,3586,,,5,66,,,,242,1445,10630
1219770712116,6,379290,1099164,2024-06-12T12:42:48.000Z,2,2,CommandAndControl,,BenignPositive,,,Process,Related,98799,88,360606,160396,441377,673934,425863,453297,153085,529644,,1631,635,860,2251,3421,881,,94,71,3586,,,5,66,,Suspicious,Suspicious,242,1445,10630
670014902898,38,219013,608281,2024-06-05T11:34:40.000Z,3,4,SuspiciousActivity,,BenignPositive,,,Process,Related,98799,9,360606,160396,441377,673934,425863,453297,153085,529644,,1631,635,860,2251,3421,881,,0,2,3586,,,5,66,,Suspicious,Suspicious,242,1445,10630
42949674827,163,241,52472,2024-06-12T15:49:11.000Z,406,7173,Exfiltration,,BenignPositive,,,File,Impacted,98799,1292,360606,160396,441377,673934,425863,453297,153085,529644,,1631,635,860,2251,3421,881,,1482,199,3586,,,5,66,,,,242,1445,10630
1348619734072,376,93916,885012,2024-06-09T14:08:32.000Z,0,0,InitialAccess,T1078;T1078.004,FalsePositive,,,User,Impacted,98799,138268,360606,160396,390,512,382,417,153085,529644,,1631,635,860,2251,3421,881,,289573,117668,3586,,,5,66,,,,242,1445,10630
695784702962,18,234716,1080777,2024-06-14T22:04:48.000Z,9,47,Execution,,FalsePositive,,,File,Related,98799,16308,360606,160396,441377,673934,425863,453297,153085,529644,,1631,635,860,2251,3421,881,,16814,117668,3586,,,5,66,,,,242,1445,10630
214748366502,26,12695,418852,2024-06-12T05:15:20.000Z,85,63,Discovery,T1007;T1016;T1018;T1049;T1087;T1135;T1518.001,BenignPositive,,,Machine,Impacted,5,138268,360606,160396,441377,673934,425863,453297,5,529644,,1631,635,860,2251,3421,881,,289573,117668,3586,,,0,0,,Suspicious,Suspicious,242,1445,10630
1082331760613,19,654,2125,2024-05-30T02:42:17.000Z,23,16,CommandAndControl,,TruePositive,,,Url,Related,98799,138268,360606,345,441377,673934,425863,453297,153085,529644,,1631,635,860,2251,3421,881,,289573,117668,3586,,,5,66,,,,242,1445,10630
223338302045,40,315563,710612,2024-06-12T23:13:49.000Z,2,2,CommandAndControl,,BenignPositive,,,User,Impacted,98799,138268,360606,160396,290552,388255,273838,290803,153085,529644,,1631,635,860,2251,3421,881,,289573,117668,3586,,,5,66,,Suspicious,Suspicious,242,1445,10630
257698039393,436,82224,60831,2024-06-11T12:44:08.000Z,1,1,InitialAccess,T1566.002,BenignPositive,,,MailMessage,Related,98799,138268,360606,160396,441377,18787,425863,453297,153085,17193,,1631,635,860,2251,3421,881,,289573,117668,3586,,,5,66,Inbound,,NoThreatsFound,242,1445,10630
154618823400,290,592,2500,2024-06-07T13:56:49.000Z,150,124,CredentialAccess,,FalsePositive,,,Ip,Related,98799,138268,130976,160396,441377,673934,425863,453297,153085,529644,,1631,635,860,2251,3421,881,,289573,117668,3586,,,5,66,,,,242,1445,10630
274877911809,4,2664,436,2024-05-25T16:22:53.000Z,8,7,InitialAccess,T1133,FalsePositive,,,Machine,Impacted,98799,138268,360606,160396,441377,673934,425863,453297,830,529644,,1631,635,860,2251,3421,881,,289573,117668,3586,,,5,66,,,,242,1445,10630
1262720387017,996,4115,15033,2024-06-03T07:33:35.000Z,1,1,InitialAccess,T1566.002,TruePositive,,,Url,Related,98799,138268,360606,6632,441377,673934,425863,453297,153085,529644,,1631,635,860,2251,3421,881,,289573,117668,3586,,,5,66,,,NoThreatsFound,242,1445,10630
549755817385,2,15064,17675,2024-06-10T00:52:08.000Z,15,13,Exfiltration,,BenignPositive,,,CloudApplication,Impacted,98799,138268,360606,160396,441377,673934,425863,453297,153085,529644,,1631,635,860,3,3,881,,289573,117668,3586,,,5,66,,,,242,1445,10630
103079217489,5,278,182497,2024-06-05T09:39:38.000Z,0,0,InitialAccess,T1078;T1078.004,TruePositive,,,Ip,Related,98799,138268,306,160396,441377,673934,425863,453297,153085,529644,,1631,635,860,2251,3421,881,,289573,117668,3586,,,5,66,,,,3,5,33
42949676701,3,307146,770439,2024-06-14T17:12:07.000Z,2,2,CommandAndControl,,BenignPositive,,,Url,Related,98799,138268,360606,155656,441377,673934,425863,453297,153085,529644,,1631,635,860,2251,3421,881,,289573,117668,3586,,,5,66,,Suspicious,Suspicious,242,1445,10630
1554778166320,46,90737,100212,2024-06-03T22:26:27.000Z,1,1,InitialAccess,T1566.002,BenignPositive,,,MailMessage,Related,98799,138268,360606,160396,441377,132847,425863,453297,153085,180793,,1631,635,860,2251,3421,881,,289573,117668,3586,,,5,66,,,,242,1445,10630
841813593346,62,486920,1413283,2024-06-14T01:56:46.000Z,5,39,SuspiciousActivity,,TruePositive,,,CloudApplication,Impacted,98799,138268,360606,160396,441377,673934,425863,453297,153085,529644,,1631,635,860,0,0,881,,289573,117668,3586,,,5,66,,,,242,1445,10630
257698039904,31,10810,12456,2024-06-06T14:03:50.000Z,45,406,Exfiltration,,BenignPositive,,,Machine,Impacted,98799,138268,360606,160396,441377,673934,425863,453297,46,529644,,1631,635,860,2251,3421,881,,289573,117668,3586,,,5,66,,,,242,1445,10630
962072675054,60,127,1445915,2024-06-11T22:13:17.000Z,51,13696,Exfiltration,,FalsePositive,,,MailMessage,Impacted,98799,138268,360606,160396,441377,219592,425863,453297,153085,329638,,1631,635,860,2251,3421,881,,289573,117668,3586,,,5,66,,,,242,1445,10630
489626273558,0,118,1297613,2024-06-10T08:36:18.000Z,7,6,InitialAccess,,TruePositive,,,Ip,Related,98799,138268,534,160396,441377,673934,425863,453297,153085,529644,,1631,635,860,2251,3421,881,,289573,117668,3586,,,5,66,,,,1,0,0
1511828489999,0,116,1274407,2024-06-09T08:17:04.000Z,0,0,InitialAccess,T1078;T1078.004,TruePositive,,,Ip,Related,98799,138268,7,160396,441377,673934,425863,453297,153085,529644,,1631,635,860,2251,3421,881,,289573,117668,3586,,,5,66,,,,4,21,23
730144443305,188,7752,6398,2024-06-04T20:00:35.000Z,1,1,InitialAccess,T1566.002,BenignPositive,,,User,Impacted,98799,138268,360606,160396,141437,152677,152852,140190,153085,529644,,1631,635,860,2251,3421,881,,289573,117668,3586,,,5,66,,,,242,1445,10630
1279900255486,490,105281,221043,2024-06-12T22:34:42.000Z,1,1,InitialAccess,T1566.002,BenignPositive,,,MailCluster,Related,98799,138268,360606,160396,441377,673934,425863,453297,153085,529644,,1631,635,860,2251,3421,881,,289573,117668,3586,,,5,66,,,Suspicious,242,1445,10630
601295424398,50,0,178041,2024-06-14T12:29:30.000Z,0,0,InitialAccess,T1078;T1078.004,TruePositive,,,Ip,Related,98799,138268,159,160396,441377,673934,425863,453297,153085,529644,,1631,635,860,2251,3421,881,,289573,117668,3586,,,5,66,,,,42,67,66
944892808565,35,276,524186,2024-06-07T22:53:40.000Z,7,6,InitialAccess,,TruePositive,,,CloudLogonRequest,Related,98799,138268,360606,160396,441377,673934,425863,453297,153085,529644,,1631,635,860,2251,3421,881,,289573,117668,3586,,,5,66,,,,242,1445,10630
747324311282,303,385877,883770,2024-06-07T18:51:07.000Z,0,0,InitialAccess,T1078;T1078.004,FalsePositive,,,User,Impacted,98799,138268,360606,160396,413344,622295,409237,422433,153085,529644,,1631,635,860,2251,3421,881,,289573,117668,3586,,,5,66,,,,242,1445,10630
309237646071,82,4244,1019,2024-06-06T08:14:49.000Z,1,1,InitialAccess,T1566.002,TruePositive,,,MailMessage,Related,98799,138268,360606,160396,441377,6145,425863,453297,153085,133,,1631,635,860,2251,3421,881,,289573,117668,3586,,,5,66,,,,242,1445,10630
644245098065,136,244829,956833,2024-06-15T04:13:42.000Z,0,0,InitialAccess,T1078;T1078.004,BenignPositive,,,CloudLogonSession,Related,98799,138268,360606,160396,441377,673934,425863,453297,153085,529644,,1631,635,860,2251,3421,881,,289573,117668,3586,,,5,66,,,,242,1445,10630
1632087577569,123,1020,623780,2024-06-12T20:20:37.000Z,3,940,Malware,,TruePositive,,,Url,Related,98799,138268,360606,1132,441377,673934,425863,453297,153085,529644,,1631,635,860,2251,3421,881,,289573,117668,3586,,,5,66,,,,242,1445,10630
884763267590,542,59807,1093276,2024-06-12T16:09:17.000Z,36,5571,Malware,,BenignPositive,,,Process,Related,98799,1,360606,160396,441377,673934,425863,453297,153085,529644,,1631,635,860,2251,3421,881,,1,1,3586,,,5,66,,Suspicious,Suspicious,242,1445,10630
472446403191,42,492,63822,2024-06-14T02:11:13.000Z,275,265,CredentialAccess,,BenignPositive,,,Machine,Impacted,10,138268,360606,160396,441377,673934,425863,453297,10,529644,,1631,635,860,2251,3421,881,,289573,117668,3586,,,0,0,,Suspicious,Suspicious,242,1445,10630
1357209666169,17,96035,70668,2024-06-13T18:06:54.000Z,20,7334,Exfiltration,,FalsePositive,,,File,Impacted,98799,6498,360606,160396,441377,673934,425863,453297,153085,529644,,1631,635,860,2251,3421,881,,7220,6355,3586,,,5,66,,,,242,1445,10630
257698040626,242,68879,1470668,2024-06-10T14:36:07.000Z,25,17,InitialAccess,,FalsePositive,,,Mailbox,Impacted,98799,138268,360606,160396,1315,822,1300,1381,153085,529644,,1631,635,860,2251,3421,881,,289573,117668,3586,,,5,66,,,,242,1445,10630
1133871367940,0,292,399021,2024-06-03T18:26:58.000Z,0,0,InitialAccess,T1078;T1078.004,TruePositive,,,User,Impacted,98799,138268,360606,160396,4633,6505,4670,4980,153085,529644,,1631,635,860,2251,3421,881,,289573,117668,3586,,,5,66,,,,242,1445,10630
197568500579,268,251,725754,2024-06-10T21:43:31.000Z,3,4,SuspiciousActivity,,TruePositive,,,Machine,Impacted,28178,138268,360606,160396,441377,673934,425863,453297,37448,529644,,1631,635,860,2251,3421,881,,289573,117668,3586,,,5,66,,Suspicious,Suspicious,242,1445,10630
1228360647744,47,740,4618,2024-06-03T19:32:11.000Z,57,29,CommandAndControl,T1046;T1071;T1210,FalsePositive,,,Url,Related,98799,138268,360606,466,441377,673934,425863,453297,153085,529644,,1631,635,860,2251,3421,881,,289573,117668,3586,,,5,66,,,,242,1445,10630
1408749273832,233,19583,7267,2024-06-05T10:54:07.000Z,1,1,InitialAccess,T1566.002,TruePositive,,,Url,Related,98799,138268,360606,12227,441377,673934,425863,453297,153085,529644,,1631,635,860,2251,3421,881,,289573,117668,3586,,,5,66,,,NoThreatsFound,242,1445,10630
1417339212767,112,297037,771705,2024-06-14T16:28:31.000Z,2,2,CommandAndControl,,BenignPositive,,,Url,Related,98799,138268,360606,77,441377,673934,425863,453297,153085,529644,,1631,635,860,2251,3421,881,,289573,117668,3586,,,5,66,,Suspicious,Suspicious,242,1445,10630
1262720387558,28,346,16129,2024-06-03T11:00:32.000Z,1,1,InitialAccess,T1566.002,FalsePositive,,,MailCluster,Related,98799,138268,360606,160396,441377,673934,425863,453297,153085,529644,2954130869.0,1631,635,860,2251,3421,881,,289573,117668,3586,,,5,66,,,Malicious,242,1445,10630
687194769867,28,56942,24692,2024-06-03T10:13:08.000Z,1,1,InitialAccess,T1566.002,FalsePositive,,,MailCluster,Related,98799,138268,360606,160396,441377,673934,425863,453297,153085,529644,2954130869.0,1631,635,860,2251,3421,881,,289573,117668,3586,,,5,66,,,NoThreatsFound,242,1445,10630
953482740306,381,856,7955,2024-06-06T15:50:03.000Z,107,751,DefenseEvasion,,FalsePositive,,,Machine,Impacted,21028,138268,360606,160396,441377,673934,425863,453297,31100,529644,,1631,635,860,2251,3421,881,,289573,117668,3586,,,0,0,,Suspicious,Suspicious,242,1445,10630
1580547969421,418,113242,225175,2024-06-12T06:47:41.000Z,462,490,InitialAccess,,TruePositive,,,User,Impacted,98799,138268,360606,160396,86753,105626,103516,104757,153085,529644,,1631,635,860,2251,3421,881,,289573,117668,3586,,,5,66,,,,242,1445,10630
386547061089,30,153835,49608,2024-06-07T14:08:02.000Z,37,11535,Exfiltration,,BenignPositive,,,MailMessage,Impacted,98799,138268,360606,160396,441377,41425,425863,453297,153085,68997,,1631,635,860,2251,3421,881,,289573,117668,3586,,,5,66,,,,242,1445,10630
721554507273,41,31603,8822,2024-06-12T18:19:42.000Z,32,4883,Exfiltration,,TruePositive,,,File,Impacted,98799,138268,360606,160396,441377,673934,425863,453297,153085,529644,,1631,635,860,2251,3421,881,,51142,0,3586,,,5,66,,,,242,1445,10630
584115554137,87,16768,772258,2024-06-06T22:23:06.000Z,2,2,CommandAndControl,,FalsePositive,,,User,Impacted,98799,138268,360606,160396,194558,292905,191816,193779,153085,529644,,1631,635,860,2251,3421,881,,289573,117668,3586,,,5,66,,Suspicious,Suspicious,242,1445,10630
730144443983,457,159323,822727,2024-06-15T04:04:51.000Z,0,0,InitialAccess,T1078;T1078.004,TruePositive,,,CloudLogonRequest,Related,98799,138268,360606,160396,441377,673934,425863,453297,153085,529644,,1631,635,860,2251,3421,881,,289573,117668,3586,,,5,66,,,,242,1445,10630
687194772270,226,162,1167763,2024-06-04T01:53:07.000Z,7,6,InitialAccess,,TruePositive,,,User,Impacted,98799,138268,360606,160396,3761,5054,3735,3941,153085,529644,,1631,635,860,2251,3421,881,,289573,117668,3586,,,5,66,,,,242,1445,10630
283467844771,2786,80705,1480914,2024-06-03T20:28:52.000Z,33,22,InitialAccess,,FalsePositive,,,User,Impacted,98799,138268,360606,160396,234666,302624,239279,283348,153085,529644,,1631,635,860,2251,3421,881,,289573,117668,3586,,,5,66,,,,242,1445,10630
429496734582,4,1400,335,2024-05-21T07:14:36.000Z,8,7,InitialAccess,T1133,FalsePositive,,,Machine,Impacted,98799,138268,360606,160396,441377,673934,425863,453297,690,529644,,1631,635,860,2251,3421,881,,289573,117668,3586,,,5,66,,,,242,1445,10630
1116691498466,88,25565,23546,2024-06-12T05:11:13.000Z,58,43,Exfiltration,,FalsePositive,,,MailMessage,Impacted,98799,138268,360606,160396,441377,28216,425863,453297,153085,529644,,1631,635,860,2251,3421,881,,289573,117668,3586,,,5,66,,,,242,1445,10630
1503238554534,18,59874,210919,2024-06-05T05:42:53.000Z,263,11108,Exfiltration,,FalsePositive,,,File,Impacted,98799,138268,360606,160396,441377,673934,425863,453297,153085,529644,,1631,635,860,2251,3421,881,,4746,477,3586,,,5,66,,,,242,1445,10630
712964571965,18,214471,563870,2024-06-06T13:45:34.000Z,9,599,Execution,,FalsePositive,,,File,Related,98799,69108,360606,160396,441377,673934,425863,453297,153085,529644,,1631,635,860,2251,3421,881,,91347,117668,3586,,,5,66,,,,242,1445,10630
1391569405721,0,120,1257329,2024-06-14T04:09:13.000Z,0,0,InitialAccess,T1078;T1078.004,TruePositive,,,User,Impacted,98799,138268,360606,160396,1953,2624,1955,2080,153085,529644,,1631,635,860,2251,3421,881,,289573,117668,3586,,,5,66,,,,242,1445,10630
592705489705,255,77390,417399,2024-06-11T14:45:47.000Z,2,2,CommandAndControl,,TruePositive,,,Url,Related,98799,138268,360606,940,441377,673934,425863,453297,153085,529644,,1631,635,860,2251,3421,881,,289573,117668,3586,,,5,66,,Suspicious,Suspicious,242,1445,10630
360777254636,0,213,518141,2024-06-08T20:05:04.000Z,0,0,InitialAccess,T1078;T1078.004,TruePositive,,,Ip,Related,98799,138268,107,160396,441377,673934,425863,453297,153085,529644,,1631,635,860,2251,3421,881,,289573,117668,3586,,,5,66,,,,7,8,6
661424965391,0,392,168629,2024-06-10T17:31:06.000Z,0,0,InitialAccess,T1078;T1078.004,TruePositive,,,CloudLogonRequest,Related,98799,138268,360606,160396,441377,673934,425863,453297,153085,529644,,1631,635,860,2251,3421,881,,289573,117668,3586,,,5,66,,,,242,1445,10630
1494648621258,642,74493,157691,2024-06-04T03:25:58.000Z,1,1,InitialAccess,T1566.002,BenignPositive,,,Url,Related,98799,138268,360606,53374,441377,673934,425863,453297,153085,529644,,1631,635,860,2251,3421,881,,289573,117668,3586,,,5,66,,,NoThreatsFound,242,1445,10630
326417516159,232,37588,112488,2024-06-06T16:28:02.000Z,363,28370,Exfiltration,,BenignPositive,,,File,Impacted,98799,28564,360606,160396,441377,673934,425863,453297,153085,529644,,1631,635,860,2251,3421,881,,41174,6319,3586,,,5,66,,,,242,1445,10630
962072678452,10,152,214,2024-05-26T09:26:37.000Z,12,69,Impact,,TruePositive,,,Ip,Related,98799,138268,468,160396,441377,673934,425863,453297,153085,529644,,1631,635,860,2251,3421,881,,289573,117668,3586,,,5,66,,,,242,1445,10630
335007452854,12,1969,1186,2024-05-30T11:41:07.000Z,16,51,Impact,,BenignPositive,,,Ip,Related,98799,138268,1053,160396,441377,673934,425863,453297,153085,529644,,1631,635,860,2251,3421,881,,289573,117668,3586,,,5,66,,,,242,1445,10630
77309414940,263,4657,332421,2024-06-02T02:32:30.000Z,14,12,CredentialAccess,T1110;T1110.003;T1110.001,TruePositive,,,CloudLogonRequest,Related,98799,138268,360606,160396,441377,673934,425863,453297,153085,529644,,1631,635,860,2251,3421,881,,289573,117668,3586,,,5,66,,,,242,1445,10630
687194768853,225,137010,713709,2024-06-11T22:43:13.000Z,2,2,CommandAndControl,,TruePositive,,,User,Impacted,98799,138268,360606,160396,347434,612114,341370,416295,153085,529644,,1631,635,860,2251,3421,881,,289573,117668,3586,,,5,66,,Suspicious,Suspicious,242,1445,10630
25769805585,262,62383,472791,2024-06-11T18:34:07.000Z,3,4,SuspiciousActivity,,BenignPositive,,,Ip,Related,98799,138268,59546,160396,441377,673934,425863,453297,153085,529644,,1631,635,860,2251,3421,881,,289573,117668,3586,,,5,66,,Suspicious,Suspicious,242,1445,10630
335007451382,48,130529,347358,2024-06-13T01:01:20.000Z,9,45,Execution,,BenignPositive,,,File,Related,98799,43150,360606,160396,441377,673934,425863,453297,153085,529644,,1631,635,860,2251,3421,881,,48423,117668,3586,,,5,66,,,,242,1445,10630
1090921694200,56,182539,239142,2024-06-07T08:49:44.000Z,1,1,InitialAccess,T1566.002,TruePositive,,,MailMessage,Related,98799,138268,360606,160396,441377,43402,425863,453297,153085,69374,,1631,635,860,2251,3421,881,,289573,117668,3586,,,5,66,Inbound,,Malicious,242,1445,10630
695784706764,173,693,15592,2024-06-05T12:39:24.000Z,1,1,InitialAccess,T1566.002,TruePositive,,,MailMessage,Related,98799,138268,360606,160396,441377,34786,425863,453297,153085,64265,,1631,635,860,2251,3421,881,,289573,117668,3586,,,5,66,Inbound,,NoThreatsFound,242,1445,10630
764504181946,51,73802,134462,2024-06-03T00:57:15.000Z,39,26,Execution,T1559;T1106;T1059.005,BenignPositive,,,Machine,Impacted,3117,138268,360606,160396,441377,673934,425863,453297,5707,529644,,1631,635,860,2251,3421,881,,289573,117668,3586,,,5,66,,,,242,1445,10630
1468878819288,194,30569,1636528,2024-06-06T19:00:07.000Z,137,116,Impact,T1485,BenignPositive,,,Ip,Related,98799,138268,26,160396,441377,673934,425863,453297,153085,529644,,1631,635,860,2251,3421,881,,289573,117668,3586,,,5,66,,,,242,1445,10630
1159641171572,41,145503,145054,2024-06-14T21:30:55.000Z,32,32465,Exfiltration,,TruePositive,,,User,Impacted,98799,138268,360606,160396,393867,543684,367781,375572,153085,529644,,1631,635,860,2251,3421,881,,289573,117668,3586,,,5,66,,,,242,1445,10630
1245540517659,0,83,1000975,2024-06-07T08:58:39.000Z,0,0,InitialAccess,T1078;T1078.004,TruePositive,,,CloudLogonSession,Related,98799,138268,360606,160396,441377,673934,425863,453297,153085,529644,,1631,635,860,2251,3421,881,,289573,117668,3586,,,5,66,,,,242,1445,10630
1709396988253,106,1347,251260,2024-06-06T15:23:17.000Z,2,2,CommandAndControl,,BenignPositive,,,Process,Related,98799,0,360606,160396,441377,673934,425863,453297,153085,529644,,1631,635,860,2251,3421,881,,0,2,3586,,,5,66,,Suspicious,Suspicious,242,1445,10630
1005022350020,8,11043,421568,2024-06-08T23:43:30.000Z,3,4,SuspiciousActivity,,TruePositive,,,Ip,Related,98799,138268,319857,160396,441377,673934,425863,453297,153085,529644,,1631,635,860,2251,3421,881,,289573,117668,3586,,,5,66,,Suspicious,Suspicious,242,1445,10630
266287975789,2,18097,5442,2024-06-14T08:49:44.000Z,15,13,Exfiltration,,BenignPositive,,,File,Impacted,98799,138268,360606,160396,441377,673934,425863,453297,153085,529644,,1631,635,860,2251,3421,881,,100882,17119,3586,,,5,66,,,,242,1445,10630
1271310321682,684,39743,870003,2024-06-12T10:50:57.000Z,0,0,InitialAccess,T1078;T1078.004,FalsePositive,,,CloudLogonRequest,Related,98799,138268,360606,160396,441377,673934,425863,453297,153085,529644,,1631,635,860,2251,3421,881,,289573,117668,3586,,,5,66,,,,242,1445,10630
223338299975,43,929,29533,2024-06-01T02:07:43.000Z,52,10,Impact,,BenignPositive,,,Ip,Related,98799,138268,86,160396,441377,673934,425863,453297,153085,529644,,1631,635,860,2251,3421,881,,289573,117668,3586,,,5,66,,,,242,1445,10630
670014902116,280,56364,50043,2024-06-11T19:33:58.000Z,6,5,InitialAccess,T1566,TruePositive,,,MailMessage,Related,98799,138268,360606,160396,441377,72,425863,453297,153085,15368,,1631,635,860,2251,3421,881,,289573,117668,3586,,,5,66,Intraorg,,NoThreatsFound,242,1445,10630
953482740432,60,110,645179,2024-06-12T01:05:47.000Z,51,2273,Exfiltration,,FalsePositive,,,User,Impacted,98799,138268,360606,160396,3415,3090,3405,3591,153085,529644,,1631,635,860,2251,3421,881,,289573,117668,3586,,,5,66,,,,242,1445,10630
1030792151736,22,337,322330,2024-06-09T11:28:08.000Z,7,6,InitialAccess,,TruePositive,,,CloudLogonRequest,Related,98799,138268,360606,160396,441377,673934,425863,453297,153085,529644,,1631,635,860,2251,3421,881,,289573,117668,3586,,,5,66,,,,242,1445,10630
317827582999,545,41888,467863,2024-05-21T12:35:49.000Z,1391,300,InitialAccess,T1078;T1078.004,TruePositive,,,Ip,Related,98799,138268,7162,160396,441377,673934,425863,453297,153085,529644,,1631,635,860,2251,3421,881,,289573,117668,3586,,,5,66,,,,242,1445,10630
1305670061099,76,61,1536077,2024-06-07T11:33:23.000Z,679,329,CredentialAccess,T1539,TruePositive,,,Ip,Related,98799,138268,265,160396,441377,673934,425863,453297,153085,529644,,1631,635,860,2251,3421,881,,289573,117668,3586,,Attacker,5,66,,,,242,1445,10630
489626271745,25,123,111892,2024-06-05T18:41:50.000Z,67,27615,Exfiltration,,BenignPositive,,,MailMessage,Impacted,98799,138268,360606,160396,441377,637261,425863,453297,153085,14327,,1631,635,860,2251,3421,881,,289573,117668,3586,,,5,66,,,,242,1445,10630
60129542377,11,422310,947458,2024-06-12T11:39:52.000Z,0,0,InitialAccess,T1078;T1078.004,FalsePositive,,,User,Impacted,98799,138268,360606,160396,40049,69465,41481,43622,153085,529644,,1631,635,860,2251,3421,881,,289573,117668,3586,,,5,66,,,,242,1445,10630
1468878816981,0,134,498310,2024-06-09T00:43:14.000Z,0,0,InitialAccess,T1078;T1078.004,TruePositive,,,Ip,Related,98799,138268,272,160396,441377,673934,425863,453297,153085,529644,,1631,635,860,2251,3421,881,,289573,117668,3586,,,5,66,,,,46,1445,10630
51539609449,748,48906,41519,2024-05-28T09:26:27.000Z,1100,296,CredentialAccess,T1003,BenignPositive,,,Ip,Related,98799,138268,69111,160396,441377,673934,425863,453297,153085,529644,,1631,635,860,2251,3421,881,,289573,117668,3586,,,5,66,,,,242,1445,10630
1159641174718,173,33171,224432,2024-06-12T18:08:57.000Z,1,1,InitialAccess,T1566.002,TruePositive,,,MailCluster,Related,98799,138268,360606,160396,441377,673934,425863,453297,153085,529644,,1631,635,860,2251,3421,881,,289573,117668,3586,,,5,66,,,Malicious,242,1445,10630
343597386373,309,44847,79482,2024-06-13T09:24:04.000Z,235,212,SuspiciousActivity,,TruePositive,,,MailMessage,Related,98799,138268,360606,160396,441377,119833,425863,453297,153085,21545,,1631,635,860,2251,3421,881,,289573,117668,3586,,,5,66,,,,242,1445,10630
1374389539213,53,161,31,2024-06-04T15:44:01.000Z,61,44,InitialAccess,T1190;T1133,FalsePositive,,,Ip,Related,98799,138268,71737,160396,441377,673934,425863,453297,153085,529644,,1631,635,860,2251,3421,881,,289573,117668,3586,,,5,66,,,,242,1445,10630
1657857376875,42,57918,1083349,2024-06-05T19:21:39.000Z,234,70548,Exploit,,BenignPositive,,,Machine,Impacted,12,138268,360606,160396,441377,673934,425863,453297,13,529644,,1631,635,860,2251,3421,881,,289573,117668,3586,,,0,0,,Suspicious,Suspicious,242,1445,10630
1133871370252,20,1482,1171,2024-06-03T02:07:48.000Z,79,786,Impact,,BenignPositive,,,Ip,Related,98799,138268,1013,160396,441377,673934,425863,453297,153085,529644,,1631,635,860,2251,3421,881,,289573,117668,3586,,,5,66,,,,242,1445,10630
352187319720,677,3629,1398426,2024-06-11T12:16:34.000Z,5,3446,SuspiciousActivity,,BenignPositive,,,Ip,Related,98799,138268,38297,160396,441377,673934,425863,453297,153085,529644,,1631,635,860,2251,3421,881,,289573,117668,3586,,Contextual,5,66,,,,242,1445,10630
1357209669113,250,8262,361194,2024-06-10T18:09:31.000Z,13,11,InitialAccess,T1566,BenignPositive,,,File,Related,98799,2515,360606,160396,441377,673934,425863,453297,153085,529644,,1631,635,860,2251,3421,881,,2922,117668,3586,,,5,66,,,,242,1445,10630
1288490191871,63,138,1249193,2024-06-09T23:17:56.000Z,0,0,InitialAccess,T1078;T1078.004,TruePositive,,,Ip,Related,98799,138268,58,160396,441377,673934,425863,453297,153085,529644,,1631,635,860,2251,3421,881,,289573,117668,3586,,,5,66,,,,0,28,39
1116691496997,6,2464,1282,2024-05-26T16:46:23.000Z,17,1390,Impact,,BenignPositive,,,Ip,Related,98799,138268,125986,160396,441377,673934,425863,453297,153085,529644,,1631,635,860,2251,3421,881,,289573,117668,3586,,,5,66,,,,242,1445,10630
1614907704822,1458,129160,1463007,2024-06-09T21:11:52.000Z,2727,9238,Execution,T1059.003,FalsePositive,,,Process,Related,98799,16870,360606,160396,441377,673934,425863,453297,153085,529644,,1631,635,860,2251,3421,881,,23063,0,3586,,,5,66,,,,242,1445,10630
738734376578,7,2696,706,2024-05-25T08:20:36.000Z,22,10,Impact,,FalsePositive,,,Ip,Related,98799,138268,6154,160396,441377,673934,425863,453297,153085,529644,,1631,635,860,2251,3421,881,,289573,117668,3586,,,5,66,,,,242,1445,10630
1159641172187,119,26,3390,2024-06-14T06:31:13.000Z,28,19,InitialAccess,T1566,FalsePositive,,,MailMessage,Related,98799,138268,360606,160396,441377,188,425863,453297,153085,39274,,1631,635,860,2251,3421,881,,289573,117668,3586,,,5,66,,,,242,1445,10630
395136996118,165,40885,605842,2024-06-04T15:22:06.000Z,3,4,SuspiciousActivity,,BenignPositive,,,Url,Related,98799,138268,360606,904,441377,673934,425863,453297,153085,529644,,1631,635,860,2251,3421,881,,289573,117668,3586,,,5,66,,,,242,1445,10630
515396077947,5,35,831898,2024-06-06T13:27:49.000Z,4,3,InitialAccess,,TruePositive,,,CloudLogonRequest,Related,98799,138268,360606,160396,441377,673934,425863,453297,153085,529644,,1631,635,860,2251,3421,881,,289573,117668,3586,,,5,66,,,,242,1445,10630
1597727839072,614,10593,200691,2024-06-11T13:33:06.000Z,3,4,SuspiciousActivity,,BenignPositive,,,Ip,Related,98799,138268,159226,160396,441377,673934,425863,453297,153085,529644,,1631,635,860,2251,3421,881,,289573,117668,3586,,,5,66,,Suspicious,Suspicious,242,1445,10630
17179871424,13,40503,79414,2024-06-06T12:37:19.000Z,86,23319,Exfiltration,,BenignPositive,,,User,Impacted,98799,138268,360606,160396,30844,50167,31110,33083,153085,529644,,1631,635,860,2251,3421,881,,289573,117668,3586,,,5,66,,,,242,1445,10630
644245096545,271,257,22173,2024-06-11T04:57:54.000Z,144,3839,Exfiltration,,FalsePositive,,,User,Impacted,98799,138268,360606,160396,37705,67416,36719,42383,153085,529644,,1631,635,860,2251,3421,881,,289573,117668,3586,,,5,66,,,,242,1445,10630
1314259994322,701,85732,84918,2024-06-13T18:10:34.000Z,1,1,InitialAccess,T1566.002,BenignPositive,,,Url,Related,98799,138268,360606,53098,441377,673934,425863,453297,153085,529644,,1631,635,860,2251,3421,881,,289573,117668,3586,,,5,66,,,NoThreatsFound,242,1445,10630
695784702904,18,233264,1072821,2024-06-09T02:08:03.000Z,9,32,Execution,,FalsePositive,,,File,Related,98799,13713,360606,160396,441377,673934,425863,453297,153085,529644,,1631,635,860,2251,3421,881,,15737,117668,3586,,,5,66,,,,242,1445,10630
704374637834,216,22150,11995,2024-06-13T14:21:27.000Z,66,48,InitialAccess,,TruePositive,,,Url,Related,98799,138268,360606,9302,441377,673934,425863,453297,153085,529644,,1631,635,860,2251,3421,881,,289573,117668,3586,,,5,66,,,Malicious,242,1445,10630
1571958033768,2,5824,6842,2024-06-07T10:52:18.000Z,15,13,Exfiltration,,BenignPositive,,,MailMessage,Impacted,98799,138268,360606,160396,441377,161069,425863,453297,153085,105502,,1631,635,860,2251,3421,881,,289573,117668,3586,,,5,66,,,,242,1445,10630
395136996518,184,12677,664670,2024-06-04T17:13:05.000Z,25,17,InitialAccess,,FalsePositive,,,MailMessage,Related,98799,138268,360606,160396,441377,5404,425863,453297,153085,98304,,1631,635,860,2251,3421,881,,289573,117668,3586,,,5,66,,,,242,1445,10630
283467843586,19,6304,2171,2024-05-28T08:32:08.000Z,23,16,CommandAndControl,,BenignPositive,,,Ip,Related,98799,138268,1994,160396,441377,673934,425863,453297,153085,529644,,1631,635,860,2251,3421,881,,289573,117668,3586,,,5,66,,,,242,1445,10630
893353199982,312,9128,199386,2024-06-10T14:56:01.000Z,3,4,SuspiciousActivity,,TruePositive,,,Ip,Related,98799,138268,5942,160396,441377,673934,425863,453297,153085,529644,,1631,635,860,2251,3421,881,,289573,117668,3586,,,5,66,,Suspicious,Suspicious,242,1445,10630
592705486897,6,2927,1838,2024-05-31T11:12:11.000Z,17,778,Impact,,BenignPositive,,,Ip,Related,98799,138268,268077,160396,441377,673934,425863,453297,153085,529644,,1631,635,860,2251,3421,881,,289573,117668,3586,,,5,66,,,,242,1445,10630
146028892124,10,1786,101,2024-05-25T22:38:01.000Z,12,697,Impact,,TruePositive,,,Ip,Related,98799,138268,468,160396,441377,673934,425863,453297,153085,529644,,1631,635,860,2251,3421,881,,289573,117668,3586,,,5,66,,,,242,1445,10630
910533071042,30,178236,649540,2024-06-05T14:08:49.000Z,37,28641,Exfiltration,,FalsePositive,,,MailMessage,Impacted,98799,138268,360606,160396,441377,117640,425863,453297,153085,94125,,1631,635,860,2251,3421,881,,289573,117668,3586,,,5,66,,,,242,1445,10630
1262720388523,231,74010,361871,2024-06-07T06:11:36.000Z,6,5,InitialAccess,T1566,BenignPositive,,,Ip,Related,98799,138268,277051,160396,441377,673934,425863,453297,153085,529644,,1631,635,860,2251,3421,881,,289573,117668,3586,,,5,66,,,NoThreatsFound,242,1445,10630
970662613982,198,5502,99296,2024-06-03T15:00:41.000Z,1317,26802,Exfiltration,,BenignPositive,,,MailMessage,Impacted,98799,138268,360606,160396,441377,233991,425863,453297,153085,81536,,1631,635,860,2251,3421,881,,289573,117668,3586,,,5,66,,,,242,1445,10630
360777257673,165,71172,247878,2024-06-10T10:57:01.000Z,2,2,CommandAndControl,,BenignPositive,,,Url,Related,98799,138268,360606,625,441377,673934,425863,453297,153085,529644,,1631,635,860,2251,3421,881,,289573,117668,3586,,,5,66,,Suspicious,Suspicious,242,1445,10630
369367189165,84,10231,12470,2024-06-05T20:37:38.000Z,68,413,Exfiltration,,TruePositive,,,File,Impacted,98799,521,360606,160396,441377,673934,425863,453297,153085,529644,,1631,635,860,2251,3421,881,,578,113,3586,,,5,66,,,,242,1445,10630
704374638309,0,94,413545,2024-06-08T12:51:51.000Z,0,0,InitialAccess,T1078;T1078.004,TruePositive,,,Ip,Related,98799,138268,47,160396,441377,673934,425863,453297,153085,529644,,1631,635,860,2251,3421,881,,289573,117668,3586,,,5,66,,,,1,0,0
266287975857,475,16668,32250,2024-06-04T14:15:03.000Z,1,1,InitialAccess,T1566.002,TruePositive,,,MailMessage,Related,98799,138268,360606,160396,441377,30165,425863,453297,153085,223634,,1631,635,860,2251,3421,881,,289573,117668,3586,,,5,66,,,,242,1445,10630
180388631256,4,287,1773,2024-05-28T16:24:28.000Z,8,7,InitialAccess,T1133,FalsePositive,,,Machine,Impacted,98799,138268,360606,160396,441377,673934,425863,453297,116,529644,,1631,635,860,2251,3421,881,,289573,117668,3586,,,5,66,,,,242,1445,10630
163208761799,9,78,57279,2024-06-06T17:39:30.000Z,77,2620,Exfiltration,,BenignPositive,,,User,Impacted,98799,138268,360606,160396,714,953,703,758,153085,529644,,1631,635,860,2251,3421,881,,289573,117668,3586,,,5,66,,,,242,1445,10630
627065229927,81,47041,32991,2024-06-06T02:23:22.000Z,65,14242,Exfiltration,,BenignPositive,,,MailMessage,Impacted,98799,138268,360606,160396,441377,580215,425863,453297,153085,2997,,1631,635,860,2251,3421,881,,289573,117668,3586,,,5,66,,,,242,1445,10630
1030792156118,37,236566,44553,2024-06-12T16:01:10.000Z,125,16975,Exfiltration,,FalsePositive,,,MailMessage,Impacted,98799,138268,360606,160396,441377,40595,425863,453297,153085,1897,,1631,635,860,2251,3421,881,,289573,117668,3586,,,5,66,,,,242,1445,10630
463856471515,139,5938,6385,2024-06-05T23:51:51.000Z,10,8,InitialAccess,T1566.001,BenignPositive,,,File,Related,98799,3196,360606,160396,441377,673934,425863,453297,153085,529644,,1631,635,860,2251,3421,881,,1688,117668,3586,,,5,66,,,,242,1445,10630
1529008362311,152,4087,2781,2024-06-15T05:28:00.000Z,232,211,CredentialAccess,T1110;T1078,BenignPositive,,,User,Impacted,98799,138268,360606,160396,371880,632451,422702,428448,153085,529644,,1631,635,860,2251,3421,881,,289573,117668,3586,,,5,66,,,,242,1445,10630
266287974762,5,137,852747,2024-06-09T07:43:09.000Z,4,3,InitialAccess,,TruePositive,,,Ip,Related,98799,138268,13,160396,441377,673934,425863,453297,153085,529644,,1631,635,860,2251,3421,881,,289573,117668,3586,,,5,66,,,,6,23,26
1408749278193,37,24377,7998,2024-06-06T11:06:15.000Z,70,4547,Exfiltration,,FalsePositive,,,MailMessage,Impacted,98799,138268,360606,160396,441377,83045,425863,453297,153085,883,,1631,635,860,2251,3421,881,,289573,117668,3586,,,5,66,,,,242,1445,10630
420906800190,430,1386,55990,2024-06-13T14:31:26.000Z,44,342,SuspiciousActivity,,BenignPositive,,,Process,Related,98799,155,360606,160396,441377,673934,425863,453297,153085,529644,,1631,635,860,2251,3421,881,,165,80,3586,,,5,66,,Suspicious,Suspicious,242,1445,10630
1391569406050,487,34592,52892,2024-06-05T18:12:19.000Z,1,1,InitialAccess,T1566.002,TruePositive,,,MailMessage,Related,98799,138268,360606,160396,441377,156091,425863,453297,153085,131114,,1631,635,860,2251,3421,881,,289573,117668,3586,,,5,66,,,,242,1445,10630
412316863562,648,27644,1374906,2024-06-06T01:21:13.000Z,5,3003,SuspiciousActivity,,FalsePositive,,,Ip,Related,98799,138268,17165,160396,441377,673934,425863,453297,153085,529644,,1631,635,860,2251,3421,881,,289573,117668,3586,,Contextual,5,66,,,,242,1445,10630
738734379873,256,874,191069,2024-06-03T19:12:34.000Z,3,4,SuspiciousActivity,,FalsePositive,,,Ip,Related,98799,138268,36552,160396,441377,673934,425863,453297,153085,529644,,1631,635,860,2251,3421,881,,289573,117668,3586,,,5,66,,Suspicious,Suspicious,242,1445,10630
309237649430,10,208,612,2024-05-20T23:38:09.000Z,12,837,Impact,,TruePositive,,,Ip,Related,98799,138268,1205,160396,441377,673934,425863,453297,153085,529644,,1631,635,860,2251,3421,881,,289573,117668,3586,,,5,66,,,,242,1445,10630
687194769258,923,6354,656622,2024-06-04T22:48:49.000Z,11,9,InitialAccess,T1566,FalsePositive,,,Mailbox,Impacted,98799,138268,360606,160396,159420,172815,148921,165685,153085,529644,,1631,635,860,2251,3421,881,,289573,117668,3586,,,5,66,,,,242,1445,10630
661424965647,31,8277,92233,2024-06-06T22:12:52.000Z,45,831,Exfiltration,,BenignPositive,,,File,Impacted,98799,1483,360606,160396,441377,673934,425863,453297,153085,529644,,1631,635,860,2251,3421,881,,607,479,3586,,,5,66,,,,242,1445,10630
1056561958855,20,1873,1336,2024-05-31T18:07:50.000Z,59,10,Impact,,BenignPositive,,,Ip,Related,98799,138268,1589,160396,441377,673934,425863,453297,153085,529644,,1631,635,860,2251,3421,881,,289573,117668,3586,,,5,66,,,,242,1445,10630
678604836989,24,466195,1382988,2024-06-07T17:59:51.000Z,5,50,SuspiciousActivity,,BenignPositive,,,Ip,Related,98799,138268,176587,160396,441377,673934,425863,453297,153085,529644,,1631,635,860,2251,3421,881,,289573,117668,3586,,Contextual,5,66,,,,242,1445,10630
1236950584551,33,5348,2083,2024-06-07T11:02:09.000Z,38,25,Impact,,BenignPositive,,,Ip,Related,98799,138268,2261,160396,441377,673934,425863,453297,153085,529644,,1631,635,860,2251,3421,881,,289573,117668,3586,,,5,66,,,,242,1445,10630
1632087572496,6,2573,1736,2024-05-21T10:19:42.000Z,17,82,Impact,,BenignPositive,,,Ip,Related,98799,138268,140,160396,441377,673934,425863,453297,153085,529644,,1631,635,860,2251,3421,881,,289573,117668,3586,,,5,66,,,,242,1445,10630
1125281433373,0,80,339145,2024-06-05T21:41:25.000Z,331,330,CredentialAccess,T1110;T1110.003,TruePositive,,,User,Impacted,98799,138268,360606,160396,3244,4171,3121,3286,153085,529644,,1631,635,860,2251,3421,881,,289573,117668,3586,,,5,66,,,,242,1445,10630
1176821042972,12,2432,1195,2024-05-22T11:10:42.000Z,16,494,Impact,,BenignPositive,,,Ip,Related,98799,138268,841,160396,441377,673934,425863,453297,153085,529644,,1631,635,860,2251,3421,881,,289573,117668,3586,,,5,66,,,,242,1445,10630
601295426667,96,4076,2519,2024-06-12T02:53:35.000Z,27,18,Discovery,T1087;T1087.002,FalsePositive,,,Machine,Related,98799,138268,360606,160396,441377,673934,425863,453297,59097,529644,,1631,635,860,2251,3421,881,,289573,117668,3586,,Destination,5,66,,,,242,1445,10630
1305670061087,74,35527,49973,2024-06-04T19:09:49.000Z,1,1,InitialAccess,T1566.002,TruePositive,,,Url,Related,98799,138268,360606,23353,441377,673934,425863,453297,153085,529644,,1631,635,860,2251,3421,881,,289573,117668,3586,,,5,66,,,NoThreatsFound,242,1445,10630
412316862614,13,14425,750310,2024-06-10T14:07:32.000Z,2,2,CommandAndControl,,BenignPositive,,,Url,Related,98799,138268,360606,1181,441377,673934,425863,453297,153085,529644,,1631,635,860,2251,3421,881,,289573,117668,3586,,,5,66,,Suspicious,Suspicious,242,1445,10630
790273983551,140,215911,356237,2024-06-05T10:47:25.000Z,123,44768,Exfiltration,,FalsePositive,,,User,Impacted,98799,138268,360606,160396,82276,134728,84229,88491,153085,529644,,1631,635,860,2251,3421,881,,289573,117668,3586,,,5,66,,,,242,1445,10630
171798695887,14,219,107,2024-05-26T23:58:18.000Z,41,89,Impact,,TruePositive,,,Ip,Related,98799,138268,3358,160396,441377,673934,425863,453297,153085,529644,,1631,635,860,2251,3421,881,,289573,117668,3586,,,5,66,,,,242,1445,10630
575525620868,76,189,1250301,2024-06-03T20:09:51.000Z,0,0,InitialAccess,T1078;T1078.004,TruePositive,,,Ip,Related,98799,138268,3026,160396,441377,673934,425863,453297,153085,529644,,1631,635,860,2251,3421,881,,289573,117668,3586,,,5,66,,,,4,42,43
1546188227646,16,46548,33061,2024-06-03T16:27:14.000Z,24,14306,Exfiltration,,BenignPositive,,,MailMessage,Impacted,98799,138268,360606,160396,441377,649103,425863,453297,153085,348617,,1631,635,860,2251,3421,881,,289573,117668,3586,,,5,66,,,,242,1445,10630
1297080125386,253,83033,61305,2024-06-03T06:58:23.000Z,1,1,InitialAccess,T1566.002,TruePositive,,,MailCluster,Related,98799,138268,360606,160396,441377,673934,425863,453297,153085,529644,,1631,635,860,2251,3421,881,,289573,117668,3586,,,5,66,,,Malicious,242,1445,10630
755914247006,205,80533,804619,2024-06-04T16:28:03.000Z,13,11,InitialAccess,T1566,BenignPositive,,,User,Impacted,98799,138268,360606,160396,50837,51367,52779,61127,153085,529644,,1631,635,860,2251,3421,881,,289573,117668,3586,,,5,66,,,,242,1445,10630
438086665930,26,3274,83893,2024-06-12T16:21:27.000Z,270,258,SuspiciousActivity,,BenignPositive,,,File,Related,98799,138268,360606,160396,441377,673934,425863,453297,153085,529644,,1631,635,860,2251,3421,881,,489,0,3586,,,5,66,,,,242,1445,10630
249108107594,71,2871,635,2024-06-03T15:36:59.000Z,103,38,InitialAccess,,FalsePositive,,,Ip,Related,98799,138268,89651,160396,441377,673934,425863,453297,153085,529644,,1631,635,860,2251,3421,881,,289573,117668,3586,,,5,66,,,,242,1445,10630
1563368096567,107,68543,150577,2024-06-09T15:52:07.000Z,1,1,InitialAccess,T1566.002,TruePositive,,,Mailbox,Impacted,98799,138268,360606,160396,162085,166371,137197,124898,153085,529644,,1631,635,860,2251,3421,881,,289573,117668,3586,,,5,66,,,Malicious,242,1445,10630
1005022348922,21,293132,258132,2024-06-03T06:29:20.000Z,3,4,SuspiciousActivity,,BenignPositive,,,User,Impacted,98799,138268,360606,160396,11279,18119,11404,12313,153085,529644,,1631,635,860,2251,3421,881,,289573,117668,3586,,,5,66,,Suspicious,Suspicious,242,1445,10630
867583395853,31,600,70964,2024-06-06T21:38:32.000Z,45,2092,Exfiltration,,BenignPositive,,,User,Impacted,98799,138268,360606,160396,1164,1584,1153,1219,153085,529644,,1631,635,860,2251,3421,881,,289573,117668,3586,,,5,66,,,,242,1445,10630
489626273558,0,118,1245487,2024-06-11T19:03:19.000Z,0,0,InitialAccess,T1078;T1078.004,TruePositive,,,CloudLogonRequest,Related,98799,138268,360606,160396,441377,673934,425863,453297,153085,529644,,1631,635,860,2251,3421,881,,289573,117668,3586,,,5,66,,,,242,1445,10630
919123002488,16,150737,290157,2024-06-12T10:11:12.000Z,24,311,Exfiltration,,BenignPositive,,,MailMessage,Impacted,98799,138268,360606,160396,441377,171062,425863,453297,153085,478185,,1631,635,860,2251,3421,881,,289573,117668,3586,,,5,66,,,,242,1445,10630
704374637781,578,50580,1356651,2024-06-03T09:00:36.000Z,5,1097,SuspiciousActivity,,BenignPositive,,,CloudApplication,Impacted,98799,138268,360606,160396,441377,673934,425863,453297,153085,529644,,1631,635,860,7,7,881,,289573,117668,3586,,,5,66,,,,242,1445,10630
1271310324564,4,442,568,2024-05-27T14:41:43.000Z,8,7,InitialAccess,T1133,BenignPositive,,,Machine,Impacted,98799,138268,360606,160396,441377,673934,425863,453297,422,529644,,1631,635,860,2251,3421,881,,289573,117668,3586,,,5,66,,,,242,1445,10630
85899350900,126,928,35483,2024-06-07T06:01:19.000Z,0,0,InitialAccess,T1078;T1078.004,TruePositive,,,User,Impacted,98799,138268,360606,160396,698,932,690,743,153085,529644,,1631,635,860,2251,3421,881,,289573,117668,3586,,,5,66,,,,242,1445,10630
833223656530,47,942,7796,2024-06-15T05:56:15.000Z,57,29,CommandAndControl,T1046;T1071;T1210,FalsePositive,,,Url,Related,98799,138268,360606,5443,441377,673934,425863,453297,153085,529644,,1631,635,860,2251,3421,881,,289573,117668,3586,,,5,66,,,,242,1445,10630
111669151404,1,30,313926,2024-06-08T13:10:15.000Z,7,6,InitialAccess,,TruePositive,,,CloudLogonRequest,Related,98799,138268,360606,160396,441377,673934,425863,453297,153085,529644,,1631,635,860,2251,3421,881,,289573,117668,3586,,,5,66,,,,242,1445,10630
1219770713886,185,15490,1643273,2024-05-24T00:07:57.000Z,128,103987,CommandAndControl,T1568;T1573;T1008,FalsePositive,,,Url,Related,98799,138268,360606,17696,441377,673934,425863,453297,153085,529644,,1631,635,860,2251,3421,881,,289573,117668,3586,,,5,66,,,,242,1445,10630
386547058545,0,309,547651,2024-06-09T23:57:18.000Z,0,0,InitialAccess,T1078;T1078.004,TruePositive,,,CloudLogonRequest,Related,98799,138268,360606,160396,441377,673934,425863,453297,153085,529644,,1631,635,860,2251,3421,881,,289573,117668,3586,,,5,66,,,,242,1445,10630
833223657335,122,53160,685663,2024-06-13T15:13:42.000Z,2,2,CommandAndControl,,FalsePositive,,,User,Impacted,98799,138268,360606,160396,31092,50280,31298,33266,153085,529644,,1631,635,860,2251,3421,881,,289573,117668,3586,,,5,66,,Suspicious,Suspicious,242,1445,10630
695784701973,6,2426,1484,2024-05-23T04:44:01.000Z,17,1266,Impact,,BenignPositive,,,Ip,Related,98799,138268,25236,160396,441377,673934,425863,453297,153085,529644,,1631,635,860,2251,3421,881,,289573,117668,3586,,,5,66,,,,242,1445,10630
1099511627786,6,2060,246,2024-05-21T03:29:12.000Z,17,501,Impact,,BenignPositive,,,Ip,Related,98799,138268,801,160396,441377,673934,425863,453297,153085,529644,,1631,635,860,2251,3421,881,,289573,117668,3586,,,5,66,,,,242,1445,10630
712964574559,693,49561,869797,2024-06-06T14:07:03.000Z,0,0,InitialAccess,T1078;T1078.004,BenignPositive,,,User,Impacted,98799,138268,360606,160396,415960,542693,421456,5430,153085,529644,,1631,635,860,2251,3421,881,,289573,117668,3586,,,5,66,,,,242,1445,10630
42949676870,357,65389,48811,2024-06-03T13:33:27.000Z,575,649,Discovery,T1087;T1069;T1087.002;T1069.002,TruePositive,,,Machine,Impacted,98799,138268,360606,160396,441377,673934,425863,453297,112001,529644,,1631,635,860,2251,3421,881,,289573,117668,3586,,Source,5,66,,,,242,1445,10630
8589935127,283,335,1213227,2024-06-10T19:53:42.000Z,0,0,InitialAccess,T1078;T1078.004,TruePositive,,,CloudLogonRequest,Related,98799,138268,360606,160396,441377,673934,425863,453297,153085,529644,,1631,635,860,2251,3421,881,,289573,117668,3586,,,5,66,,,,242,1445,10630
979252546150,40,373679,1102650,2024-06-11T14:36:46.000Z,2,2,CommandAndControl,,BenignPositive,,,Process,Related,98799,46,360606,160396,441377,673934,425863,453297,153085,529644,,1631,635,860,2251,3421,881,,21,21,3586,,,5,66,,Suspicious,Suspicious,242,1445,10630
1580547968929,2269,27474,1431213,2024-06-12T18:16:25.000Z,2,2,CommandAndControl,,,ContainAccount,update stsrefreshtokenvalidfrom timestamp.,User,Impacted,98799,138268,360606,160396,6352,9205,6349,6854,153085,529644,,1631,635,860,2251,3421,881,,289573,117668,3586,,,5,66,,Suspicious,Suspicious,242,1445,10630
841813592052,19,42282,71988,2024-06-10T15:32:46.000Z,1,1,InitialAccess,T1566.002,TruePositive,,,MailMessage,Related,98799,138268,360606,160396,441377,34044,425863,453297,153085,504850,,1631,635,860,2251,3421,881,,289573,117668,3586,,,5,66,,,,242,1445,10630
180388629135,8,4650,194615,2024-06-05T16:58:00.000Z,3,4,SuspiciousActivity,,TruePositive,,,Machine,Impacted,14,138268,360606,160396,441377,673934,425863,453297,14,529644,,1631,635,860,2251,3421,881,,289573,117668,3586,,,5,66,,Suspicious,Suspicious,242,1445,10630
1374389536545,0,267,54181,2024-06-08T21:01:25.000Z,0,0,InitialAccess,T1078;T1078.004,TruePositive,,,CloudLogonRequest,Related,98799,138268,360606,160396,441377,673934,425863,453297,153085,529644,,1631,635,860,2251,3421,881,,289573,117668,3586,,,5,66,,,,242,1445,10630
1348619733421,5,42,401993,2024-06-11T19:15:16.000Z,4,3,InitialAccess,,TruePositive,,,Ip,Related,98799,138268,647,160396,441377,673934,425863,453297,153085,529644,,1631,635,860,2251,3421,881,,289573,117668,3586,,,5,66,,,,5,1445,10630
146028889763,7,3312,721,2024-06-01T03:34:45.000Z,21,926,Impact,,FalsePositive,,,Ip,Related,98799,138268,89,160396,441377,673934,425863,453297,153085,529644,,1631,635,860,2251,3421,881,,289573,117668,3586,,,5,66,,,,242,1445,10630
609885358844,29,3540,2302,2024-06-02T00:26:14.000Z,191,103,CommandAndControl,T1189;T1071;T1203,BenignPositive,,,Ip,Related,98799,138268,193396,160396,441377,673934,425863,453297,153085,529644,,1631,635,860,2251,3421,881,,289573,117668,3586,,,5,66,,,,242,1445,10630
953482743581,1110,184011,1051762,2024-06-10T05:41:49.000Z,19,15,InitialAccess,,FalsePositive,,,CloudLogonRequest,Related,98799,138268,360606,160396,441377,673934,425863,453297,153085,529644,,1631,635,860,2251,3421,881,,289573,117668,3586,,,5,66,,,,242,1445,10630
214,11,417230,1037304,2024-06-10T08:36:48.000Z,0,0,InitialAccess,T1078;T1078.004,FalsePositive,,,CloudLogonRequest,Related,98799,138268,360606,160396,441377,673934,425863,453297,153085,529644,,1631,635,860,2251,3421,881,,289573,117668,3586,,,5,66,,,,242,1445,10630
644245096174,0,81,415174,2024-06-05T08:32:07.000Z,0,0,InitialAccess,T1078;T1078.004,TruePositive,,,User,Impacted,98799,138268,360606,160396,6150,9037,6241,6737,153085,529644,,1631,635,860,2251,3421,881,,289573,117668,3586,,,5,66,,,,242,1445,10630
858993460943,0,177,406230,2024-06-04T23:49:32.000Z,0,0,InitialAccess,T1078;T1078.004,TruePositive,,,User,Impacted,98799,138268,360606,160396,4676,6558,4728,5032,153085,529644,,1631,635,860,2251,3421,881,,289573,117668,3586,,,5,66,,,,242,1445,10630
601295423480,19,6178,1991,2024-06-03T10:24:46.000Z,23,16,CommandAndControl,,TruePositive,,,Ip,Related,98799,138268,595,160396,441377,673934,425863,453297,153085,529644,,1631,635,860,2251,3421,881,,289573,117668,3586,,,5,66,,,,242,1445,10630
1314259995526,34,232543,615486,2024-06-09T01:56:58.000Z,3,4,SuspiciousActivity,,BenignPositive,,,User,Impacted,98799,138268,360606,160396,255754,385501,295472,256567,153085,529644,,1631,635,860,2251,3421,881,,289573,117668,3586,,,5,66,,Suspicious,Suspicious,242,1445,10630
1185410974508,177,3184,696525,2024-06-04T02:54:40.000Z,2,2,CommandAndControl,,FalsePositive,,,Url,Related,98799,138268,360606,14784,441377,673934,425863,453297,153085,529644,,1631,635,860,2251,3421,881,,289573,117668,3586,,,5,66,,Suspicious,Suspicious,242,1445,10630
1580547969546,615,16965,94876,2024-06-10T18:27:50.000Z,6,5,InitialAccess,T1566,BenignPositive,,,MailCluster,Related,98799,138268,360606,160396,441377,673934,425863,453297,153085,529644,3639990655.0,1631,635,860,2251,3421,881,,289573,117668,3586,,,5,66,,,Suspicious,242,1445,10630
1391569405721,0,120,1222237,2024-06-14T01:22:08.000Z,0,0,InitialAccess,T1078;T1078.004,TruePositive,,,Ip,Related,98799,138268,1290,160396,441377,673934,425863,453297,153085,529644,,1631,635,860,2251,3421,881,,289573,117668,3586,,,5,66,,,,19,17,19
1589137903953,106,4655,23995,2024-06-04T20:02:21.000Z,163,134,InitialAccess,,FalsePositive,,,MailMessage,Related,98799,138268,360606,160396,441377,13842,425863,453297,153085,334,,1631,635,860,2251,3421,881,,289573,117668,3586,,,5,66,Inbound,,NoThreatsFound,242,1445,10630
360777254628,0,560,123932,2024-06-04T06:21:20.000Z,0,0,InitialAccess,T1078;T1078.004,TruePositive,,,CloudLogonRequest,Related,98799,138268,360606,160396,441377,673934,425863,453297,153085,529644,,1631,635,860,2251,3421,881,,289573,117668,3586,,,5,66,,,,242,1445,10630
1340029800296,10,2253,189,2024-05-31T18:46:50.000Z,12,715,Impact,,TruePositive,,,Ip,Related,98799,138268,32482,160396,441377,673934,425863,453297,153085,529644,,1631,635,860,2251,3421,881,,289573,117668,3586,,,5,66,,,,242,1445,10630
60129544802,98,349697,970227,2024-06-13T10:30:18.000Z,0,0,InitialAccess,T1078;T1078.004,FalsePositive,,,Ip,Related,98799,138268,33777,160396,441377,673934,425863,453297,153085,529644,,1631,635,860,2251,3421,881,,289573,117668,3586,,,5,66,,,,0,1,5
1443109013265,0,303,69772,2024-06-05T05:21:24.000Z,0,0,InitialAccess,T1078;T1078.004,TruePositive,,,User,Impacted,98799,138268,360606,160396,2116,2816,2123,2233,153085,529644,,1631,635,860,2251,3421,881,,289573,117668,3586,,,5,66,,,,242,1445,10630
1185410975682,39,1221,6152,2024-06-14T21:36:51.000Z,6,5,InitialAccess,T1566,BenignPositive,,,MailCluster,Related,98799,138268,360606,160396,441377,673934,425863,453297,153085,529644,4218786605.0,1631,635,860,2251,3421,881,,289573,117668,3586,,,5,66,,,,242,1445,10630
1340029799351,210,4965,5696,2024-06-05T16:26:31.000Z,91,68,CredentialAccess,T1110;T1110.001;T1110.003,FalsePositive,,,User,Related,98799,138268,360606,160396,104180,160499,88189,100808,153085,529644,,1631,635,860,2251,3421,881,,289573,117668,3586,,Contextual,5,66,,,,242,1445,10630
601295425511,20,924,1373,2024-05-30T19:37:47.000Z,59,10,Impact,,FalsePositive,,,Ip,Related,98799,138268,41518,160396,441377,673934,425863,453297,153085,529644,,1631,635,860,2251,3421,881,,289573,117668,3586,,,5,66,,,,242,1445,10630
1288490191871,63,138,1322924,2024-06-09T11:53:28.000Z,0,0,InitialAccess,T1078;T1078.004,TruePositive,,,CloudLogonRequest,Related,98799,138268,360606,160396,441377,673934,425863,453297,153085,529644,,1631,635,860,2251,3421,881,,289573,117668,3586,,,5,66,,,,242,1445,10630
1382979471291,738,199317,633739,2024-06-06T09:53:23.000Z,833,1190,Ransomware,T1021.002;T1039;T1074.002;T1078;T1080;T1486;T1570,,ContainAccount,account disabled,User,Impacted,98799,138268,360606,160396,51,69,46,53,153085,529644,,1631,635,860,2251,3421,881,,289573,117668,3586,,,5,66,,Suspicious,Suspicious,242,1445,10630
661424964835,897,381718,383629,2024-06-12T15:50:39.000Z,0,0,InitialAccess,T1078;T1078.004,TruePositive,,,Ip,Related,98799,138268,284,160396,441377,673934,425863,453297,153085,529644,,1631,635,860,2251,3421,881,,289573,117668,3586,,,5,66,,,,39,62,58
395136991665,79,3715,427493,2024-06-09T04:35:38.000Z,56,40,CredentialAccess,T1003;T1012;T1552.002,FalsePositive,,,Process,Related,98799,61,360606,160396,441377,673934,425863,453297,153085,529644,,1631,635,860,2251,3421,881,,7,3,3586,,,5,66,,Suspicious,Suspicious,242,1445,10630
1228360649742,63,786,393567,2024-06-12T00:24:57.000Z,0,0,InitialAccess,T1078;T1078.004,TruePositive,,,CloudLogonRequest,Related,98799,138268,360606,160396,441377,673934,425863,453297,153085,529644,,1631,635,860,2251,3421,881,,289573,117668,3586,,,5,66,,,,242,1445,10630
1030792151736,22,337,176800,2024-06-10T23:46:16.000Z,4,3,InitialAccess,,TruePositive,,,CloudLogonRequest,Related,98799,138268,360606,160396,441377,673934,425863,453297,153085,529644,,1631,635,860,2251,3421,881,,289573,117668,3586,,,5,66,,,,242,1445,10630
807453854010,113,38017,1161013,2024-06-07T15:38:37.000Z,82,60,InitialAccess,,TruePositive,,,Mailbox,Impacted,98799,138268,360606,160396,441377,673934,425863,453297,153085,529644,,1631,635,860,2251,3421,881,,289573,117668,3586,,,5,66,,,,242,1445,10630
1159641172864,75,48,1225906,2024-06-08T10:10:22.000Z,0,0,InitialAccess,T1078;T1078.004,TruePositive,,,CloudLogonRequest,Related,98799,138268,360606,160396,441377,673934,425863,453297,153085,529644,,1631,635,860,2251,3421,881,,289573,117668,3586,,,5,66,,,,242,1445,10630
1554778162342,16,240471,1112700,2024-06-12T21:32:11.000Z,24,37,Exfiltration,,BenignPositive,,,MailMessage,Impacted,98799,138268,360606,160396,441377,226373,425863,453297,153085,214174,,1631,635,860,2251,3421,881,,289573,117668,3586,,,5,66,,,,242,1445,10630
781684050671,29,18357,13475,2024-06-08T21:01:40.000Z,819,560,InitialAccess,,BenignPositive,,,Url,Related,98799,138268,360606,7344,441377,673934,425863,453297,153085,529644,,1631,635,860,2251,3421,881,,289573,117668,3586,,,5,66,,,,242,1445,10630
627065228974,12,1812,1571,2024-05-27T07:46:19.000Z,16,1394,Impact,,BenignPositive,,,Ip,Related,98799,138268,6065,160396,441377,673934,425863,453297,153085,529644,,1631,635,860,2251,3421,881,,289573,117668,3586,,,5,66,,,,242,1445,10630
695784701984,6,857,369592,2024-06-10T10:20:48.000Z,264,399,CommandAndControl,,BenignPositive,,,Ip,Related,98799,138268,749,160396,441377,673934,425863,453297,153085,529644,,1631,635,860,2251,3421,881,,289573,117668,3586,,,5,66,,,,242,1445,10630
1125281431932,79,41587,1088757,2024-06-09T07:30:52.000Z,56,40,CredentialAccess,T1003;T1012;T1552.002,FalsePositive,,,RegistryKey,Related,98799,138268,360606,160396,441377,673934,425863,453297,153085,529644,,0,635,860,2251,3421,881,,289573,117668,3586,,,5,66,,Suspicious,Suspicious,242,1445,10630
1537598293954,650,220404,1065101,2024-06-13T05:30:31.000Z,0,0,InitialAccess,T1078;T1078.004,FalsePositive,,,Ip,Related,98799,138268,6575,160396,441377,673934,425863,453297,153085,529644,,1631,635,860,2251,3421,881,,289573,117668,3586,,,5,66,,,,0,47,128
369367187499,6,2466,241,2024-05-26T15:29:53.000Z,17,748,Impact,,BenignPositive,,,Ip,Related,98799,138268,4192,160396,441377,673934,425863,453297,153085,529644,,1631,635,860,2251,3421,881,,289573,117668,3586,,,5,66,,,,242,1445,10630
1099511630727,74,13982,35169,2024-06-11T22:12:04.000Z,28,19,InitialAccess,T1566,BenignPositive,,,Mailbox,Impacted,98799,138268,360606,160396,86069,55269,95862,84042,153085,529644,,1631,635,860,2251,3421,881,,289573,117668,3586,,,5,66,,,,242,1445,10630
721554507680,19,9919,20987,2024-06-06T03:37:40.000Z,92,29,CommandAndControl,T1046;T1071;T1210,BenignPositive,,,Url,Related,98799,138268,360606,292,441377,673934,425863,453297,153085,529644,,1631,635,860,2251,3421,881,,289573,117668,3586,,,5,66,,,,242,1445,10630
970662609907,1696,28320,37111,2024-06-12T17:12:11.000Z,47,30,InitialAccess,T1566.002,FalsePositive,,,MailCluster,Related,98799,138268,360606,160396,441377,673934,425863,453297,153085,529644,,1631,635,860,2251,3421,881,,289573,117668,3586,,,5,66,,,Malicious,242,1445,10630
188978563521,5,29,824290,2024-06-05T20:00:06.000Z,4,3,InitialAccess,,TruePositive,,,Ip,Related,98799,138268,21022,160396,441377,673934,425863,453297,153085,529644,,1631,635,860,2251,3421,881,,289573,117668,3586,,,5,66,,,,20,20,22
146028892084,57,206743,659302,2024-06-04T09:33:46.000Z,361,369,InitialAccess,,TruePositive,,,Mailbox,Impacted,98799,138268,360606,160396,44762,61527,42273,45688,153085,529644,,1631,635,860,2251,3421,881,,289573,117668,3586,,,5,66,,,,242,1445,10630
1142461300738,25,106,212472,2024-06-12T16:54:44.000Z,30,37040,Exfiltration,,BenignPositive,,,MailMessage,Impacted,98799,138268,360606,160396,441377,108201,425863,453297,153085,38819,,1631,635,860,2251,3421,881,,289573,117668,3586,,,5,66,,,,242,1445,10630
1709396988253,106,1347,288131,2024-06-06T18:41:08.000Z,2,2,CommandAndControl,,BenignPositive,,,Process,Related,98799,0,360606,160396,441377,673934,425863,453297,153085,529644,,1631,635,860,2251,3421,881,,0,2,3586,,,5,66,,Suspicious,Suspicious,242,1445,10630
1571958031338,56,24775,15924,2024-06-11T20:07:14.000Z,247,232,CredentialAccess,T1087;T1110,BenignPositive,,,User,Impacted,98799,138268,360606,160396,441377,673934,425863,16150,153085,529644,,1631,635,860,2251,3421,881,,289573,117668,3586,,,5,66,,,,242,1445,10630
910533068432,7,5615,2161,2024-05-31T01:44:02.000Z,21,1515,Impact,,FalsePositive,,,Ip,Related,98799,138268,148,160396,441377,673934,425863,453297,153085,529644,,1631,635,860,2251,3421,881,,289573,117668,3586,,,5,66,,,,242,1445,10630
455266535145,0,199,1037840,2024-06-03T19:09:41.000Z,0,0,InitialAccess,T1078;T1078.004,TruePositive,,,CloudLogonSession,Related,98799,138268,360606,160396,441377,673934,425863,453297,153085,529644,,1631,635,860,2251,3421,881,,289573,117668,3586,,,5,66,,,,242,1445,10630
549755815777,795,45288,453263,2024-06-11T17:33:14.000Z,13,11,InitialAccess,T1566,BenignPositive,,,Mailbox,Impacted,98799,138268,360606,160396,154960,90180,160996,108,153085,529644,,1631,635,860,2251,3421,881,,289573,117668,3586,,,5,66,,,,242,1445,10630
1374389537485,8,80177,727397,2024-06-11T21:46:25.000Z,3,4,SuspiciousActivity,,TruePositive,,,Ip,Related,98799,138268,4053,160396,441377,673934,425863,453297,153085,529644,,1631,635,860,2251,3421,881,,289573,117668,3586,,,5,66,,Suspicious,Suspicious,242,1445,10630
678604835521,8,7737,608911,2024-06-05T14:15:10.000Z,3,4,SuspiciousActivity,,TruePositive,,,User,Impacted,98799,138268,360606,160396,1061,1362,1010,1079,153085,529644,,1631,635,860,2251,3421,881,,289573,117668,3586,,,5,66,,Suspicious,Suspicious,242,1445,10630
1700807050119,319,165658,1480917,2024-06-13T08:46:36.000Z,33,22,InitialAccess,,FalsePositive,,,MailMessage,Related,98799,138268,360606,160396,441377,72325,425863,453297,153085,446465,,1631,635,860,2251,3421,881,,289573,117668,3586,,,5,66,,,,242,1445,10630
77309413549,13,16885,11332,2024-06-05T21:44:55.000Z,34,1759,Exfiltration,,BenignPositive,,,File,Impacted,98799,214,360606,160396,441377,673934,425863,453297,153085,529644,,1631,635,860,2251,3421,881,,241,16,3586,,,5,66,,,,242,1445,10630
292057776690,317,6750,1513116,2024-06-13T17:15:54.000Z,33,22,InitialAccess,,BenignPositive,,,User,Impacted,98799,138268,360606,160396,66605,80170,72364,80679,153085,529644,,1631,635,860,2251,3421,881,,289573,117668,3586,,,5,66,,,,242,1445,10630
1683627184580,944,35404,352172,2024-06-05T16:23:22.000Z,2,2,CommandAndControl,,BenignPositive,,,Process,Related,98799,2,360606,160396,441377,673934,425863,453297,153085,529644,,1631,635,860,2251,3421,881,,1,1,3586,,,5,66,,Suspicious,Suspicious,242,1445,10630
764504181007,502,945,23327,2024-06-09T01:37:13.000Z,1,1,InitialAccess,T1566.002,TruePositive,,,MailMessage,Related,98799,138268,360606,160396,441377,223508,425863,453297,153085,263429,,1631,635,860,2251,3421,881,,289573,117668,3586,,,5,66,,,,242,1445,10630
1090921696615,101,253,223877,2024-06-03T21:42:23.000Z,6,5,InitialAccess,T1566,TruePositive,,,MailCluster,Related,98799,138268,360606,160396,441377,673934,425863,453297,153085,529644,3425846815.0,1631,635,860,2251,3421,881,,289573,117668,3586,,,5,66,,,,242,1445,10630
94489285204,9,71573,24412,2024-06-04T16:56:01.000Z,533,10231,Exfiltration,,FalsePositive,,,MailMessage,Impacted,98799,138268,360606,160396,441377,437877,425863,453297,153085,2509,,1631,635,860,2251,3421,881,,289573,117668,3586,,,5,66,,,,242,1445,10630
1614907703911,317,511291,1466515,2024-06-06T12:03:42.000Z,33,22,InitialAccess,,BenignPositive,,,MailMessage,Related,98799,138268,360606,160396,441377,307309,425863,453297,153085,418168,,1631,635,860,2251,3421,881,,289573,117668,3586,,,5,66,,,,242,1445,10630
953482742371,8,11411,267977,2024-06-15T23:12:39.000Z,3,4,SuspiciousActivity,,TruePositive,,,Url,Related,98799,138268,360606,61,441377,673934,425863,453297,153085,529644,,1631,635,860,2251,3421,881,,289573,117668,3586,,,5,66,,Suspicious,Suspicious,242,1445,10630
876173331618,74,2569,249098,2024-06-12T00:41:57.000Z,2,2,CommandAndControl,,BenignPositive,,,Url,Related,98799,138268,360606,782,441377,673934,425863,453297,153085,529644,,1631,635,860,2251,3421,881,,289573,117668,3586,,,5,66,,Suspicious,Suspicious,242,1445,10630
163208760103,34,281514,621903,2024-06-12T07:46:46.000Z,3,4,SuspiciousActivity,,BenignPositive,,,Ip,Related,98799,138268,11368,160396,441377,673934,425863,453297,153085,529644,,1631,635,860,2251,3421,881,,289573,117668,3586,,,5,66,,Suspicious,Suspicious,242,1445,10630
876173331481,55,9957,6548,2024-06-03T07:56:55.000Z,110,86,InitialAccess,,TruePositive,,,Mailbox,Impacted,98799,138268,360606,160396,77299,77458,64783,76806,153085,529644,,1631,635,860,2251,3421,881,,289573,117668,3586,,,5,66,,,,242,1445,10630
266287976535,24,10145,575022,2024-06-09T22:15:26.000Z,5,21,SuspiciousActivity,,BenignPositive,,,Ip,Related,98799,138268,4177,160396,441377,673934,425863,453297,153085,529644,,1631,635,860,2251,3421,881,,289573,117668,3586,,Contextual,5,66,,,,242,1445,10630
1202590844188,374,6165,81981,2024-06-04T20:25:21.000Z,10,8,InitialAccess,T1566.001,TruePositive,,,Mailbox,Impacted,98799,138268,360606,160396,77471,60682,71706,68484,153085,529644,,1631,635,860,2251,3421,881,,289573,117668,3586,,,5,66,,,NoThreatsFound,242,1445,10630
352187318301,6,2316,1575,2024-05-24T09:25:52.000Z,17,1413,Impact,,BenignPositive,,,Ip,Related,98799,138268,932,160396,441377,673934,425863,453297,153085,529644,,1631,635,860,2251,3421,881,,289573,117668,3586,,,5,66,,,,242,1445,10630
1340029800548,36,108022,84837,2024-06-04T11:48:18.000Z,1,1,InitialAccess,T1566.002,BenignPositive,,,Mailbox,Impacted,98799,138268,360606,160396,10688,15750,10826,11704,153085,529644,,1631,635,860,2251,3421,881,,289573,117668,3586,,,5,66,,,,242,1445,10630
695784705956,208,17437,1432459,2024-06-10T13:27:49.000Z,87,145,Discovery,T1047;T1057,FalsePositive,,,Process,Related,98799,41,360606,160396,441377,673934,425863,453297,153085,529644,,1631,635,860,2251,3421,881,,34,19,3586,,,5,66,,Suspicious,Suspicious,242,1445,10630
1082331758600,749,72861,1472348,2024-06-07T15:49:32.000Z,33,22,InitialAccess,,BenignPositive,,,Mailbox,Impacted,98799,138268,360606,160396,141754,174991,129341,168425,153085,529644,,1631,635,860,2251,3421,881,,289573,117668,3586,,,5,66,,,,242,1445,10630
506806143140,52,2876,1972,2024-06-03T16:35:27.000Z,188,152,DefenseEvasion,,TruePositive,,,User,Impacted,98799,138268,360606,160396,195596,272699,176826,186095,153085,529644,,1631,635,860,2251,3421,881,,289573,117668,3586,,,5,66,,,,242,1445,10630
841813591054,129,242569,1402776,2024-06-12T02:21:18.000Z,5,829,SuspiciousActivity,,BenignPositive,,,Ip,Related,98799,138268,49060,160396,441377,673934,425863,453297,153085,529644,,1631,635,860,2251,3421,881,,289573,117668,3586,,Contextual,5,66,,,,242,1445,10630
1511828490209,23,417,521217,2024-06-06T20:53:21.000Z,0,0,InitialAccess,T1078;T1078.004,TruePositive,,,User,Impacted,98799,138268,360606,160396,2329,3082,2331,2466,153085,529644,,1631,635,860,2251,3421,881,,289573,117668,3586,,,5,66,,,,242,1445,10630
1546188230090,35,165,1338424,2024-06-05T10:20:27.000Z,0,0,InitialAccess,T1078;T1078.004,TruePositive,,,Ip,Related,98799,138268,15,160396,441377,673934,425863,453297,153085,529644,,1631,635,860,2251,3421,881,,289573,117668,3586,,,5,66,,,,4,4,16
712964571705,17,1547,13555,2024-06-10T19:31:23.000Z,20,3944,Exfiltration,,FalsePositive,,,User,Impacted,98799,138268,360606,160396,697,935,691,729,153085,529644,,1631,635,860,2251,3421,881,,289573,117668,3586,,,5,66,,,,242,1445,10630
386547058543,0,143,180595,2024-06-10T12:19:09.000Z,0,0,InitialAccess,T1078;T1078.004,TruePositive,,,CloudLogonRequest,Related,98799,138268,360606,160396,441377,673934,425863,453297,153085,529644,,1631,635,860,2251,3421,881,,289573,117668,3586,,,5,66,,,,242,1445,10630
1288490191080,1026,3684,37471,2024-06-03T05:42:31.000Z,1,1,InitialAccess,T1566.002,FalsePositive,,,MailCluster,Related,98799,138268,360606,160396,441377,673934,425863,453297,153085,529644,1555986437.0,1631,635,860,2251,3421,881,,289573,117668,3586,,,5,66,,,Malicious,242,1445,10630
1511828492108,14,4081,2694,2024-05-26T17:05:33.000Z,29,20,Impact,,TruePositive,,,Ip,Related,98799,138268,5627,160396,441377,673934,425863,453297,153085,529644,,1631,635,860,2251,3421,881,,289573,117668,3586,,,5,66,,,,242,1445,10630
670014901127,124,3395,424500,2024-06-10T09:08:09.000Z,2,2,CommandAndControl,,FalsePositive,,,Machine,Impacted,2901,138268,360606,160396,441377,673934,425863,453297,5358,529644,,1631,635,860,2251,3421,881,,289573,117668,3586,,,1,2,,Suspicious,Suspicious,242,1445,10630
936302873612,55,145786,150662,2024-06-11T21:49:08.000Z,1,1,InitialAccess,T1566.002,TruePositive,,,Mailbox,Impacted,98799,138268,360606,160396,103452,93757,97016,105449,153085,529644,,1631,635,860,2251,3421,881,,289573,117668,3586,,,5,66,,,NoThreatsFound,242,1445,10630
188978564308,62,478299,1360694,2024-06-03T23:46:26.000Z,5,39,SuspiciousActivity,,TruePositive,,,User,Impacted,98799,138268,360606,160396,117,165,109,135,153085,529644,,1631,635,860,2251,3421,881,,289573,117668,3586,,,5,66,,,,242,1445,10630
1271310322512,29,52227,32841,2024-06-11T23:37:10.000Z,101,78,CredentialAccess,,BenignPositive,,,User,Impacted,98799,138268,360606,160396,441377,673934,425863,22295,153085,529644,,1631,635,860,2251,3421,881,,289573,117668,3586,,,5,66,,,,242,1445,10630
1451698949404,2,11685,3676,2024-06-10T10:55:06.000Z,15,13,Exfiltration,,BenignPositive,,,User,Impacted,98799,138268,360606,160396,4875,6427,4841,5135,153085,529644,,1631,635,860,2251,3421,881,,289573,117668,3586,,,5,66,,,,242,1445,10630
1221,16,17003,17650,2024-06-13T17:20:04.000Z,24,8512,Exfiltration,,BenignPositive,,,MailMessage,Impacted,98799,138268,360606,160396,441377,84888,425863,453297,153085,1631,,1631,635,860,2251,3421,881,,289573,117668,3586,,,5,66,,,,242,1445,10630
489626273949,13,21964,14256,2024-06-03T17:59:38.000Z,197,174,Exfiltration,,BenignPositive,,,MailMessage,Impacted,98799,138268,360606,160396,441377,37313,425863,453297,153085,12820,,1631,635,860,2251,3421,881,,289573,117668,3586,,,5,66,,,,242,1445,10630
1700807052576,35,139,1182801,2024-06-09T11:59:47.000Z,0,0,InitialAccess,T1078;T1078.004,TruePositive,,,User,Impacted,98799,138268,360606,160396,4528,6228,4506,4798,153085,529644,,1631,635,860,2251,3421,881,,289573,117668,3586,,,5,66,,,,242,1445,10630
1494648620317,161,57320,222603,2024-06-04T14:25:05.000Z,11,9,InitialAccess,T1566,BenignPositive,,,Mailbox,Impacted,98799,138268,360606,160396,95141,104764,97285,103408,153085,529644,,1631,635,860,2251,3421,881,,289573,117668,3586,,,5,66,,,,242,1445,10630
979252548043,9,201,132641,2024-06-14T17:05:48.000Z,171,29845,Exfiltration,,BenignPositive,,,File,Impacted,98799,17186,360606,160396,441377,673934,425863,453297,153085,529644,,1631,635,860,2251,3421,881,,22228,5236,3586,,,5,66,,,,242,1445,10630
807453852414,130,161732,217998,2024-06-09T05:04:12.000Z,1,1,InitialAccess,T1566.002,TruePositive,,,MailCluster,Related,98799,138268,360606,160396,441377,673934,425863,453297,153085,529644,4095721828.0,1631,635,860,2251,3421,881,,289573,117668,3586,,,5,66,,,Suspicious,242,1445,10630
790273987752,96,4044,2508,2024-06-16T03:11:13.000Z,27,18,Discovery,T1087;T1087.002,BenignPositive,,,Machine,Related,98799,138268,360606,160396,441377,673934,425863,453297,67261,529644,,1631,635,860,2251,3421,881,,289573,117668,3586,,Destination,5,66,,,,242,1445,10630
549755817617,3,207835,361615,2024-06-03T20:38:42.000Z,6,5,InitialAccess,T1566,BenignPositive,,,MailMessage,Related,98799,138268,360606,160396,441377,36483,425863,453297,153085,241583,,1631,635,860,2251,3421,881,,289573,117668,3586,,,5,66,Inbound,,NoThreatsFound,242,1445,10630
970662613143,30,39212,33287,2024-06-03T12:59:04.000Z,37,14123,Exfiltration,,BenignPositive,,,MailMessage,Impacted,98799,138268,360606,160396,441377,51031,425863,453297,153085,21077,,1631,635,860,2251,3421,881,,289573,117668,3586,,,5,66,,,,242,1445,10630
163208759404,337,22885,110295,2024-06-12T00:06:13.000Z,634,836,Execution,T1059.001;T1059.005;T1059.007,TruePositive,,,Machine,Impacted,2967,138268,360606,160396,441377,673934,425863,453297,5549,529644,,1631,635,860,2251,3421,881,,289573,117668,3586,,,0,0,,Suspicious,Suspicious,242,1445,10630
944892805587,54,32603,20488,2024-06-11T15:34:14.000Z,1151,9465,Exfiltration,,BenignPositive,,,MailMessage,Impacted,98799,138268,360606,160396,441377,597380,425863,453297,153085,1414,,1631,635,860,2251,3421,881,,289573,117668,3586,,,5,66,,,,242,1445,10630
1168231109221,272,230309,661127,2024-06-05T19:27:22.000Z,11,9,InitialAccess,T1566,TruePositive,,,MailMessage,Related,98799,138268,360606,160396,441377,255566,425863,453297,153085,466129,,1631,635,860,2251,3421,881,,289573,117668,3586,,,5,66,,,,242,1445,10630
386547058545,0,309,496973,2024-06-09T15:10:59.000Z,0,0,InitialAccess,T1078;T1078.004,TruePositive,,,Ip,Related,98799,138268,216,160396,441377,673934,425863,453297,153085,529644,,1631,635,860,2251,3421,881,,289573,117668,3586,,,5,66,,,,1,0,0
1606317773582,133,48293,706872,2024-06-14T10:45:29.000Z,2,2,CommandAndControl,,BenignPositive,,,Process,Related,98799,0,360606,160396,441377,673934,425863,453297,153085,529644,,1631,635,860,2251,3421,881,,0,2,3586,,,5,66,,Suspicious,Suspicious,242,1445,10630
876173330053,7,4206,945,2024-06-01T15:30:09.000Z,21,1103,Impact,,FalsePositive,,,Ip,Related,98799,138268,7784,160396,441377,673934,425863,453297,153085,529644,,1631,635,860,2251,3421,881,,289573,117668,3586,,,5,66,,,,242,1445,10630
1382979469986,17,309897,132934,2024-06-06T14:38:13.000Z,20,15764,Exfiltration,,FalsePositive,,,Ip,Related,98799,138268,11569,160396,441377,673934,425863,453297,153085,529644,,1631,635,860,2251,3421,881,,289573,117668,3586,,,5,66,,,,242,1445,10630
790273986714,86,285798,675603,2024-06-11T16:23:57.000Z,284,276,Impact,T1640,BenignPositive,,,User,Impacted,98799,138268,360606,160396,441377,673934,425863,16056,153085,529644,,1631,635,860,2251,3421,881,,289573,117668,3586,,,5,66,,,,242,1445,10630
1520418424546,0,135,1245878,2024-06-10T19:32:18.000Z,7,6,InitialAccess,,TruePositive,,,User,Impacted,98799,138268,360606,160396,13200,22291,13401,14616,153085,529644,,1631,635,860,2251,3421,881,,289573,117668,3586,,,5,66,,,,242,1445,10630
506806144930,10,2088,222,2024-05-20T10:26:22.000Z,12,52,Impact,,TruePositive,,,Ip,Related,98799,138268,1269,160396,441377,673934,425863,453297,153085,529644,,1631,635,860,2251,3421,881,,289573,117668,3586,,,5,66,,,,242,1445,10630
1211180777961,156,32863,22900,2024-06-14T15:20:55.000Z,1,1,InitialAccess,T1566.002,BenignPositive,,,User,Impacted,98799,138268,360606,160396,10882,41724,10733,11574,153085,529644,,1631,635,860,2251,3421,881,,289573,117668,3586,,,5,66,,,,242,1445,10630
738734378974,24,461669,1366825,2024-06-05T01:37:52.000Z,5,50,SuspiciousActivity,,BenignPositive,,,User,Impacted,98799,138268,360606,160396,18729,30381,18404,19811,153085,529644,,1631,635,860,2251,3421,881,,289573,117668,3586,,,5,66,,,,242,1445,10630
1065151890097,120,199110,145220,2024-06-04T21:39:05.000Z,84,7516,Exfiltration,,BenignPositive,,,File,Impacted,98799,138268,360606,160396,441377,673934,425863,453297,153085,529644,,1631,635,860,2251,3421,881,,105555,0,3586,,,5,66,,,,242,1445,10630
755914248790,278,601,58743,2024-06-11T08:46:17.000Z,66,48,InitialAccess,,BenignPositive,,,Mailbox,Impacted,98799,138268,360606,160396,32724,30889,31498,35465,153085,529644,,1631,635,860,2251,3421,881,,289573,117668,3586,,,5,66,,,Malicious,242,1445,10630
1228360647744,47,740,3116,2024-06-03T11:52:09.000Z,57,29,CommandAndControl,T1046;T1071;T1210,FalsePositive,,,Url,Related,98799,138268,360606,18194,441377,673934,425863,453297,153085,529644,,1631,635,860,2251,3421,881,,289573,117668,3586,,,5,66,,,,242,1445,10630
1460288883367,8,32543,732125,2024-06-14T15:38:12.000Z,3,4,SuspiciousActivity,,TruePositive,,,Machine,Impacted,51,138268,360606,160396,441377,673934,425863,453297,224,529644,,1631,635,860,2251,3421,881,,289573,117668,3586,,,5,66,,Suspicious,Suspicious,242,1445,10630
755914245895,0,407,370738,2024-06-11T15:43:10.000Z,4,3,InitialAccess,,TruePositive,,,User,Impacted,98799,138268,360606,160396,3131,4180,3146,3292,153085,529644,,1631,635,860,2251,3421,881,,289573,117668,3586,,,5,66,,,,242,1445,10630
1340029800803,1403,96612,428008,2024-06-06T10:56:24.000Z,1083,1927,Exfiltration,,BenignPositive,,,Ip,Related,98799,138268,899,160396,441377,673934,425863,453297,153085,529644,,1631,635,860,2251,3421,881,,289573,117668,3586,,,5,66,,,,0,3,152
867583393825,6,2430,1181,2024-05-24T00:27:15.000Z,17,720,Impact,,BenignPositive,,,Ip,Related,98799,138268,1620,160396,441377,673934,425863,453297,153085,529644,,1631,635,860,2251,3421,881,,289573,117668,3586,,,5,66,,,,242,1445,10630
549755817382,2,12444,3807,2024-06-07T09:35:09.000Z,18,14,Exfiltration,,BenignPositive,,,File,Impacted,98799,138268,360606,160396,441377,673934,425863,453297,153085,529644,,1631,635,860,2251,3421,881,,119333,26732,3586,,,5,66,,,,242,1445,10630
841813593867,201,552,570700,2024-06-08T14:23:35.000Z,5,97,SuspiciousActivity,,BenignPositive,,,CloudApplication,Impacted,98799,138268,360606,160396,441377,673934,425863,453297,153085,529644,,1631,635,860,1,1,881,,289573,117668,3586,,,5,66,,,,242,1445,10630
1297080128597,46,1439,734,2024-06-06T17:00:31.000Z,64,42,CommandAndControl,T1568;T1008,FalsePositive,,,Ip,Related,98799,138268,3034,160396,441377,673934,425863,453297,153085,529644,,1631,635,860,2251,3421,881,,289573,117668,3586,,,5,66,,,,242,1445,10630
773094114049,130,161724,217996,2024-06-09T03:15:14.000Z,1,1,InitialAccess,T1566.002,TruePositive,,,Mailbox,Impacted,98799,138268,360606,160396,25679,23326,26897,28651,153085,529644,,1631,635,860,2251,3421,881,,289573,117668,3586,,,5,66,,,Malicious,242,1445,10630
1580547968528,3,37982,195838,2024-06-06T21:21:17.000Z,3,4,SuspiciousActivity,,BenignPositive,,,Ip,Related,98799,138268,172583,160396,441377,673934,425863,453297,153085,529644,,1631,635,860,2251,3421,881,,289573,117668,3586,,,5,66,,Suspicious,Suspicious,242,1445,10630
1563368099646,14,3856,2980,2024-05-21T20:30:45.000Z,29,20,Impact,,TruePositive,,,Ip,Related,98799,138268,8778,160396,441377,673934,425863,453297,153085,529644,,1631,635,860,2251,3421,881,,289573,117668,3586,,,5,66,,,,242,1445,10630
1211180781049,136,118979,520397,2024-06-09T01:52:30.000Z,0,0,InitialAccess,T1078;T1078.004,BenignPositive,,,User,Impacted,98799,138268,360606,160396,4663,6465,4642,4954,153085,529644,,1631,635,860,2251,3421,881,,289573,117668,3586,,,5,66,,,,242,1445,10630
721554508005,48,448010,572230,2024-06-08T23:11:24.000Z,81,160,SuspiciousActivity,,BenignPositive,,,CloudApplication,Impacted,98799,138268,360606,160396,441377,673934,425863,453297,153085,529644,,1631,635,860,3,3,881,,289573,117668,3586,,,5,66,,,,242,1445,10630
910533070923,86,15406,11367,2024-06-02T15:38:26.000Z,752,1032,Persistence,T1541,BenignPositive,,,Ip,Related,98799,138268,54238,160396,441377,673934,425863,453297,153085,529644,,1631,635,860,2251,3421,881,,289573,117668,3586,,,5,66,,,,242,1445,10630
618475294938,573,34866,817383,2024-06-15T01:34:20.000Z,0,0,InitialAccess,T1078;T1078.004,FalsePositive,,,CloudLogonSession,Related,98799,138268,360606,160396,441377,673934,425863,453297,153085,529644,,1631,635,860,2251,3421,881,,289573,117668,3586,,,5,66,,,,242,1445,10630
635655161348,32,122378,1161016,2024-06-04T03:55:39.000Z,1499,3105,Persistence,T1098,BenignPositive,,,User,Impacted,98799,138268,360606,160396,441377,673934,425863,158274,153085,529644,,1631,635,860,2251,3421,881,,289573,117668,3586,,,5,66,,,,242,1445,10630
1159641174879,4,284,366,2024-05-31T10:39:15.000Z,8,7,InitialAccess,T1133,FalsePositive,,,Machine,Impacted,98799,138268,360606,160396,441377,673934,425863,453297,671,529644,,1631,635,860,2251,3421,881,,289573,117668,3586,,,5,66,,,,242,1445,10630
1468878819773,1057,194221,576784,2024-06-10T13:30:06.000Z,5,1230,SuspiciousActivity,,BenignPositive,,,User,Impacted,98799,138268,360606,160396,23925,38029,23665,25842,153085,529644,,1631,635,860,2251,3421,881,,289573,117668,3586,,,5,66,,,,242,1445,10630
180388629885,2,10822,7405,2024-06-10T09:51:25.000Z,18,14,Exfiltration,,BenignPositive,,,File,Impacted,98799,138268,360606,160396,441377,673934,425863,453297,153085,529644,,1631,635,860,2251,3421,881,,225163,58289,3586,,,5,66,,,,242,1445,10630
575525620868,76,189,325471,2024-06-03T17:00:21.000Z,0,0,InitialAccess,T1078;T1078.004,TruePositive,,,CloudLogonRequest,Related,98799,138268,360606,160396,441377,673934,425863,453297,153085,529644,,1631,635,860,2251,3421,881,,289573,117668,3586,,,5,66,,,,242,1445,10630
1125281433373,0,80,323120,2024-06-05T12:03:04.000Z,0,0,InitialAccess,T1078;T1078.004,TruePositive,,,CloudLogonRequest,Related,98799,138268,360606,160396,441377,673934,425863,453297,153085,529644,,1631,635,860,2251,3421,881,,289573,117668,3586,,,5,66,,,,242,1445,10630
171798694622,8,40552,732296,2024-06-14T14:51:43.000Z,3,4,SuspiciousActivity,,TruePositive,,,Machine,Impacted,51,138268,360606,160396,441377,673934,425863,453297,224,529644,,1631,635,860,2251,3421,881,,289573,117668,3586,,,5,66,,Suspicious,Suspicious,242,1445,10630
1013612283896,23,373,520368,2024-06-02T09:48:27.000Z,7,6,InitialAccess,,TruePositive,,,Ip,Related,98799,138268,41,160396,441377,673934,425863,453297,153085,529644,,1631,635,860,2251,3421,881,,289573,117668,3586,,,5,66,,,,1,0,0
1529008361924,105,139954,454149,2024-06-11T13:51:59.000Z,13,11,InitialAccess,T1566,BenignPositive,,,MailMessage,Related,98799,138268,360606,160396,441377,203610,425863,453297,153085,159928,,1631,635,860,2251,3421,881,,289573,117668,3586,,,5,66,Inbound,,Malicious,242,1445,10630
936302872198,1,46,414703,2024-06-06T01:57:40.000Z,0,0,InitialAccess,T1078;T1078.004,TruePositive,,,CloudLogonRequest,Related,98799,138268,360606,160396,441377,673934,425863,453297,153085,529644,,1631,635,860,2251,3421,881,,289573,117668,3586,,,5,66,,,,242,1445,10630
1159641172260,48,442937,550297,2024-06-03T10:39:28.000Z,5,220,SuspiciousActivity,,BenignPositive,,,Ip,Related,98799,138268,10975,160396,441377,673934,425863,453297,153085,529644,,1631,635,860,2251,3421,881,,289573,117668,3586,,Contextual,5,66,,,,242,1445,10630
77309411360,6,2001,1126,2024-05-25T11:21:13.000Z,17,496,Impact,,BenignPositive,,,Ip,Related,98799,138268,24268,160396,441377,673934,425863,453297,153085,529644,,1631,635,860,2251,3421,881,,289573,117668,3586,,,5,66,,,,242,1445,10630
790273984260,0,343,105115,2024-06-09T00:29:30.000Z,0,0,InitialAccess,T1078;T1078.004,TruePositive,,,CloudLogonSession,Related,98799,138268,360606,160396,441377,673934,425863,453297,153085,529644,,1631,635,860,2251,3421,881,,289573,117668,3586,,,5,66,,,,242,1445,10630
292057779998,174,9150,1152604,2024-06-08T17:01:21.000Z,877,1465,SuspiciousActivity,,BenignPositive,,,Machine,Impacted,121,138268,360606,160396,441377,673934,425863,453297,793,529644,,1631,635,860,2251,3421,881,,289573,117668,3586,,,5,66,,,,242,1445,10630
1443109013688,13,6470,8903,2024-06-05T09:26:55.000Z,34,4888,Exfiltration,,BenignPositive,,,File,Impacted,98799,376,360606,160396,441377,673934,425863,453297,153085,529644,,1631,635,860,2251,3421,881,,402,5,3586,,,5,66,,,,242,1445,10630
1520418423510,233,25468,42296,2024-06-05T07:52:05.000Z,1,1,InitialAccess,T1566.002,TruePositive,,,MailMessage,Related,98799,138268,360606,160396,441377,52742,425863,453297,153085,109341,,1631,635,860,2251,3421,881,,289573,117668,3586,,,5,66,Inbound,,NoThreatsFound,242,1445,10630
1460288884001,59,518905,1393647,2024-06-10T13:18:29.000Z,5,267,SuspiciousActivity,,BenignPositive,,,User,Impacted,98799,138268,360606,160396,376788,158823,90365,386199,153085,529644,,1631,635,860,2251,3421,881,,289573,117668,3586,,,5,66,,,,242,1445,10630
266287976198,12,1948,1592,2024-05-31T08:36:02.000Z,16,41,Impact,,BenignPositive,,,Ip,Related,98799,138268,4121,160396,441377,673934,425863,453297,153085,529644,,1631,635,860,2251,3421,881,,289573,117668,3586,,,5,66,,,,242,1445,10630
1451698948709,8,10106,724355,2024-06-09T21:11:52.000Z,3,4,SuspiciousActivity,,TruePositive,,,Ip,Related,98799,138268,6219,160396,441377,673934,425863,453297,153085,529644,,1631,635,860,2251,3421,881,,289573,117668,3586,,,5,66,,Suspicious,Suspicious,242,1445,10630
1606317773748,46,151858,227655,2024-06-04T08:41:16.000Z,297,291,Impact,,FalsePositive,,,Malware,Related,98799,138268,360606,160396,441377,673934,425863,453297,153085,529644,,1631,635,860,2251,3421,881,,289573,117668,3586,,,5,66,,,,242,1445,10630
1348619733421,5,42,376681,2024-06-12T02:02:11.000Z,4,3,InitialAccess,,TruePositive,,,CloudLogonRequest,Related,98799,138268,360606,160396,441377,673934,425863,453297,153085,529644,,1631,635,860,2251,3421,881,,289573,117668,3586,,,5,66,,,,242,1445,10630
249108104162,56,327099,743362,2024-06-09T21:06:54.000Z,2,2,CommandAndControl,,BenignPositive,,,Process,Related,98799,306,360606,160396,441377,673934,425863,453297,153085,529644,,1631,635,860,2251,3421,881,,0,4,3586,,,5,66,,Suspicious,Suspicious,242,1445,10630
214748366780,1388,35840,1387392,2024-06-08T22:22:05.000Z,5,49,SuspiciousActivity,,FalsePositive,,,User,Impacted,98799,138268,360606,160396,377155,481406,372532,338639,153085,529644,,1631,635,860,2251,3421,881,,289573,117668,3586,,,5,66,,,,242,1445,10630
120259088969,278,28285,9190,2024-06-13T00:45:18.000Z,1,1,InitialAccess,T1566.002,BenignPositive,,,Url,Related,98799,138268,360606,5866,441377,673934,425863,453297,153085,529644,,1631,635,860,2251,3421,881,,289573,117668,3586,,,5,66,,,Malicious,242,1445,10630
1374389536444,145,175718,24592,2024-06-14T10:04:42.000Z,6,5,InitialAccess,T1566,TruePositive,,,Mailbox,Impacted,98799,138268,360606,160396,872,526,862,915,153085,529644,,1631,635,860,2251,3421,881,,289573,117668,3586,,,5,66,,,NoThreatsFound,242,1445,10630
618475292237,645,3348,14332,2024-06-03T08:06:24.000Z,1,1,InitialAccess,T1566.002,TruePositive,,,Url,Related,98799,138268,360606,36042,441377,673934,425863,453297,153085,529644,,1631,635,860,2251,3421,881,,289573,117668,3586,,,5,66,,,NoThreatsFound,242,1445,10630
1365799605135,126,1193,69790,2024-06-08T04:21:21.000Z,7,6,InitialAccess,,TruePositive,,,Ip,Related,98799,138268,2203,160396,441377,673934,425863,453297,153085,529644,,1631,635,860,2251,3421,881,,289573,117668,3586,,,5,66,,,,10,7,4
1520418424431,1,62,1310677,2024-06-09T22:03:21.000Z,0,0,InitialAccess,T1078;T1078.004,TruePositive,,,Ip,Related,98799,138268,2745,160396,441377,673934,425863,453297,153085,529644,,1631,635,860,2251,3421,881,,289573,117668,3586,,,5,66,,,,13,129,143
936302872383,262,129307,433206,2024-06-06T02:26:36.000Z,417,19209,Exfiltration,,BenignPositive,,,MailMessage,Impacted,98799,138268,360606,160396,441377,101788,425863,453297,153085,32896,,1631,635,860,2251,3421,881,,289573,117668,3586,,,5,66,,,,242,1445,10630
472446403191,42,492,1088359,2024-06-13T16:17:03.000Z,166,7002,Malware,,BenignPositive,,,Machine,Impacted,4,138268,360606,160396,441377,673934,425863,453297,4,529644,,1631,635,860,2251,3421,881,,289573,117668,3586,,,0,0,,Suspicious,Suspicious,242,1445,10630
1297080126999,196,7261,4859,2024-05-26T12:53:50.000Z,109,87,Discovery,T1595,TruePositive,,,Ip,Related,98799,138268,3387,160396,441377,673934,425863,453297,153085,529644,,1631,635,860,2251,3421,881,,289573,117668,3586,,,5,66,,,,242,1445,10630
1108101565537,33,189364,307036,2024-05-23T08:45:31.000Z,131,113,Impact,,BenignPositive,,,Url,Related,98799,138268,360606,57,441377,673934,425863,453297,153085,529644,,1631,635,860,2251,3421,881,,289573,117668,3586,,,5,66,,,,242,1445,10630
1417339209365,21,123940,88013,2024-06-05T09:15:08.000Z,3,4,SuspiciousActivity,,BenignPositive,,,Machine,Impacted,41144,138268,360606,160396,441377,673934,425863,453297,54453,529644,,1631,635,860,2251,3421,881,,289573,117668,3586,,,5,66,,Suspicious,Suspicious,242,1445,10630
481036341128,20,1783,1505,2024-05-24T02:07:45.000Z,79,58,Impact,,FalsePositive,,,Ip,Related,98799,138268,24656,160396,441377,673934,425863,453297,153085,529644,,1631,635,860,2251,3421,881,,289573,117668,3586,,,5,66,,,,242,1445,10630
498216207585,490,99548,100907,2024-06-15T08:07:29.000Z,1,1,InitialAccess,T1566.002,BenignPositive,,,MailMessage,Related,98799,138268,360606,160396,441377,136242,425863,453297,153085,112979,,1631,635,860,2251,3421,881,,289573,117668,3586,,,5,66,Inbound,,NoThreatsFound,242,1445,10630
850403527098,5,359292,74508,2024-06-07T23:28:43.000Z,4,3,InitialAccess,,TruePositive,,,Ip,Related,98799,138268,14441,160396,441377,673934,425863,453297,153085,529644,,1631,635,860,2251,3421,881,,289573,117668,3586,,,5,66,,,,2,59,2090
1434519079079,102,877,1111643,2024-06-17T01:23:43.000Z,108,81170,Exfiltration,,BenignPositive,,,Machine,Impacted,6154,138268,360606,160396,441377,673934,425863,453297,11095,529644,,1631,635,860,2251,3421,881,,289573,117668,3586,,,5,66,,,,242,1445,10630
1073741828561,105,157834,301971,2024-06-03T16:15:06.000Z,10,8,InitialAccess,T1566.001,BenignPositive,,,MailMessage,Related,98799,138268,360606,160396,441377,4675,425863,453297,153085,139676,,1631,635,860,2251,3421,881,,289573,117668,3586,,,5,66,Inbound,,Malicious,242,1445,10630
292057780995,38,259120,622424,2024-06-12T17:46:52.000Z,3,4,SuspiciousActivity,,BenignPositive,,,Machine,Impacted,11215,138268,360606,160396,441377,673934,425863,453297,17267,529644,,1631,635,860,2251,3421,881,,289573,117668,3586,,,5,66,,Suspicious,Suspicious,242,1445,10630
472446405274,95,108757,973779,2024-06-14T11:44:46.000Z,0,0,InitialAccess,T1078;T1078.004,FalsePositive,,,CloudLogonSession,Related,98799,138268,360606,160396,441377,673934,425863,453297,153085,529644,,1631,635,860,2251,3421,881,,289573,117668,3586,,,5,66,,,,242,1445,10630
1511828488203,807,6899,14154,2024-06-13T23:47:15.000Z,1,1,InitialAccess,T1566.002,BenignPositive,,,Url,Related,98799,138268,360606,22082,441377,673934,425863,453297,153085,529644,,1631,635,860,2251,3421,881,,289573,117668,3586,,,5,66,,,NoThreatsFound,242,1445,10630
678604833341,1708,55105,50413,2024-06-13T00:49:04.000Z,66,48,InitialAccess,,TruePositive,,,MailCluster,Related,98799,138268,360606,160396,441377,673934,425863,453297,153085,529644,,1631,635,860,2251,3421,881,,289573,117668,3586,,,5,66,,,Suspicious,242,1445,10630
850403527128,28,96723,32160,2024-06-04T09:15:37.000Z,10,8,InitialAccess,T1566.001,FalsePositive,,,User,Impacted,98799,138268,360606,160396,87995,86390,98322,109374,153085,529644,,1631,635,860,2251,3421,881,,289573,117668,3586,,,5,66,,,,242,1445,10630
609885357788,388,154200,1696596,2024-01-18T06:39:23.000Z,616,799,Discovery,,BenignPositive,,,Machine,Impacted,42532,138268,360606,160396,441377,673934,425863,453297,87490,529644,,1631,635,860,2251,3421,881,,289573,117668,3586,,,5,66,,,,242,1445,10630
1443109014904,2,112148,159574,2024-06-09T00:30:29.000Z,1,1,InitialAccess,T1566.002,BenignPositive,,,MailCluster,Related,98799,138268,360606,160396,441377,673934,425863,453297,153085,529644,,1631,635,860,2251,3421,881,,289573,117668,3586,,,5,66,,,Suspicious,242,1445,10630
1116691499504,28,137228,41100,2024-06-06T08:23:40.000Z,1,1,InitialAccess,T1566.002,TruePositive,,,MailMessage,Related,98799,138268,360606,160396,441377,44534,425863,453297,153085,72596,,1631,635,860,2251,3421,881,,289573,117668,3586,,,5,66,,,,242,1445,10630
1606317770950,102,215470,250438,2024-06-10T06:20:07.000Z,2,2,CommandAndControl,,BenignPositive,,,Url,Related,98799,138268,360606,202,441377,673934,425863,453297,153085,529644,,1631,635,860,2251,3421,881,,289573,117668,3586,,,5,66,,Suspicious,Suspicious,242,1445,10630
601295423650,13,14263,9668,2024-06-07T19:30:51.000Z,34,2728,Exfiltration,,BenignPositive,,,File,Impacted,98799,486,360606,160396,441377,673934,425863,453297,153085,529644,,1631,635,860,2251,3421,881,,547,5,3586,,,5,66,,,,242,1445,10630
8589935330,290,7584,6248,2024-06-13T23:24:17.000Z,150,124,CredentialAccess,,FalsePositive,,,User,Impacted,98799,138268,360606,160396,6797,10018,6805,7371,153085,529644,,1631,635,860,2251,3421,881,,289573,117668,3586,,,5,66,,,,242,1445,10630
1314259993953,44,8895,12890,2024-06-11T21:42:32.000Z,50,36,Exfiltration,,BenignPositive,,,MailMessage,Impacted,98799,138268,360606,160396,441377,3487,425863,453297,153085,11491,,1631,635,860,2251,3421,881,,289573,117668,3586,,,5,66,,,,242,1445,10630
678604834455,1,507,75490,2024-06-03T10:44:11.000Z,0,0,InitialAccess,T1078;T1078.004,TruePositive,,,User,Impacted,98799,138268,360606,160396,2170,2860,2155,2273,153085,529644,,1631,635,860,2251,3421,881,,289573,117668,3586,,,5,66,,,,242,1445,10630
257698042257,36,108041,255923,2024-06-16T09:51:31.000Z,2,2,CommandAndControl,,FalsePositive,,,Process,Related,98799,0,360606,160396,441377,673934,425863,453297,153085,529644,,1631,635,860,2251,3421,881,,0,2,3586,,,5,66,,Suspicious,Suspicious,242,1445,10630
635655162268,5,60,925233,2024-06-05T11:13:21.000Z,4,3,InitialAccess,,TruePositive,,,CloudLogonRequest,Related,98799,138268,360606,160396,441377,673934,425863,453297,153085,529644,,1631,635,860,2251,3421,881,,289573,117668,3586,,,5,66,,,,242,1445,10630
197568498601,73,67984,798430,2024-06-10T15:46:30.000Z,80,67453,Exfiltration,,FalsePositive,,,MailMessage,Impacted,98799,138268,360606,160396,441377,122288,425863,453297,153085,93248,,1631,635,860,2251,3421,881,,289573,117668,3586,,,5,66,,,,242,1445,10630
438086668135,14,1810,112,2024-05-20T05:50:33.000Z,41,89,Impact,,TruePositive,,,Ip,Related,98799,138268,3740,160396,441377,673934,425863,453297,153085,529644,,1631,635,860,2251,3421,881,,289573,117668,3586,,,5,66,,,,242,1445,10630
816043791031,9,64,437036,2024-06-13T11:47:35.000Z,198,47007,Exfiltration,,BenignPositive,,,MailMessage,Impacted,98799,138268,360606,160396,441377,125602,425863,453297,153085,43587,,1631,635,860,2251,3421,881,,289573,117668,3586,,,5,66,,,,242,1445,10630
214748367393,604,38919,1562955,2024-06-11T05:56:41.000Z,152,462,SuspiciousActivity,,BenignPositive,,,Ip,Related,98799,138268,213733,160396,441377,673934,425863,453297,153085,529644,,1631,635,860,2251,3421,881,,289573,117668,3586,,,5,66,,,,242,1445,10630
240518173631,307,383493,1018166,2024-06-09T00:39:23.000Z,0,0,InitialAccess,T1078;T1078.004,FalsePositive,,,CloudLogonRequest,Related,98799,138268,360606,160396,441377,673934,425863,453297,153085,529644,,1631,635,860,2251,3421,881,,289573,117668,3586,,,5,66,,,,242,1445,10630
292057780263,24,462083,557298,2024-06-05T00:11:19.000Z,5,21,SuspiciousActivity,,TruePositive,,,Ip,Related,98799,138268,10392,160396,441377,673934,425863,453297,153085,529644,,1631,635,860,2251,3421,881,,289573,117668,3586,,Contextual,5,66,,,,242,1445,10630
1245540515977,144,34359,547417,2024-06-11T01:06:44.000Z,7,6,InitialAccess,,TruePositive,,,CloudLogonRequest,Related,98799,138268,360606,160396,441377,673934,425863,453297,153085,529644,,1631,635,860,2251,3421,881,,289573,117668,3586,,,5,66,,,,242,1445,10630
1649267443152,32,109681,201312,2024-06-12T04:04:51.000Z,3,4,SuspiciousActivity,,BenignPositive,,,Ip,Related,98799,138268,3201,160396,441377,673934,425863,453297,153085,529644,,1631,635,860,2251,3421,881,,289573,117668,3586,,,5,66,,Suspicious,Suspicious,242,1445,10630
1640677512217,37,31109,13115,2024-06-06T14:17:26.000Z,70,3228,Exfiltration,,FalsePositive,,,File,Impacted,98799,138268,360606,160396,441377,673934,425863,453297,153085,529644,,1631,635,860,2251,3421,881,,57902,0,3586,,,5,66,,,,242,1445,10630
137438957677,622,130316,1099008,2024-06-10T12:17:34.000Z,2,2,CommandAndControl,,BenignPositive,,,Url,Related,98799,138268,360606,500,441377,673934,425863,453297,153085,529644,,1631,635,860,2251,3421,881,,289573,117668,3586,,,5,66,,Suspicious,Suspicious,242,1445,10630
506806142899,19,4518,4138,2024-05-28T12:05:31.000Z,23,16,CommandAndControl,,BenignPositive,,,Ip,Related,98799,138268,595,160396,441377,673934,425863,453297,153085,529644,,1631,635,860,2251,3421,881,,289573,117668,3586,,,5,66,,,,242,1445,10630
1022202220508,20,2043,108,2024-05-26T12:00:49.000Z,59,10,Impact,,FalsePositive,,,Ip,Related,98799,138268,4786,160396,441377,673934,425863,453297,153085,529644,,1631,635,860,2251,3421,881,,289573,117668,3586,,,5,66,,,,242,1445,10630
489626273557,0,211,107045,2024-06-11T03:36:08.000Z,0,0,InitialAccess,T1078;T1078.004,TruePositive,,,Ip,Related,98799,138268,1,160396,441377,673934,425863,453297,153085,529644,,1631,635,860,2251,3421,881,,289573,117668,3586,,,5,66,,,,15,13,10
352187322051,264,134465,1054460,2024-06-15T18:26:58.000Z,0,0,InitialAccess,T1078;T1078.004,FalsePositive,,,User,Impacted,98799,138268,360606,160396,27763,44262,27580,29856,153085,529644,,1631,635,860,2251,3421,881,,289573,117668,3586,,,5,66,,,,242,1445,10630
1649267446337,66,542407,588856,2024-06-13T03:17:36.000Z,5,34,SuspiciousActivity,,TruePositive,,,User,Impacted,98799,138268,360606,160396,110,158,102,126,153085,529644,,1631,635,860,2251,3421,881,,289573,117668,3586,,,5,66,,,,242,1445,10630
25769804385,766,3328,264597,2024-06-10T22:25:47.000Z,3,4,SuspiciousActivity,,BenignPositive,,,Process,Related,98799,611,360606,160396,441377,673934,425863,453297,153085,529644,,1631,635,860,2251,3421,881,,21,21,3586,,,5,66,,Suspicious,Suspicious,242,1445,10630
850403529550,197,264743,619375,2024-06-11T11:33:25.000Z,3,38513,SuspiciousActivity,,TruePositive,,,Machine,Impacted,55756,138268,360606,160396,441377,673934,425863,453297,71048,529644,,1631,635,860,2251,3421,881,,289573,117668,3586,,,5,66,,Suspicious,Suspicious,242,1445,10630
2440,346,199440,82753,2024-06-08T19:51:59.000Z,2013,519,CredentialAccess,T1078;T1110,BenignPositive,,,Machine,Impacted,98799,138268,360606,160396,441377,673934,425863,453297,71790,529644,,1631,635,860,2251,3421,881,,289573,117668,3586,,,5,66,,,,242,1445,10630
1554778164315,74,990,76560,2024-06-11T19:18:07.000Z,2,2,CommandAndControl,,BenignPositive,,,User,Impacted,98799,138268,360606,160396,63928,114993,68244,75893,153085,529644,,1631,635,860,2251,3421,881,,289573,117668,3586,,,5,66,,Suspicious,Suspicious,242,1445,10630
1597727836063,39,623,5122,2024-06-14T22:45:43.000Z,6,5,InitialAccess,T1566,BenignPositive,,,File,Related,98799,28,360606,160396,441377,673934,425863,453297,153085,529644,,1631,635,860,2251,3421,881,,29,117668,3586,,,5,66,,,,242,1445,10630
755914245743,7,3113,682,2024-05-26T02:46:51.000Z,21,888,Impact,,FalsePositive,,,Ip,Related,98799,138268,1228,160396,441377,673934,425863,453297,153085,529644,,1631,635,860,2251,3421,881,,289573,117668,3586,,,5,66,,,,242,1445,10630
1700807051012,0,405,309337,2024-06-07T14:49:47.000Z,0,0,InitialAccess,T1078;T1078.004,TruePositive,,,User,Impacted,98799,138268,360606,160396,2424,3237,2434,2584,153085,529644,,1631,635,860,2251,3421,881,,289573,117668,3586,,,5,66,,,,242,1445,10630
1228360648424,0,262,484633,2024-06-05T20:27:54.000Z,7,6,InitialAccess,,TruePositive,,,User,Impacted,98799,138268,360606,160396,6502,9506,6562,7027,153085,529644,,1631,635,860,2251,3421,881,,289573,117668,3586,,,5,66,,,,242,1445,10630
1468878818813,454,381153,1577508,2024-06-13T13:04:43.000Z,160,1780,Malware,,TruePositive,,,Machine,Impacted,41796,138268,360606,160396,441377,673934,425863,453297,69636,529644,,1631,635,860,2251,3421,881,,289573,117668,3586,,,0,0,,Suspicious,Suspicious,242,1445,10630
154618823924,374,75786,297077,2024-06-11T10:06:24.000Z,1265,2427,CredentialAccess,,BenignPositive,,,CloudApplication,Related,98799,138268,360606,160396,441377,673934,425863,453297,153085,529644,,1631,635,860,2251,77,881,,289573,117668,3586,,,5,66,,,,242,1445,10630
824633722519,41,371999,1116905,2024-06-12T11:49:44.000Z,32,140,Exfiltration,,TruePositive,,,File,Impacted,98799,138268,360606,160396,441377,673934,425863,453297,153085,529644,,1631,635,860,2251,3421,881,,103670,0,3586,,,5,66,,,,242,1445,10630
1649267443368,220,51539,113690,2024-06-05T18:11:22.000Z,178,27507,Exfiltration,,BenignPositive,,,User,Impacted,98799,138268,360606,160396,132645,215009,153531,137506,153085,529644,,1631,635,860,2251,3421,881,,289573,117668,3586,,,5,66,,,,242,1445,10630
944892806785,1,27,1020639,2024-06-11T01:59:19.000Z,0,0,InitialAccess,T1078;T1078.004,TruePositive,,,CloudLogonSession,Related,98799,138268,360606,160396,441377,673934,425863,453297,153085,529644,,1631,635,860,2251,3421,881,,289573,117668,3586,,,5,66,,,,242,1445,10630
1486058688726,877,30375,745517,2024-06-05T10:49:17.000Z,2,2,CommandAndControl,,TruePositive,,,User,Impacted,98799,138268,360606,160396,56483,89290,55970,56658,153085,529644,,1631,635,860,2251,3421,881,,289573,117668,3586,,,5,66,,Suspicious,Suspicious,242,1445,10630
850403524638,6,2180,1590,2024-05-24T03:13:33.000Z,17,688,Impact,,BenignPositive,,,Ip,Related,98799,138268,3546,160396,441377,673934,425863,453297,153085,529644,,1631,635,860,2251,3421,881,,289573,117668,3586,,,5,66,,,,242,1445,10630
1005022348234,18,391268,211884,2024-06-12T05:43:49.000Z,731,3294,Exfiltration,,FalsePositive,,,File,Impacted,98799,138268,360606,160396,441377,673934,425863,453297,153085,529644,,1631,635,860,2251,3421,881,,2301,2008,3586,,,5,66,,,,242,1445,10630
910533069513,8,80163,84966,2024-06-11T00:50:57.000Z,1,1,InitialAccess,T1566.002,TruePositive,,,Url,Related,98799,138268,360606,2911,441377,673934,425863,453297,153085,529644,,1631,635,860,2251,3421,881,,289573,117668,3586,,,5,66,,,NoThreatsFound,242,1445,10630
1374389536549,0,141,1329982,2024-06-10T22:16:25.000Z,0,0,InitialAccess,T1078;T1078.004,TruePositive,,,CloudLogonRequest,Related,98799,138268,360606,160396,441377,673934,425863,453297,153085,529644,,1631,635,860,2251,3421,881,,289573,117668,3586,,,5,66,,,,242,1445,10630
335007449130,6,2478,1485,2024-05-27T07:04:41.000Z,17,1308,Impact,,BenignPositive,,,Ip,Related,98799,138268,1537,160396,441377,673934,425863,453297,153085,529644,,1631,635,860,2251,3421,881,,289573,117668,3586,,,5,66,,,,242,1445,10630
326417518912,36,1099,737284,2024-06-17T06:29:57.000Z,2,2,CommandAndControl,,TruePositive,,,Process,Related,98799,0,360606,160396,441377,673934,425863,453297,153085,529644,,1631,635,860,2251,3421,881,,0,2,3586,,,5,66,,Suspicious,Suspicious,242,1445,10630
927712939844,12,113542,466159,2024-06-07T04:32:17.000Z,74,55,CommandAndControl,T1071;T1048,BenignPositive,,,Ip,Related,98799,138268,18,160396,441377,673934,425863,453297,153085,529644,,1631,635,860,2251,3421,881,,289573,117668,3586,,,5,66,,,,242,1445,10630
575525620868,76,189,1255359,2024-06-05T11:16:27.000Z,0,0,InitialAccess,T1078;T1078.004,TruePositive,,,User,Impacted,98799,138268,360606,160396,651,871,640,693,153085,529644,,1631,635,860,2251,3421,881,,289573,117668,3586,,,5,66,,,,242,1445,10630
1228360649494,34,330750,686797,2024-06-07T19:58:17.000Z,2,2,CommandAndControl,,BenignPositive,,,Process,Related,98799,0,360606,160396,441377,673934,425863,453297,153085,529644,,1631,635,860,2251,3421,881,,0,111,3586,,,5,66,,Suspicious,Suspicious,242,1445,10630
1443109015391,14,2685,597,2024-05-23T18:17:08.000Z,41,175,Impact,,TruePositive,,,Ip,Related,98799,138268,21906,160396,441377,673934,425863,453297,153085,529644,,1631,635,860,2251,3421,881,,289573,117668,3586,,,5,66,,,,242,1445,10630
1589137902779,62,490197,1423002,2024-06-17T00:38:50.000Z,5,39,SuspiciousActivity,,TruePositive,,,User,Impacted,98799,138268,360606,160396,256,350,245,283,153085,529644,,1631,635,860,2251,3421,881,,289573,117668,3586,,,5,66,,,,242,1445,10630
841813590974,18,233466,1074017,2024-06-10T01:08:09.000Z,9,47,Execution,,FalsePositive,,,CloudApplication,Impacted,98799,138268,360606,160396,441377,673934,425863,453297,153085,529644,,1631,635,860,4,4,881,,289573,117668,3586,,,5,66,,,,242,1445,10630
266287974762,5,137,528864,2024-06-09T11:19:32.000Z,0,0,InitialAccess,T1078;T1078.004,TruePositive,,,CloudLogonRequest,Related,98799,138268,360606,160396,441377,673934,425863,453297,153085,529644,,1631,635,860,2251,3421,881,,289573,117668,3586,,,5,66,,,,242,1445,10630
996432414302,7,329,571,2024-05-25T06:26:40.000Z,21,518,Impact,,FalsePositive,,,Ip,Related,98799,138268,769,160396,441377,673934,425863,453297,153085,529644,,1631,635,860,2251,3421,881,,289573,117668,3586,,,5,66,,,,242,1445,10630
188978563307,13,197361,766976,2024-06-13T13:12:29.000Z,2,2,CommandAndControl,,BenignPositive,,,Process,Related,98799,1,360606,160396,441377,673934,425863,453297,153085,529644,,1631,635,860,2251,3421,881,,1,1,3586,,,5,66,,Suspicious,Suspicious,242,1445,10630
1374389535421,22,146,169592,2024-06-07T18:53:06.000Z,4,3,InitialAccess,,TruePositive,,,CloudLogonRequest,Related,98799,138268,360606,160396,441377,673934,425863,453297,153085,529644,,1631,635,860,2251,3421,881,,289573,117668,3586,,,5,66,,,,242,1445,10630
420906796303,117,71,1026015,2024-06-05T08:24:32.000Z,0,0,InitialAccess,T1078;T1078.004,TruePositive,,,CloudLogonRequest,Related,98799,138268,360606,160396,441377,673934,425863,453297,153085,529644,,1631,635,860,2251,3421,881,,289573,117668,3586,,,5,66,,,,242,1445,10630
1047972020736,77,63221,84637,2024-06-04T16:30:34.000Z,1,1,InitialAccess,T1566.002,BenignPositive,,,Url,Related,98799,138268,360606,52394,441377,673934,425863,453297,153085,529644,,1631,635,860,2251,3421,881,,289573,117668,3586,,,5,66,,,Malicious,242,1445,10630
1305670059947,227,1045,21406,2024-06-12T12:29:57.000Z,1,1,InitialAccess,T1566.002,TruePositive,,,Url,Related,98799,138268,360606,52635,441377,673934,425863,453297,153085,529644,,1631,635,860,2251,3421,881,,289573,117668,3586,,,5,66,,,NoThreatsFound,242,1445,10630
1640677511393,86,202441,464246,2024-06-05T23:18:41.000Z,3044,11732,CredentialAccess,T1110,BenignPositive,,,Ip,Related,98799,138268,29506,160396,441377,673934,425863,453297,153085,529644,,1631,635,860,2251,3421,881,,289573,117668,3586,,,5,66,,,,242,1445,10630
858993461111,39,1394,28340,2024-06-04T18:33:03.000Z,10,8,InitialAccess,T1566.001,BenignPositive,,,Mailbox,Impacted,98799,138268,360606,160396,47951,38975,43217,47227,153085,529644,,1631,635,860,2251,3421,881,,289573,117668,3586,,,5,66,,,,242,1445,10630
1649267442453,279,148837,1445020,2024-06-05T17:17:45.000Z,866,46207,Exfiltration,,FalsePositive,,,MailMessage,Impacted,98799,138268,360606,160396,441377,471126,425863,453297,153085,343884,,1631,635,860,2251,3421,881,,289573,117668,3586,,,5,66,,,,242,1445,10630
944892808934,3,307184,771842,2024-06-14T17:09:55.000Z,2,2,CommandAndControl,,BenignPositive,,,Machine,Impacted,4419,138268,360606,160396,441377,673934,425863,453297,8137,529644,,1631,635,860,2251,3421,881,,289573,117668,3586,,,0,0,,Suspicious,Suspicious,242,1445,10630
1529008361938,69,5189,7882,2024-06-03T08:20:15.000Z,1,1,InitialAccess,T1566.002,BenignPositive,,,Url,Related,98799,138268,360606,32524,441377,673934,425863,453297,153085,529644,,1631,635,860,2251,3421,881,,289573,117668,3586,,,5,66,,,Malicious,242,1445,10630
455266535024,1,41,1263352,2024-06-09T01:50:40.000Z,14,12,CredentialAccess,T1110;T1110.003;T1110.001,TruePositive,,,User,Impacted,98799,138268,360606,160396,2581,3426,2576,2725,153085,529644,,1631,635,860,2251,3421,881,,289573,117668,3586,,,5,66,,,,242,1445,10630
60129543659,32,1083,55433,2024-06-07T06:42:01.000Z,3,4,SuspiciousActivity,,BenignPositive,,,Ip,Related,98799,138268,72473,160396,441377,673934,425863,453297,153085,529644,,1631,635,860,2251,3421,881,,289573,117668,3586,,,5,66,,Suspicious,Suspicious,242,1445,10630
1331439863612,0,89,1041248,2024-06-08T07:32:33.000Z,4,3,InitialAccess,,TruePositive,,,Ip,Related,98799,138268,2423,160396,441377,673934,425863,453297,153085,529644,,1631,635,860,2251,3421,881,,289573,117668,3586,,,5,66,,,,5,1445,10630
1468878819312,437,21383,737563,2024-06-14T18:57:12.000Z,2,2,CommandAndControl,,BenignPositive,,,Process,Related,98799,1,360606,160396,441377,673934,425863,453297,153085,529644,,1631,635,860,2251,3421,881,,1,1,3586,,,5,66,,Suspicious,Suspicious,242,1445,10630
1116691498602,21,396,229127,2024-06-08T07:08:53.000Z,3,4,SuspiciousActivity,,BenignPositive,,,User,Impacted,98799,138268,360606,160396,9043,13833,9059,9794,153085,529644,,1631,635,860,2251,3421,881,,289573,117668,3586,,,5,66,,Suspicious,Suspicious,242,1445,10630
523986011928,0,99,920758,2024-06-12T17:50:14.000Z,0,0,InitialAccess,T1078;T1078.004,TruePositive,,,User,Impacted,98799,138268,360606,160396,4315,5953,4341,4610,153085,529644,,1631,635,860,2251,3421,881,,289573,117668,3586,,,5,66,,,,242,1445,10630
197568499533,14,198,172,2024-05-23T12:18:20.000Z,41,679,Impact,,TruePositive,,,Ip,Related,98799,138268,1537,160396,441377,673934,425863,453297,153085,529644,,1631,635,860,2251,3421,881,,289573,117668,3586,,,5,66,,,,242,1445,10630
352187318284,6,2238,1204,2024-05-20T12:31:42.000Z,17,58,Impact,,BenignPositive,,,Ip,Related,98799,138268,52516,160396,441377,673934,425863,453297,153085,529644,,1631,635,860,2251,3421,881,,289573,117668,3586,,,5,66,,,,242,1445,10630
34359743094,9,231,1124264,2024-06-03T21:13:38.000Z,77,76036,Exfiltration,,BenignPositive,,,File,Impacted,98799,138268,360606,160396,441377,673934,425863,453297,153085,529644,,1631,635,860,2251,3421,881,,204696,81128,3586,,,5,66,,,,242,1445,10630
326417517332,8,73350,84582,2024-06-14T18:26:11.000Z,1,1,InitialAccess,T1566.002,TruePositive,,,MailMessage,Related,98799,138268,360606,160396,441377,1284,425863,453297,153085,85740,,1631,635,860,2251,3421,881,,289573,117668,3586,,,5,66,,,,242,1445,10630
515396077947,5,35,1236453,2024-06-07T06:31:19.000Z,0,0,InitialAccess,T1078;T1078.004,TruePositive,,,User,Impacted,98799,138268,360606,160396,15,27,13,16,153085,529644,,1631,635,860,2251,3421,881,,289573,117668,3586,,,5,66,,,,242,1445,10630
34359738604,11,416674,1013497,2024-06-10T06:27:06.000Z,0,0,InitialAccess,T1078;T1078.004,FalsePositive,,,CloudLogonRequest,Related,98799,138268,360606,160396,441377,673934,425863,453297,153085,529644,,1631,635,860,2251,3421,881,,289573,117668,3586,,,5,66,,,,242,1445,10630
1563368097504,0,82,329890,2024-06-05T02:50:14.000Z,14,12,CredentialAccess,T1110;T1110.003;T1110.001,TruePositive,,,Ip,Related,98799,138268,22,160396,441377,673934,425863,453297,153085,529644,,1631,635,860,2251,3421,881,,289573,117668,3586,,,5,66,,,,4,4,16
85899346329,54,310,1748,2024-06-11T04:16:39.000Z,179,24,CredentialAccess,T1110;T1078,BenignPositive,,,Ip,Related,98799,138268,317821,160396,441377,673934,425863,453297,153085,529644,,1631,635,860,2251,3421,881,,289573,117668,3586,,,5,66,,,,242,1445,10630
1297080125518,49,99762,283616,2024-06-13T11:32:15.000Z,2,2,CommandAndControl,,TruePositive,,,Process,Related,98799,38,360606,160396,441377,673934,425863,453297,153085,529644,,1631,635,860,2251,3421,881,,0,2,3586,,,5,66,,Suspicious,Suspicious,242,1445,10630
1563368100618,138,142045,221747,2024-06-03T20:28:09.000Z,96,75,InitialAccess,,BenignPositive,,,Mailbox,Impacted,98799,138268,360606,160396,168040,141340,133849,125742,153085,529644,,1631,635,860,2251,3421,881,,289573,117668,3586,,,5,66,,,,242,1445,10630
730144442143,0,227,385895,2024-06-09T21:48:40.000Z,0,0,InitialAccess,T1078;T1078.004,TruePositive,,,CloudLogonSession,Related,98799,138268,360606,160396,441377,673934,425863,453297,153085,529644,,1631,635,860,2251,3421,881,,289573,117668,3586,,,5,66,,,,242,1445,10630
1511828489994,0,166,859947,2024-06-07T22:05:29.000Z,0,0,InitialAccess,T1078;T1078.004,TruePositive,,,CloudLogonRequest,Related,98799,138268,360606,160396,441377,673934,425863,453297,153085,529644,,1631,635,860,2251,3421,881,,289573,117668,3586,,,5,66,,,,242,1445,10630
1700807053798,91,206900,799195,2024-06-04T16:26:26.000Z,122,67994,Exfiltration,,BenignPositive,,,File,Impacted,98799,138268,360606,160396,441377,673934,425863,453297,153085,529644,,1631,635,860,2251,3421,881,,267972,0,3586,,,5,66,,,,242,1445,10630
1245540516561,397,159410,97285,2024-06-15T19:31:36.000Z,28,19,InitialAccess,T1566,BenignPositive,,,MailCluster,Related,98799,138268,360606,160396,441377,673934,425863,453297,153085,529644,4107518491.0,1631,635,860,2251,3421,881,,289573,117668,3586,,,5,66,,,NoThreatsFound,242,1445,10630
171798695582,3,37967,282349,2024-06-04T10:43:52.000Z,2,2,CommandAndControl,,BenignPositive,,,User,Impacted,98799,138268,360606,160396,115803,198563,113632,121866,153085,529644,,1631,635,860,2251,3421,881,,289573,117668,3586,,,5,66,,Suspicious,Suspicious,242,1445,10630
936302872198,1,46,1548518,2024-06-05T03:23:47.000Z,599,771,InitialAccess,T1589;T1589.001,TruePositive,,,User,Impacted,98799,138268,360606,160396,11637,18214,11639,12385,153085,529644,,1631,635,860,2251,3421,881,,289573,117668,3586,,,5,66,,,,242,1445,10630
1365799601389,252,345437,890182,2024-06-12T15:17:02.000Z,0,0,InitialAccess,T1078;T1078.004,FalsePositive,,,Ip,Related,98799,138268,152818,160396,441377,673934,425863,453297,153085,529644,,1631,635,860,2251,3421,881,,289573,117668,3586,,,5,66,,,,26,65,3451
953482741333,1,32,519994,2024-06-09T01:37:16.000Z,14,12,CredentialAccess,T1110;T1110.003;T1110.001,TruePositive,,,User,Impacted,98799,138268,360606,160396,165,234,157,189,153085,529644,,1631,635,860,2251,3421,881,,289573,117668,3586,,,5,66,,,,242,1445,10630
1056561958857,20,6795,2430,2024-06-02T03:52:36.000Z,117,95,Impact,,BenignPositive,,,Ip,Related,98799,138268,2330,160396,441377,673934,425863,453297,153085,529644,,1631,635,860,2251,3421,881,,289573,117668,3586,,,5,66,,,,242,1445,10630
377957125719,214,17782,9508,2024-06-06T07:35:03.000Z,494,537,SuspiciousActivity,,BenignPositive,,,MailMessage,Related,98799,138268,360606,160396,441377,673934,425863,453297,153085,297627,,1631,635,860,2251,3421,881,,289573,117668,3586,,,5,66,,,,242,1445,10630
68719478487,0,79,333004,2024-06-05T05:33:17.000Z,7,6,InitialAccess,,TruePositive,,,User,Impacted,98799,138268,360606,160396,22193,37018,22965,24968,153085,529644,,1631,635,860,2251,3421,881,,289573,117668,3586,,,5,66,,,,242,1445,10630
996432416181,512,65173,664552,2024-06-13T16:31:25.000Z,360,368,InitialAccess,,TruePositive,,,User,Impacted,98799,138268,360606,160396,20712,20150,20406,21926,153085,529644,,1631,635,860,2251,3421,881,,289573,117668,3586,,,5,66,,,,242,1445,10630
816043788330,19,15401,20382,2024-06-08T22:43:06.000Z,92,29,CommandAndControl,T1046;T1071;T1210,TruePositive,,,Url,Related,98799,138268,360606,291,441377,673934,425863,453297,153085,529644,,1631,635,860,2251,3421,881,,289573,117668,3586,,,5,66,,,,242,1445,10630
1683627180183,11,398670,970457,2024-06-03T06:49:23.000Z,0,0,InitialAccess,T1078;T1078.004,FalsePositive,,,CloudLogonRequest,Related,98799,138268,360606,160396,441377,673934,425863,453297,153085,529644,,1631,635,860,2251,3421,881,,289573,117668,3586,,,5,66,,,,242,1445,10630
704374640747,24,465165,1379158,2024-06-06T22:59:09.000Z,5,21,SuspiciousActivity,,TruePositive,,,CloudApplication,Impacted,98799,138268,360606,160396,441377,673934,425863,453297,153085,529644,,1631,635,860,0,0,881,,289573,117668,3586,,,5,66,,,,242,1445,10630
240518170335,0,658,102309,2024-06-09T05:17:09.000Z,4,3,InitialAccess,,TruePositive,,,Ip,Related,98799,138268,2360,160396,441377,673934,425863,453297,153085,529644,,1631,635,860,2251,3421,881,,289573,117668,3586,,,5,66,,,,10,7,4
1322849932155,114,33263,203909,2024-06-14T10:54:14.000Z,3,4,SuspiciousActivity,,FalsePositive,,,Machine,Impacted,5994,138268,360606,160396,441377,673934,425863,453297,10080,529644,,1631,635,860,2251,3421,881,,289573,117668,3586,,,5,66,,Suspicious,Suspicious,242,1445,10630
790273987737,104,7,1105,2024-06-03T06:31:27.000Z,11,9,InitialAccess,T1566,FalsePositive,,,Mailbox,Impacted,98799,138268,360606,160396,74273,81299,78186,82268,153085,529644,,1631,635,860,2251,3421,881,,289573,117668,3586,,,5,66,,,,242,1445,10630
738734375391,156,811,2523,2024-06-12T02:10:26.000Z,127,108,SuspiciousActivity,T1586,TruePositive,,,Mailbox,Related,98799,138268,360606,160396,165661,167200,155292,158407,153085,529644,,1631,635,860,2251,3421,881,,289573,117668,3586,,,5,66,,,,242,1445,10630
1486058686357,39,423,5622,2024-06-14T16:32:03.000Z,6,5,InitialAccess,T1566,BenignPositive,,,MailCluster,Related,98799,138268,360606,160396,441377,673934,425863,453297,153085,529644,,1631,635,860,2251,3421,881,,289573,117668,3586,,,5,66,,,NoThreatsFound,242,1445,10630
1245540517426,32,1749,47631,2024-06-10T23:01:00.000Z,6,5,InitialAccess,T1566,BenignPositive,,,MailMessage,Related,98799,138268,360606,160396,441377,46454,425863,453297,153085,30841,,1631,635,860,2251,3421,881,,289573,117668,3586,,,5,66,Inbound,,NoThreatsFound,242,1445,10630
944892805193,6,2494,1188,2024-06-01T08:50:36.000Z,17,336,Impact,,BenignPositive,,,Ip,Related,98799,138268,4746,160396,441377,673934,425863,453297,153085,529644,,1631,635,860,2251,3421,881,,289573,117668,3586,,,5,66,,,,242,1445,10630
163208761028,72,242,384779,2024-06-04T18:52:03.000Z,4,3,InitialAccess,,TruePositive,,,CloudLogonRequest,Related,98799,138268,360606,160396,441377,673934,425863,453297,153085,529644,,1631,635,860,2251,3421,881,,289573,117668,3586,,,5,66,,,,242,1445,10630
403726929761,12,1885,1420,2024-05-25T20:52:10.000Z,16,69,Impact,,BenignPositive,,,Ip,Related,98799,138268,47046,160396,441377,673934,425863,453297,153085,529644,,1631,635,860,2251,3421,881,,289573,117668,3586,,,5,66,,,,242,1445,10630
343597388115,30,91567,64979,2024-06-04T17:23:33.000Z,147,21599,Exfiltration,,FalsePositive,,,MailMessage,Impacted,98799,138268,360606,160396,441377,33411,425863,453297,153085,26350,,1631,635,860,2251,3421,881,,289573,117668,3586,,,5,66,,,,242,1445,10630
240518170224,1,24,1170699,2024-06-09T09:18:12.000Z,0,0,InitialAccess,T1078;T1078.004,TruePositive,,,CloudLogonRequest,Related,98799,138268,360606,160396,441377,673934,425863,453297,153085,529644,,1631,635,860,2251,3421,881,,289573,117668,3586,,,5,66,,,,242,1445,10630
103079219601,531,11122,28410,2024-06-03T21:43:44.000Z,10,8,InitialAccess,T1566.001,TruePositive,,,Mailbox,Impacted,98799,138268,360606,160396,43817,38793,45803,43238,153085,529644,,1631,635,860,2251,3421,881,,289573,117668,3586,,,5,66,,,Malicious,242,1445,10630
171798695458,822,40154,115295,2024-06-03T12:34:02.000Z,6,5,InitialAccess,T1566,TruePositive,,,MailMessage,Related,98799,138268,360606,160396,441377,45967,425863,453297,153085,21140,,1631,635,860,2251,3421,881,,289573,117668,3586,,,5,66,,,,242,1445,10630
1082331760263,7,3491,2417,2024-06-03T05:56:06.000Z,21,85,Impact,,BenignPositive,,,Ip,Related,98799,138268,13275,160396,441377,673934,425863,453297,153085,529644,,1631,635,860,2251,3421,881,,289573,117668,3586,,,5,66,,,,242,1445,10630
188978565640,155,59,1020119,2024-06-06T05:11:09.000Z,0,0,InitialAccess,T1078;T1078.004,TruePositive,,,CloudLogonSession,Related,98799,138268,360606,160396,441377,673934,425863,453297,153085,529644,,1631,635,860,2251,3421,881,,289573,117668,3586,,,5,66,,,,242,1445,10630
1529008361456,10,178,47,2024-05-25T10:10:09.000Z,12,41,Impact,,TruePositive,,,Ip,Related,98799,138268,2185,160396,441377,673934,425863,453297,153085,529644,,1631,635,860,2251,3421,881,,289573,117668,3586,,,5,66,,,,242,1445,10630
867583395616,45,59630,93883,2024-06-11T21:43:43.000Z,6,5,InitialAccess,T1566,FalsePositive,,,MailCluster,Related,98799,138268,360606,160396,441377,673934,425863,453297,153085,529644,,1631,635,860,2251,3421,881,,289573,117668,3586,,,5,66,,,NoThreatsFound,242,1445,10630
386547058480,26,140900,1091173,2024-06-05T19:45:13.000Z,44,71,SuspiciousActivity,,BenignPositive,,,File,Related,98799,95,360606,160396,441377,673934,425863,453297,153085,529644,,1631,635,860,2251,3421,881,,16,14,3586,,,5,66,,Suspicious,Suspicious,242,1445,10630
1288490192878,10,240,100,2024-05-23T11:27:44.000Z,12,52,Impact,,TruePositive,,,Ip,Related,98799,138268,226,160396,441377,673934,425863,453297,153085,529644,,1631,635,860,2251,3421,881,,289573,117668,3586,,,5,66,,,,242,1445,10630
8589938679,280,9207,45505,2024-06-06T19:05:51.000Z,1,1,InitialAccess,T1566.002,TruePositive,,,Mailbox,Impacted,98799,138268,360606,160396,16840,14032,16730,18197,153085,529644,,1631,635,860,2251,3421,881,,289573,117668,3586,,,5,66,,,,242,1445,10630
1082331762066,2,15867,5270,2024-06-05T12:47:54.000Z,42,27,Exfiltration,,BenignPositive,,,File,Impacted,98799,138268,360606,160396,441377,673934,425863,453297,153085,529644,,1631,635,860,2251,3421,881,,60409,26576,3586,,,5,66,,,,242,1445,10630
1288490192878,10,240,105,2024-05-22T19:42:00.000Z,12,704,Impact,,TruePositive,,,Ip,Related,98799,138268,3839,160396,441377,673934,425863,453297,153085,529644,,1631,635,860,2251,3421,881,,289573,117668,3586,,,5,66,,,,242,1445,10630
1657857377023,960,146953,463168,2024-06-12T12:56:54.000Z,6,5,InitialAccess,T1566,BenignPositive,,,Mailbox,Impacted,98799,138268,360606,160396,17785,14826,17803,19215,153085,529644,,1631,635,860,2251,3421,881,,289573,117668,3586,,,5,66,,,,242,1445,10630
1340029797049,60,381,14445,2024-06-11T16:22:46.000Z,51,7217,Exfiltration,,FalsePositive,,,MailMessage,Impacted,98799,138268,360606,160396,441377,52951,425863,453297,153085,19489,,1631,635,860,2251,3421,881,,289573,117668,3586,,,5,66,,,,242,1445,10630
188978565673,9,281,214280,2024-06-13T20:20:10.000Z,95,20373,Exfiltration,,BenignPositive,,,Machine,Impacted,98799,138268,360606,160396,441377,673934,425863,453297,6089,529644,,1631,635,860,2251,3421,881,,289573,117668,3586,,,5,66,,,,242,1445,10630
1176821040237,47,78984,244227,2024-06-04T04:18:18.000Z,1540,76,Persistence,T1078;T1098,FalsePositive,,,User,Impacted,98799,138268,360606,160396,165613,235204,153828,163118,153085,529644,,1631,635,860,2251,3421,881,,289573,117668,3586,,,5,66,,,,242,1445,10630
1537598297156,365,6713,463121,2024-06-05T20:28:35.000Z,433,457,InitialAccess,,FalsePositive,,,Mailbox,Impacted,98799,138268,360606,160396,54188,55087,55664,55241,153085,529644,,1631,635,860,2251,3421,881,,289573,117668,3586,,,5,66,,,,242,1445,10630
1185410978785,256,16281,286049,2024-06-10T14:22:24.000Z,2,2,CommandAndControl,,FalsePositive,,,Url,Related,98799,138268,360606,1738,441377,673934,425863,453297,153085,529644,,1631,635,860,2251,3421,881,,289573,117668,3586,,,5,66,,Suspicious,Suspicious,242,1445,10630
25769808916,46,4793,6631,2024-06-16T19:41:55.000Z,64,42,CommandAndControl,T1568;T1008,BenignPositive,,,Ip,Related,98799,138268,11187,160396,441377,673934,425863,453297,153085,529644,,1631,635,860,2251,3421,881,,289573,117668,3586,,,5,66,,,,242,1445,10630
137438958474,784,51110,13722,2024-06-12T20:46:52.000Z,1,1,InitialAccess,T1566.002,FalsePositive,,,Url,Related,98799,138268,360606,2433,441377,673934,425863,453297,153085,529644,,1631,635,860,2251,3421,881,,289573,117668,3586,,,5,66,,,NoThreatsFound,242,1445,10630
163208761799,9,78,20639,2024-06-06T08:35:31.000Z,90,2351,Exfiltration,,BenignPositive,,,Machine,Impacted,98799,138268,360606,160396,441377,673934,425863,453297,1552,529644,,1631,635,860,2251,3421,881,,289573,117668,3586,,,5,66,,,,242,1445,10630
1047972025212,481,3313,158142,2024-06-06T22:41:02.000Z,1,1,InitialAccess,T1566.002,BenignPositive,,,Mailbox,Impacted,98799,138268,360606,160396,54975,42524,53014,59795,153085,529644,,1631,635,860,2251,3421,881,,289573,117668,3586,,,5,66,,,NoThreatsFound,242,1445,10630
1185410978805,409,40872,120949,2024-06-06T18:17:45.000Z,13,11,InitialAccess,T1566,TruePositive,,,MailMessage,Related,98799,138268,360606,160396,441377,92918,425863,453297,153085,70295,,1631,635,860,2251,3421,881,,289573,117668,3586,,,5,66,Inbound,,NoThreatsFound,242,1445,10630
764504180599,134,109540,368852,2024-06-11T18:29:57.000Z,10,8,InitialAccess,T1566.001,BenignPositive,,,Mailbox,Impacted,98799,138268,360606,160396,78953,67430,71492,82975,153085,529644,,1631,635,860,2251,3421,881,,289573,117668,3586,,,5,66,,,Malicious,242,1445,10630
712964574426,97,65357,20274,2024-06-11T21:35:26.000Z,1,1,InitialAccess,T1566.002,TruePositive,,,MailMessage,Related,98799,138268,360606,160396,441377,140985,425863,453297,153085,205870,,1631,635,860,2251,3421,881,,289573,117668,3586,,,5,66,,,,242,1445,10630
1425929146072,293,89761,1700620,2024-06-03T18:20:06.000Z,765,1046,InitialAccess,,BenignPositive,,,Mailbox,Impacted,98799,138268,360606,160396,441377,227,425863,453297,153085,529644,,1631,635,860,2251,3421,881,,289573,117668,3586,,,5,66,,,,242,1445,10630
8589936221,7,4631,1699,2024-06-02T14:25:53.000Z,21,1456,Impact,,FalsePositive,,,Ip,Related,98799,138268,39157,160396,441377,673934,425863,453297,153085,529644,,1631,635,860,2251,3421,881,,289573,117668,3586,,,5,66,,,,242,1445,10630
163208760309,522,566,249427,2024-06-05T14:07:33.000Z,2,2,CommandAndControl,,BenignPositive,,,Url,Related,98799,138268,360606,808,441377,673934,425863,453297,153085,529644,,1631,635,860,2251,3421,881,,289573,117668,3586,,,5,66,,Suspicious,Suspicious,242,1445,10630
1486058688589,86,218198,275351,2024-06-14T06:35:27.000Z,2,2,CommandAndControl,,BenignPositive,,,User,Impacted,98799,138268,360606,160396,100034,155640,90484,165841,153085,529644,,1631,635,860,2251,3421,881,,289573,117668,3586,,,5,66,,Suspicious,Suspicious,242,1445,10630
343597387078,211,2662,48405,2024-06-13T04:02:05.000Z,6,5,InitialAccess,T1566,FalsePositive,,,Mailbox,Impacted,98799,138268,360606,160396,13920,9323,14170,15113,153085,529644,,1631,635,860,2251,3421,881,,289573,117668,3586,,,5,66,,,,242,1445,10630
962072678452,10,152,181,2024-05-26T10:41:03.000Z,12,70,Impact,,TruePositive,,,Ip,Related,98799,138268,3014,160396,441377,673934,425863,453297,153085,529644,,1631,635,860,2251,3421,881,,289573,117668,3586,,,5,66,,,,242,1445,10630
1056561954840,6,92295,87791,2024-06-04T17:36:40.000Z,3,4,SuspiciousActivity,,BenignPositive,,,Ip,Related,98799,138268,3028,160396,441377,673934,425863,453297,153085,529644,,1631,635,860,2251,3421,881,,289573,117668,3586,,,5,66,,Suspicious,Suspicious,242,1445,10630
1039382087850,13,14765,10236,2024-06-12T21:44:59.000Z,34,1798,Exfiltration,,BenignPositive,,,File,Impacted,98799,572,360606,160396,441377,673934,425863,453297,153085,529644,,1631,635,860,2251,3421,881,,630,5,3586,,,5,66,,,,242,1445,10630
970662610688,0,268,42934,2024-06-05T04:38:45.000Z,0,0,InitialAccess,T1078;T1078.004,TruePositive,,,CloudLogonSession,Related,98799,138268,360606,160396,441377,673934,425863,453297,153085,529644,,1631,635,860,2251,3421,881,,289573,117668,3586,,,5,66,,,,242,1445,10630
85899350639,38,187256,303106,2024-06-12T21:12:03.000Z,10,8,InitialAccess,T1566.001,BenignPositive,,,MailMessage,Related,98799,138268,360606,160396,441377,129737,425863,453297,153085,138867,,1631,635,860,2251,3421,881,,289573,117668,3586,,,5,66,,,,242,1445,10630
1245540515980,144,20839,266871,2024-06-13T20:06:55.000Z,3,4,SuspiciousActivity,,BenignPositive,,,Url,Related,98799,138268,360606,158,441377,673934,425863,453297,153085,529644,,1631,635,860,2251,3421,881,,289573,117668,3586,,,5,66,,Suspicious,Suspicious,242,1445,10630
1417339210481,89,14,62976,2024-06-14T15:29:43.000Z,47,30,InitialAccess,T1566.002,TruePositive,,,Mailbox,Impacted,98799,138268,360606,160396,30941,171746,30679,33640,153085,529644,,1631,635,860,2251,3421,881,,289573,117668,3586,,,5,66,,,Malicious,242,1445,10630
850403528107,2,934,67633,2024-06-06T17:23:24.000Z,10,8,InitialAccess,T1566.001,BenignPositive,,,File,Related,98799,12492,360606,160396,441377,673934,425863,453297,153085,529644,,1631,635,860,2251,3421,881,,141,117668,3586,,,5,66,,,,242,1445,10630
558345752963,78,58924,42610,2024-06-09T16:30:19.000Z,1,1,InitialAccess,T1566.002,BenignPositive,,,MailMessage,Related,98799,138268,360606,160396,441377,20156,425863,453297,153085,166158,,1631,635,860,2251,3421,881,,289573,117668,3586,,,5,66,Inbound,,NoThreatsFound,242,1445,10630
360777254628,0,560,75540,2024-06-02T23:10:52.000Z,4,3,InitialAccess,,TruePositive,,,Ip,Related,98799,138268,12613,160396,441377,673934,425863,453297,153085,529644,,1631,635,860,2251,3421,881,,289573,117668,3586,,,5,66,,,,5,1445,10630
695784704416,5,377,73791,2024-06-04T10:07:32.000Z,0,0,InitialAccess,T1078;T1078.004,TruePositive,,,CloudLogonSession,Related,98799,138268,360606,160396,441377,673934,425863,453297,153085,529644,,1631,635,860,2251,3421,881,,289573,117668,3586,,,5,66,,,,242,1445,10630
403726928797,50,76,1059943,2024-06-07T03:28:57.000Z,0,0,InitialAccess,T1078;T1078.004,TruePositive,,,CloudLogonRequest,Related,98799,138268,360606,160396,441377,673934,425863,453297,153085,529644,,1631,635,860,2251,3421,881,,289573,117668,3586,,,5,66,,,,242,1445,10630
1022202219354,511,155892,1462364,2024-06-05T15:21:51.000Z,528,574,SuspiciousActivity,,FalsePositive,,,Process,Related,98799,15,360606,160396,441377,673934,425863,453297,153085,529644,,1631,635,860,2251,3421,881,,4,0,3586,,,5,66,,,,242,1445,10630
609885360145,24,466276,1383389,2024-06-07T22:16:48.000Z,5,50,SuspiciousActivity,,BenignPositive,,,CloudApplication,Impacted,98799,138268,360606,160396,441377,673934,425863,453297,153085,529644,,1631,635,860,0,0,881,,289573,117668,3586,,,5,66,,,,242,1445,10630
292057777653,32,253232,55007,2024-06-04T01:09:06.000Z,3,4,SuspiciousActivity,,BenignPositive,,,Url,Related,98799,138268,360606,63,441377,673934,425863,453297,153085,529644,,1631,635,860,2251,3421,881,,289573,117668,3586,,,5,66,,,,242,1445,10630
1013612286455,135,48073,27756,2024-06-14T13:59:28.000Z,611,269,CredentialAccess,T1110,BenignPositive,,,Ip,Related,98799,138268,9216,160396,441377,673934,425863,453297,153085,529644,,1631,635,860,2251,3421,881,,289573,117668,3586,,,5,66,,,,242,1445,10630
1211180779161,7,2275,264,2024-05-24T01:19:36.000Z,21,683,Impact,,FalsePositive,,,Ip,Related,98799,138268,941,160396,441377,673934,425863,453297,153085,529644,,1631,635,860,2251,3421,881,,289573,117668,3586,,,5,66,,,,242,1445,10630
910533068091,2600,357122,1061377,2024-06-03T18:46:25.000Z,4,3,InitialAccess,,FalsePositive,,,CloudLogonRequest,Related,98799,138268,360606,160396,441377,673934,425863,453297,153085,529644,,1631,635,860,2251,3421,881,,289573,117668,3586,,,5,66,,,,242,1445,10630
472446405470,34,214777,771781,2024-06-15T01:57:35.000Z,2,2,CommandAndControl,,BenignPositive,,,Url,Related,98799,138268,360606,57,441377,673934,425863,453297,153085,529644,,1631,635,860,2251,3421,881,,289573,117668,3586,,,5,66,,Suspicious,Suspicious,242,1445,10630
1391569408795,4,2561,345,2024-05-29T19:34:46.000Z,8,7,InitialAccess,T1133,FalsePositive,,,Machine,Impacted,98799,138268,360606,160396,441377,673934,425863,453297,892,529644,,1631,635,860,2251,3421,881,,289573,117668,3586,,,5,66,,,,242,1445,10630
369367190743,62,483370,1392046,2024-06-10T07:32:31.000Z,5,39,SuspiciousActivity,,TruePositive,,,Ip,Related,98799,138268,61169,160396,441377,673934,425863,453297,153085,529644,,1631,635,860,2251,3421,881,,289573,117668,3586,,Contextual,5,66,,,,242,1445,10630
1477468753874,10,2290,44,2024-05-26T18:15:33.000Z,12,687,Impact,,TruePositive,,,Ip,Related,98799,138268,33226,160396,441377,673934,425863,453297,153085,529644,,1631,635,860,2251,3421,881,,289573,117668,3586,,,5,66,,,,242,1445,10630
644245096545,271,257,9672,2024-06-10T21:34:57.000Z,144,5223,Exfiltration,,FalsePositive,,,File,Impacted,98799,138268,360606,160396,441377,673934,425863,453297,153085,529644,,1631,635,860,2251,3421,881,,22273,5589,3586,,,5,66,,,,242,1445,10630
1537598294089,340,50294,566191,2024-06-07T00:46:32.000Z,5,2094,SuspiciousActivity,,BenignPositive,,,CloudApplication,Impacted,98799,138268,360606,160396,441377,673934,425863,453297,153085,529644,,1631,635,860,2,2,881,,289573,117668,3586,,,5,66,,,,242,1445,10630
1494648623663,2989,39363,1363007,2024-06-04T06:43:01.000Z,5,12066,SuspiciousActivity,,TruePositive,,,Ip,Related,98799,138268,12,160396,441377,673934,425863,453297,153085,529644,,1631,635,860,2251,3421,881,,289573,117668,3586,,Contextual,5,66,,,,242,1445,10630
841813592018,253,78967,463656,2024-06-10T09:12:03.000Z,589,755,CommandAndControl,T1071.001,TruePositive,,,Ip,Related,98799,138268,163897,160396,441377,673934,425863,453297,153085,529644,,1631,635,860,2251,3421,881,,289573,117668,3586,,,5,66,,,,242,1445,10630
1331439863540,70,90416,16686,2024-06-14T13:43:52.000Z,13,11,InitialAccess,T1566,BenignPositive,,,MailMessage,Related,98799,138268,360606,160396,441377,2258,425863,453297,153085,8754,,1631,635,860,2251,3421,881,,289573,117668,3586,,,5,66,Inbound,,NoThreatsFound,242,1445,10630
1005022347505,11,422714,851071,2024-06-12T18:29:49.000Z,0,0,InitialAccess,T1078;T1078.004,FalsePositive,,,Ip,Related,98799,138268,25405,160396,441377,673934,425863,453297,153085,529644,,1631,635,860,2251,3421,881,,289573,117668,3586,,,5,66,,,,0,18,107
240518170790,13,28181,357151,2024-06-13T12:36:18.000Z,86,585,Exfiltration,,BenignPositive,,,Machine,Impacted,98799,138268,360606,160396,441377,673934,425863,453297,586,529644,,1631,635,860,2251,3421,881,,289573,117668,3586,,,5,66,,,,242,1445,10630
188978561517,498,210419,1546279,2024-06-12T15:37:32.000Z,520,565,InitialAccess,T1078,FalsePositive,,,Ip,Related,98799,138268,160825,160396,441377,673934,425863,453297,153085,529644,,1631,635,860,2251,3421,881,,289573,117668,3586,,,5,66,,,,242,1445,10630
1692217116375,0,440,122905,2024-06-05T05:40:48.000Z,7,6,InitialAccess,,TruePositive,,,CloudLogonRequest,Related,98799,138268,360606,160396,441377,673934,425863,453297,153085,529644,,1631,635,860,2251,3421,881,,289573,117668,3586,,,5,66,,,,242,1445,10630
1065151889609,11,414521,868344,2024-06-07T10:46:50.000Z,0,0,InitialAccess,T1078;T1078.004,FalsePositive,,,CloudLogonSession,Related,98799,138268,360606,160396,441377,673934,425863,453297,153085,529644,,1631,635,860,2251,3421,881,,289573,117668,3586,,,5,66,,,,242,1445,10630
721554510137,53,340,2700,2024-06-04T04:39:13.000Z,116,94,InitialAccess,T1190;T1133,FalsePositive,,,Ip,Related,98799,138268,34211,160396,441377,673934,425863,453297,153085,529644,,1631,635,860,2251,3421,881,,289573,117668,3586,,,5,66,,,,242,1445,10630
369367187820,64,6299,5066,2024-06-11T02:30:57.000Z,159,65,Exfiltration,T1041,BenignPositive,,,File,Related,98799,138268,360606,160396,441377,673934,425863,453297,153085,529644,,1631,635,860,2251,3421,881,,55499,91188,3586,,,5,66,,,,242,1445,10630
300647714402,3,298488,748495,2024-06-04T12:39:10.000Z,2,2,CommandAndControl,,BenignPositive,,,Url,Related,98799,138268,360606,7316,441377,673934,425863,453297,153085,529644,,1631,635,860,2251,3421,881,,289573,117668,3586,,,5,66,,Suspicious,Suspicious,242,1445,10630
1340029798018,694,55195,59134,2024-06-09T01:07:00.000Z,1,1,InitialAccess,T1566.002,FalsePositive,,,Url,Related,98799,138268,360606,926,441377,673934,425863,453297,153085,529644,,1631,635,860,2251,3421,881,,289573,117668,3586,,,5,66,,,Malicious,242,1445,10630
223338300874,32,3332,88365,2024-06-06T19:49:17.000Z,3,4,SuspiciousActivity,,BenignPositive,,,Ip,Related,98799,138268,42094,160396,441377,673934,425863,453297,153085,529644,,1631,635,860,2251,3421,881,,289573,117668,3586,,,5,66,,Suspicious,Suspicious,242,1445,10630
1374389536429,296,11276,216356,2024-06-04T10:00:27.000Z,200,176,SuspiciousActivity,,BenignPositive,,,User,Impacted,98799,138268,360606,160396,34940,59305,34598,38590,153085,529644,,1631,635,860,2251,3421,881,,289573,117668,3586,,,5,66,,,,242,1445,10630
1374389535421,22,146,124048,2024-06-08T02:49:41.000Z,0,0,InitialAccess,T1078;T1078.004,TruePositive,,,Ip,Related,98799,138268,158,160396,441377,673934,425863,453297,153085,529644,,1631,635,860,2251,3421,881,,289573,117668,3586,,,5,66,,,,3,39,45
910533068436,1,217,402881,2024-06-06T21:24:35.000Z,4,3,InitialAccess,,TruePositive,,,CloudLogonRequest,Related,98799,138268,360606,160396,441377,673934,425863,453297,153085,529644,,1631,635,860,2251,3421,881,,289573,117668,3586,,,5,66,,,,242,1445,10630
1082331759699,47,9343,3573,2024-06-07T11:01:09.000Z,57,29,CommandAndControl,T1046;T1071;T1210,FalsePositive,,,Url,Related,98799,138268,360606,1742,441377,673934,425863,453297,153085,529644,,1631,635,860,2251,3421,881,,289573,117668,3586,,,5,66,,,,242,1445,10630
25769806342,1509,25230,427644,2024-06-04T20:32:02.000Z,43,28,Malware,T1027;T1204.002,FalsePositive,,,Process,Related,98799,239,360606,160396,441377,673934,425863,453297,153085,529644,,1631,635,860,2251,3421,881,,22,3,3586,,,5,66,,Suspicious,Suspicious,242,1445,10630
601295421606,11,403182,865503,2024-06-04T05:47:39.000Z,0,0,InitialAccess,T1078;T1078.004,TruePositive,,,CloudLogonRequest,Related,98799,138268,360606,160396,441377,673934,425863,453297,153085,529644,,1631,635,860,2251,3421,881,,289573,117668,3586,,,5,66,,,,242,1445,10630
1468878816922,70,35754,20182,2024-06-12T23:26:43.000Z,13,11,InitialAccess,T1566,BenignPositive,,,User,Impacted,98799,138268,360606,160396,133123,140656,129925,124841,153085,529644,,1631,635,860,2251,3421,881,,289573,117668,3586,,,5,66,,,,242,1445,10630
180388631256,4,287,400,2024-05-29T16:34:32.000Z,8,7,InitialAccess,T1133,FalsePositive,,,Machine,Impacted,98799,138268,360606,160396,441377,673934,425863,453297,728,529644,,1631,635,860,2251,3421,881,,289573,117668,3586,,,5,66,,,,242,1445,10630
25769806671,75,37,376817,2024-06-04T20:20:43.000Z,0,0,InitialAccess,T1078;T1078.004,TruePositive,,,Ip,Related,98799,138268,75,160396,441377,673934,425863,453297,153085,529644,,1631,635,860,2251,3421,881,,289573,117668,3586,,,5,66,,,,13,24,25
1649267442077,640,134119,270277,2024-06-11T18:14:55.000Z,2,2,CommandAndControl,,TruePositive,,,Url,Related,98799,138268,360606,15473,441377,673934,425863,453297,153085,529644,,1631,635,860,2251,3421,881,,289573,117668,3586,,,5,66,,Suspicious,Suspicious,242,1445,10630
730144441860,237,133476,344182,2024-06-10T19:05:07.000Z,9,182,Execution,,TruePositive,,,CloudApplication,Impacted,98799,138268,360606,160396,441377,673934,425863,453297,153085,529644,,1631,635,860,6,6,881,,289573,117668,3586,,,5,66,,,,242,1445,10630
283467842400,524,62058,1652397,2024-06-09T22:38:13.000Z,1378,3097,Discovery,,BenignPositive,,,Process,Related,98799,138268,360606,160396,441377,673934,425863,453297,153085,529644,,1631,635,860,2251,3421,881,,289573,117668,3586,,,5,66,,,,242,1445,10630
1391569407568,3,265570,190323,2024-06-03T12:32:58.000Z,3,133,SuspiciousActivity,,BenignPositive,,,Url,Related,98799,138268,360606,32,441377,673934,425863,453297,153085,529644,,1631,635,860,2251,3421,881,,289573,117668,3586,,,5,66,,,,242,1445,10630
1563368097504,0,82,401361,2024-06-06T12:21:37.000Z,0,0,InitialAccess,T1078;T1078.004,TruePositive,,,CloudLogonRequest,Related,98799,138268,360606,160396,441377,673934,425863,453297,153085,529644,,1631,635,860,2251,3421,881,,289573,117668,3586,,,5,66,,,,242,1445,10630
266287974762,5,137,388921,2024-06-09T17:32:54.000Z,0,0,InitialAccess,T1078;T1078.004,TruePositive,,,CloudLogonRequest,Related,98799,138268,360606,160396,441377,673934,425863,453297,153085,529644,,1631,635,860,2251,3421,881,,289573,117668,3586,,,5,66,,,,242,1445,10630
738734374990,67,56976,15019,2024-06-13T00:48:36.000Z,1,1,InitialAccess,T1566.002,BenignPositive,,,Url,Related,98799,138268,360606,82457,441377,673934,425863,453297,153085,529644,,1631,635,860,2251,3421,881,,289573,117668,3586,,,5,66,,,NoThreatsFound,242,1445,10630
154618825580,219,286104,1609711,2024-06-05T16:24:36.000Z,755,52705,Exfiltration,,BenignPositive,,,MailMessage,Impacted,98799,138268,360606,160396,441377,11251,425863,453297,153085,366361,,1631,635,860,2251,3421,881,,289573,117668,3586,,,5,66,,,,242,1445,10630
515396078959,2,8291,5730,2024-06-13T09:33:44.000Z,15,13,Exfiltration,,BenignPositive,,,MailMessage,Impacted,98799,138268,360606,160396,441377,10,425863,453297,153085,7131,,1631,635,860,2251,3421,881,,289573,117668,3586,,,5,66,,,,242,1445,10630
343597387111,62,484259,1397334,2024-06-11T02:35:34.000Z,5,39,SuspiciousActivity,,TruePositive,,,User,Impacted,98799,138268,360606,160396,117,165,109,135,153085,529644,,1631,635,860,2251,3421,881,,289573,117668,3586,,,5,66,,,,242,1445,10630
498216211601,104,4883,1780,2024-06-03T17:01:55.000Z,11,9,InitialAccess,T1566,FalsePositive,,,User,Impacted,98799,138268,360606,160396,90455,99088,100818,94557,153085,529644,,1631,635,860,2251,3421,881,,289573,117668,3586,,,5,66,,,,242,1445,10630
541165880948,7,158,952,2024-05-24T07:56:59.000Z,21,249,Impact,,FalsePositive,,,Ip,Related,98799,138268,288,160396,441377,673934,425863,453297,153085,529644,,1631,635,860,2251,3421,881,,289573,117668,3586,,,5,66,,,,242,1445,10630
171798696504,135,149206,670835,2024-05-22T14:42:59.000Z,1874,117,Impact,,TruePositive,,,Machine,Impacted,98799,138268,360606,160396,441377,673934,425863,453297,72,529644,,1631,635,860,2251,3421,881,,289573,117668,3586,,,5,66,,,,242,1445,10630
1589137903875,323,4787,28631,2024-06-13T00:50:09.000Z,228,208,Exfiltration,,BenignPositive,,,File,Impacted,98799,138268,360606,160396,441377,673934,425863,453297,153085,529644,,1631,635,860,2251,3421,881,,16431,16596,3586,,,5,66,,,,242,1445,10630
901943133763,41,113282,91880,2024-06-05T16:33:59.000Z,32,11664,Exfiltration,,TruePositive,,,MailMessage,Impacted,98799,138268,360606,160396,441377,405315,425863,453297,153085,506091,,1631,635,860,2251,3421,881,,289573,117668,3586,,,5,66,,,,242,1445,10630
807453854625,73,32732,20766,2024-06-04T15:27:56.000Z,80,4969,Exfiltration,,FalsePositive,,,MailMessage,Impacted,98799,138268,360606,160396,441377,222514,425863,453297,153085,1443,,1631,635,860,2251,3421,881,,289573,117668,3586,,,5,66,,,,242,1445,10630
584115556333,57,3487,144357,2024-06-06T14:23:48.000Z,46,5271,Exfiltration,,BenignPositive,,,Ip,Related,98799,138268,974,160396,441377,673934,425863,453297,153085,529644,,1631,635,860,2251,3421,881,,289573,117668,3586,,,5,66,,,,242,1445,10630
1666447315652,4,1681,292,2024-05-22T15:44:09.000Z,8,7,InitialAccess,T1133,FalsePositive,,,Machine,Impacted,98799,138268,360606,160396,441377,673934,425863,453297,547,529644,,1631,635,860,2251,3421,881,,289573,117668,3586,,,5,66,,,,242,1445,10630
730144442143,0,227,502121,2024-06-10T09:09:22.000Z,0,0,InitialAccess,T1078;T1078.004,TruePositive,,,CloudLogonRequest,Related,98799,138268,360606,160396,441377,673934,425863,453297,153085,529644,,1631,635,860,2251,3421,881,,289573,117668,3586,,,5,66,,,,242,1445,10630
704374638309,0,94,314037,2024-06-08T07:58:36.000Z,0,0,InitialAccess,T1078;T1078.004,TruePositive,,,CloudLogonRequest,Related,98799,138268,360606,160396,441377,673934,425863,453297,153085,529644,,1631,635,860,2251,3421,881,,289573,117668,3586,,,5,66,,,,242,1445,10630
936302873457,678,23324,65805,2024-06-11T18:47:30.000Z,6,5,InitialAccess,T1566,FalsePositive,,,File,Related,98799,9171,360606,160396,441377,673934,425863,453297,153085,529644,,1631,635,860,2251,3421,881,,4940,117668,3586,,,5,66,,,,242,1445,10630
1614907705259,131,339,59863,2024-06-13T07:11:51.000Z,6,5,InitialAccess,T1566,BenignPositive,,,MailCluster,Related,98799,138268,360606,160396,441377,673934,425863,453297,153085,529644,4023349548.0,1631,635,860,2251,3421,881,,289573,117668,3586,,,5,66,,,,242,1445,10630
472446403201,17,309353,794162,2024-06-03T11:46:00.000Z,20,4712,Exfiltration,,FalsePositive,,,Mailbox,Related,98799,138268,360606,160396,441377,2,425863,453297,153085,529644,,1631,635,860,2251,3421,881,,289573,117668,3586,,,5,66,,,,242,1445,10630
146028890570,5,223532,404856,2024-06-03T12:02:18.000Z,4,3,InitialAccess,,TruePositive,,,CloudLogonRequest,Related,98799,138268,360606,160396,441377,673934,425863,453297,153085,529644,,1631,635,860,2251,3421,881,,289573,117668,3586,,,5,66,,,,242,1445,10630
944892809614,78,16113,14177,2024-06-13T14:33:56.000Z,10,8,InitialAccess,T1566.001,BenignPositive,,,MailMessage,Related,98799,138268,360606,160396,441377,94069,425863,453297,153085,7935,,1631,635,860,2251,3421,881,,289573,117668,3586,,,5,66,,,,242,1445,10630
1030792152886,0,203,530599,2024-06-03T18:42:15.000Z,0,0,InitialAccess,T1078;T1078.004,TruePositive,,,CloudLogonRequest,Related,98799,138268,360606,160396,441377,673934,425863,453297,153085,529644,,1631,635,860,2251,3421,881,,289573,117668,3586,,,5,66,,,,242,1445,10630
472446405915,85,318545,290651,2024-06-12T10:44:28.000Z,69,42421,Exfiltration,,BenignPositive,,,File,Impacted,98799,61346,360606,160396,441377,673934,425863,453297,153085,529644,,1631,635,860,2251,3421,881,,85323,12017,3586,,,5,66,,,,242,1445,10630
910533068553,0,409,308210,2024-06-04T07:49:34.000Z,0,0,InitialAccess,T1078;T1078.004,TruePositive,,,CloudLogonRequest,Related,98799,138268,360606,160396,441377,673934,425863,453297,153085,529644,,1631,635,860,2251,3421,881,,289573,117668,3586,,,5,66,,,,242,1445,10630
704374638305,0,4228,170890,2024-06-04T22:06:26.000Z,0,0,InitialAccess,T1078;T1078.004,TruePositive,,,User,Impacted,98799,138268,360606,160396,16066,26723,16418,17400,153085,529644,,1631,635,860,2251,3421,881,,289573,117668,3586,,,5,66,,,,242,1445,10630
206158431788,21,465,263324,2024-06-09T04:04:46.000Z,3,4,SuspiciousActivity,,BenignPositive,,,User,Impacted,98799,138268,360606,160396,53813,87111,55946,54957,153085,529644,,1631,635,860,2251,3421,881,,289573,117668,3586,,,5,66,,Suspicious,Suspicious,242,1445,10630
463856468097,144,24259,687918,2024-06-04T21:17:08.000Z,2,2,CommandAndControl,,BenignPositive,,,Url,Related,98799,138268,360606,1778,441377,673934,425863,453297,153085,529644,,1631,635,860,2251,3421,881,,289573,117668,3586,,,5,66,,Suspicious,Suspicious,242,1445,10630
1125281433890,102,356,26361,2024-06-03T03:10:44.000Z,108,11729,Exfiltration,,BenignPositive,,,File,Impacted,98799,74024,360606,160396,441377,673934,425863,453297,153085,529644,,1631,635,860,2251,3421,881,,84452,756,3586,,,5,66,,,,242,1445,10630
687194772270,226,162,1172049,2024-06-10T23:52:13.000Z,0,0,InitialAccess,T1078;T1078.004,TruePositive,,,User,Impacted,98799,138268,360606,160396,4300,5884,4307,4565,153085,529644,,1631,635,860,2251,3421,881,,289573,117668,3586,,,5,66,,,,242,1445,10630
1176821041885,8,24709,260947,2024-06-05T21:32:16.000Z,3,4,SuspiciousActivity,,TruePositive,,,User,Impacted,98799,138268,360606,160396,16,28,14,17,153085,529644,,1631,635,860,2251,3421,881,,289573,117668,3586,,,5,66,,Suspicious,Suspicious,242,1445,10630
1460288881528,18,199366,294167,2024-06-03T05:47:36.000Z,1849,42978,Exfiltration,,TruePositive,,,MailMessage,Impacted,98799,138268,360606,160396,441377,582749,425863,453297,153085,30175,,1631,635,860,2251,3421,881,,289573,117668,3586,,,5,66,,,,242,1445,10630
773094113792,229,119713,227317,2024-06-16T14:41:35.000Z,295,290,SuspiciousActivity,,BenignPositive,,,Ip,Related,98799,138268,3689,160396,441377,673934,425863,453297,153085,529644,,1631,635,860,2251,3421,881,,289573,117668,3586,,,5,66,,,,242,1445,10630
163208758771,176,2845,1091298,2024-06-06T09:32:57.000Z,44,2125,SuspiciousActivity,,TruePositive,,,File,Related,98799,18,360606,160396,441377,673934,425863,453297,153085,529644,,1631,635,860,2251,3421,881,,2542,2135,3586,,,5,66,,Suspicious,Suspicious,242,1445,10630
798863920170,55,559787,1581743,2024-06-12T20:50:19.000Z,141,334,Malware,,TruePositive,,,Machine,Impacted,75255,138268,360606,160396,441377,673934,425863,453297,122302,529644,,1631,635,860,2251,3421,881,,289573,117668,3586,,,0,0,,Suspicious,Suspicious,242,1445,10630
609885356628,42,2,1581589,2024-06-04T10:07:22.000Z,135,2771,Malware,,BenignPositive,,,Machine,Impacted,10,138268,360606,160396,441377,673934,425863,453297,10,529644,,1631,635,860,2251,3421,881,,289573,117668,3586,,,0,0,,Suspicious,Suspicious,242,1445,10630
34359743094,9,231,1121192,2024-06-03T16:04:26.000Z,90,32507,Exfiltration,,BenignPositive,,,Machine,Impacted,98799,138268,360606,160396,441377,673934,425863,453297,1398,529644,,1631,635,860,2251,3421,881,,289573,117668,3586,,,5,66,,,,242,1445,10630
1142461300738,25,106,62552,2024-06-12T11:02:13.000Z,30,20748,Exfiltration,,BenignPositive,,,MailMessage,Impacted,98799,138268,360606,160396,441377,21802,425863,453297,153085,12428,,1631,635,860,2251,3421,881,,289573,117668,3586,,,5,66,,,,242,1445,10630
266287974762,5,137,325177,2024-06-09T16:06:26.000Z,0,0,InitialAccess,T1078;T1078.004,TruePositive,,,Ip,Related,98799,138268,13,160396,441377,673934,425863,453297,153085,529644,,1631,635,860,2251,3421,881,,289573,117668,3586,,,5,66,,,,6,23,26
1357209665728,11,414632,1046859,2024-06-07T21:06:06.000Z,0,0,InitialAccess,T1078;T1078.004,FalsePositive,,,CloudLogonRequest,Related,98799,138268,360606,160396,441377,673934,425863,453297,153085,529644,,1631,635,860,2251,3421,881,,289573,117668,3586,,,5,66,,,,242,1445,10630
257698039604,0,129,329113,2024-06-07T02:00:59.000Z,14,12,CredentialAccess,T1110;T1110.003;T1110.001,TruePositive,,,Ip,Related,98799,138268,14,160396,441377,673934,425863,453297,153085,529644,,1631,635,860,2251,3421,881,,289573,117668,3586,,,5,66,,,,14,32,30
395136994424,254,12679,113466,2024-06-04T06:27:26.000Z,208,195,Exfiltration,,BenignPositive,,,Ip,Related,98799,138268,78,160396,441377,673934,425863,453297,153085,529644,,1631,635,860,2251,3421,881,,289573,117668,3586,,,5,66,,,,242,1445,10630
1262720389274,746,3603,29032,2024-06-03T08:17:06.000Z,1,1,InitialAccess,T1566.002,TruePositive,,,Url,Related,98799,138268,360606,8169,441377,673934,425863,453297,153085,529644,,1631,635,860,2251,3421,881,,289573,117668,3586,,,5,66,,,Malicious,242,1445,10630
309237647398,19,4918,2025,2024-06-02T11:00:19.000Z,23,16,CommandAndControl,,TruePositive,,,Url,Related,98799,138268,360606,2728,441377,673934,425863,453297,153085,529644,,1631,635,860,2251,3421,881,,289573,117668,3586,,,5,66,,,,242,1445,10630
1065151890876,237,133445,562905,2024-06-06T05:16:03.000Z,9,182,Execution,,FalsePositive,,,File,Related,98799,50493,360606,160396,441377,673934,425863,453297,153085,529644,,1631,635,860,2251,3421,881,,113393,117668,3586,,,5,66,,,,242,1445,10630
635655162268,5,60,178836,2024-06-05T10:43:16.000Z,0,0,InitialAccess,T1078;T1078.004,TruePositive,,,CloudLogonRequest,Related,98799,138268,360606,160396,441377,673934,425863,453297,153085,529644,,1631,635,860,2251,3421,881,,289573,117668,3586,,,5,66,,,,242,1445,10630
403726928569,424,580,1088975,2024-06-06T22:03:52.000Z,107,2141,DefenseEvasion,,FalsePositive,,,File,Related,98799,1199,360606,160396,441377,673934,425863,453297,153085,529644,,1631,635,860,2251,3421,881,Softcnapp,2238,5106,3586,,,5,66,,Suspicious,Suspicious,242,1445,10630
523986011979,989,121515,572364,2024-06-09T03:36:18.000Z,9,1834,Execution,,BenignPositive,,,User,Impacted,98799,138268,360606,160396,59434,100006,59682,63816,153085,529644,,1631,635,860,2251,3421,881,,289573,117668,3586,,,5,66,,,,242,1445,10630
970662610688,0,268,42924,2024-06-05T08:17:01.000Z,0,0,InitialAccess,T1078;T1078.004,TruePositive,,,CloudLogonRequest,Related,98799,138268,360606,160396,441377,673934,425863,453297,153085,529644,,1631,635,860,2251,3421,881,,289573,117668,3586,,,5,66,,,,242,1445,10630
1675037249126,3,299052,697326,2024-06-04T12:06:37.000Z,2,2,CommandAndControl,,BenignPositive,,,Machine,Impacted,1368,138268,360606,160396,441377,673934,425863,453297,3106,529644,,1631,635,860,2251,3421,881,,289573,117668,3586,,,0,0,,Suspicious,Suspicious,242,1445,10630
300647712516,521,6117,427869,2024-06-13T02:13:43.000Z,176,144,SuspiciousActivity,,TruePositive,,,File,Related,98799,138268,360606,160396,441377,673934,425863,453297,153085,529644,,1631,635,860,2251,3421,881,,1508,3529,3586,,,5,66,,,,242,1445,10630
1194000912881,780,46212,31891,2024-06-08T13:08:40.000Z,1,1,InitialAccess,T1566.002,TruePositive,,,Mailbox,Impacted,98799,138268,360606,160396,4724,2981,4712,4995,153085,529644,,1631,635,860,2251,3421,881,,289573,117668,3586,,,5,66,,,NoThreatsFound,242,1445,10630
94489283105,28,10189,95160,2024-06-04T20:24:32.000Z,1,1,InitialAccess,T1566.002,TruePositive,,,Url,Related,98799,138268,360606,29498,441377,673934,425863,453297,153085,529644,,1631,635,860,2251,3421,881,,289573,117668,3586,,,5,66,,,Malicious,242,1445,10630
1649267445496,12,1994,1559,2024-05-25T02:34:15.000Z,16,69,Impact,,BenignPositive,,,Ip,Related,98799,138268,1423,160396,441377,673934,425863,453297,153085,529644,,1631,635,860,2251,3421,881,,289573,117668,3586,,,5,66,,,,242,1445,10630
1185410975060,44,14451,20070,2024-06-07T08:50:31.000Z,50,36,Exfiltration,,BenignPositive,,,File,Impacted,98799,138268,360606,160396,441377,673934,425863,453297,153085,529644,,1631,635,860,2251,3421,881,,20968,0,3586,,,5,66,,,,242,1445,10630
1589137904605,184,24348,7872,2024-06-14T18:38:22.000Z,28,19,InitialAccess,T1566,FalsePositive,,,MailMessage,Related,98799,138268,360606,160396,441377,54953,425863,453297,153085,36245,,1631,635,860,2251,3421,881,,289573,117668,3586,,,5,66,Inbound,,NoThreatsFound,242,1445,10630
670014899496,161,8253,5713,2024-06-04T17:13:49.000Z,11,9,InitialAccess,T1566,BenignPositive,,,Mailbox,Impacted,98799,138268,360606,160396,260632,272276,236962,245613,153085,529644,,1631,635,860,2251,3421,881,,289573,117668,3586,,,5,66,,,,242,1445,10630
1400159342557,10,2274,262,2024-05-31T15:19:28.000Z,12,705,Impact,,TruePositive,,,Ip,Related,98799,138268,328,160396,441377,673934,425863,453297,153085,529644,,1631,635,860,2251,3421,881,,289573,117668,3586,,,5,66,,,,242,1445,10630
515396078097,2103,4731,16957,2024-06-05T04:13:43.000Z,27,18,Discovery,T1087;T1087.002,TruePositive,,,User,Impacted,98799,138268,360606,160396,380712,630552,380421,203541,153085,529644,,1631,635,860,2251,3421,881,,289573,117668,3586,,Suspicious,5,66,,,,242,1445,10630
446676600540,26,23910,1583271,2024-06-05T12:43:27.000Z,31,606,Malware,,BenignPositive,,,File,Related,98799,4790,360606,160396,441377,673934,425863,453297,153085,529644,,1631,635,860,2251,3421,881,Leonem,4127,9,3586,,,5,66,,Suspicious,Malicious,242,1445,10630
601295423125,1,304,105801,2024-06-05T15:13:40.000Z,0,0,InitialAccess,T1078;T1078.004,TruePositive,,,CloudLogonSession,Related,98799,138268,360606,160396,441377,673934,425863,453297,153085,529644,,1631,635,860,2251,3421,881,,289573,117668,3586,,,5,66,,,,242,1445,10630
335007451306,102,2692,76572,2024-06-08T09:24:52.000Z,2,2,CommandAndControl,,BenignPositive,,,Process,Related,98799,60,360606,160396,441377,673934,425863,453297,153085,529644,,1631,635,860,2251,3421,881,,12,12,3586,,,5,66,,Suspicious,Suspicious,242,1445,10630
1675037248166,95,81000,1018145,2024-06-13T09:27:06.000Z,0,0,InitialAccess,T1078;T1078.004,FalsePositive,,,CloudLogonSession,Related,98799,138268,360606,160396,441377,673934,425863,453297,153085,529644,,1631,635,860,2251,3421,881,,289573,117668,3586,,,5,66,,,,242,1445,10630
566935685399,236,58856,426958,2024-06-11T19:37:42.000Z,31,206,Malware,,BenignPositive,,,File,Related,98799,8024,360606,160396,441377,673934,425863,453297,153085,529644,,1631,635,860,2251,3421,881,Phish,9142,39745,3586,,,5,66,,Suspicious,Malicious,242,1445,10630
335007453299,30,20410,5994,2024-06-05T07:05:26.000Z,37,374,Exfiltration,,BenignPositive,,,MailMessage,Impacted,98799,138268,360606,160396,441377,110909,425863,453297,153085,25565,,1631,635,860,2251,3421,881,,289573,117668,3586,,,5,66,,,,242,1445,10630
1623497642232,30,226057,439458,2024-06-07T12:01:11.000Z,37,46672,Exfiltration,,FalsePositive,,,MailMessage,Impacted,98799,138268,360606,160396,441377,309,425863,453297,153085,172127,,1631,635,860,2251,3421,881,,289573,117668,3586,,,5,66,,,,242,1445,10630
858993460943,0,177,379610,2024-06-04T13:16:12.000Z,4,3,InitialAccess,,TruePositive,,,Ip,Related,98799,138268,6547,160396,441377,673934,425863,453297,153085,529644,,1631,635,860,2251,3421,881,,289573,117668,3586,,,5,66,,,,5,1445,10630
17179871327,49,68858,779917,2024-06-16T21:44:11.000Z,2,2,CommandAndControl,,TruePositive,,,Machine,Impacted,2381,138268,360606,160396,441377,673934,425863,453297,4697,529644,,1631,635,860,2251,3421,881,,289573,117668,3586,,,0,0,,Suspicious,Suspicious,242,1445,10630
403726928797,50,76,980590,2024-06-08T13:54:23.000Z,0,0,InitialAccess,T1078;T1078.004,TruePositive,,,CloudLogonRequest,Related,98799,138268,360606,160396,441377,673934,425863,453297,153085,529644,,1631,635,860,2251,3421,881,,289573,117668,3586,,,5,66,,,,242,1445,10630
609885360245,1371,18164,31904,2024-06-10T18:13:22.000Z,1,1,InitialAccess,T1566.002,FalsePositive,,,User,Impacted,98799,138268,360606,160396,9912,7114,10023,10744,153085,529644,,1631,635,860,2251,3421,881,,289573,117668,3586,,,5,66,,,,242,1445,10630
352187322081,1430,263153,1548742,2024-06-15T03:31:16.000Z,0,0,InitialAccess,T1078;T1078.004,,ContainAccount,forcepasswordresetremediation,User,Impacted,98799,138268,360606,160396,43561,79077,43831,49495,153085,529644,,1631,635,860,2251,3421,881,,289573,117668,3586,,,5,66,,,,242,1445,10630
1546188230256,405,120282,1509712,2024-06-05T13:47:53.000Z,11,9,InitialAccess,T1566,BenignPositive,,,User,Impacted,98799,138268,360606,160396,211077,331992,269693,68073,153085,529644,,1631,635,860,2251,3421,881,,289573,117668,3586,,,5,66,,,,242,1445,10630
137438953590,1568,18844,23383,2024-06-03T03:17:03.000Z,1,1,InitialAccess,T1566.002,TruePositive,,,Mailbox,Impacted,98799,138268,360606,160396,47777,40124,44912,49767,153085,529644,,1631,635,860,2251,3421,881,,289573,117668,3586,,,5,66,,,,242,1445,10630
455266536965,297,18562,65483,2024-06-11T12:13:35.000Z,1,1,InitialAccess,T1566.002,BenignPositive,,,File,Related,98799,10410,360606,160396,441377,673934,425863,453297,153085,529644,,1631,635,860,2251,3421,881,,14052,117668,3586,,,5,66,,,,242,1445,10630
386547058543,0,143,1281526,2024-06-09T06:20:12.000Z,7,6,InitialAccess,,TruePositive,,,User,Impacted,98799,138268,360606,160396,2763,3668,2778,2909,153085,529644,,1631,635,860,2251,3421,881,,289573,117668,3586,,,5,66,,,,242,1445,10630
996432414854,13,16405,5293,2024-06-12T15:48:56.000Z,34,1744,Exfiltration,,BenignPositive,,,File,Impacted,98799,711,360606,160396,441377,673934,425863,453297,153085,529644,,1631,635,860,2251,3421,881,,786,7,3586,,,5,66,,,,242,1445,10630
1168231107625,55,91928,67506,2024-06-11T13:14:32.000Z,1,1,InitialAccess,T1566.002,TruePositive,,,Url,Related,98799,138268,360606,1441,441377,673934,425863,453297,153085,529644,,1631,635,860,2251,3421,881,,289573,117668,3586,,,5,66,,,Malicious,242,1445,10630
609885356628,42,2,87176,2024-06-05T13:19:48.000Z,43,28,Malware,T1027;T1204.002,BenignPositive,,,Process,Related,98799,67,360606,160396,441377,673934,425863,453297,153085,529644,,1631,635,860,2251,3421,881,,5,3,3586,,,5,66,,Suspicious,Suspicious,242,1445,10630
1529008361456,10,178,47,2024-05-25T10:10:09.000Z,12,41,Impact,,TruePositive,,,Ip,Related,98799,138268,2737,160396,441377,673934,425863,453297,153085,529644,,1631,635,860,2251,3421,881,,289573,117668,3586,,,5,66,,,,242,1445,10630
188978563521,5,29,1038838,2024-06-06T13:12:26.000Z,0,0,InitialAccess,T1078;T1078.004,TruePositive,,,User,Impacted,98799,138268,360606,160396,105,154,99,124,153085,529644,,1631,635,860,2251,3421,881,,289573,117668,3586,,,5,66,,,,242,1445,10630
936302873070,28,372,800580,2024-06-05T23:36:12.000Z,175,143,Malware,,TruePositive,,,Ip,Related,98799,138268,6725,160396,441377,673934,425863,453297,153085,529644,,1631,635,860,2251,3421,881,,289573,117668,3586,,,5,66,,,,242,1445,10630
1348619733773,29,263,631,2024-06-08T17:43:45.000Z,54,33,Persistence,T1078;T1098,BenignPositive,,,Ip,Related,98799,138268,22439,160396,441377,673934,425863,453297,153085,529644,,1631,635,860,2251,3421,881,,289573,117668,3586,,,5,66,,,,242,1445,10630
979252545543,608,20057,660279,2024-06-03T13:34:31.000Z,13,11,InitialAccess,T1566,TruePositive,,,MailMessage,Related,98799,138268,360606,160396,441377,163337,425863,453297,153085,210665,,1631,635,860,2251,3421,881,,289573,117668,3586,,,5,66,,,,242,1445,10630
747324313669,57,134118,475715,2024-06-14T18:49:54.000Z,46,56243,Exfiltration,,BenignPositive,,,File,Impacted,98799,12131,360606,160396,441377,673934,425863,453297,153085,529644,,1631,635,860,2251,3421,881,,14023,1287,3586,,,5,66,,,,242,1445,10630
85899350389,2686,26116,712417,2024-06-08T16:06:02.000Z,2,2,CommandAndControl,,BenignPositive,,,Process,Related,98799,26505,360606,160396,441377,673934,425863,453297,153085,529644,,1631,635,860,2251,3421,881,,1,1,3586,,,5,66,,Suspicious,Suspicious,242,1445,10630
274877907645,233,132469,90841,2024-06-07T03:10:42.000Z,254,982,Exfiltration,,TruePositive,,,Machine,Impacted,98799,138268,360606,160396,441377,673934,425863,453297,2075,529644,,1631,635,860,2251,3421,881,,289573,117668,3586,,,5,66,,,,242,1445,10630
738734379350,53,1704,1131,2024-06-03T04:43:12.000Z,177,141,InitialAccess,T1190,FalsePositive,,,Ip,Related,98799,138268,281432,160396,441377,673934,425863,453297,153085,529644,,1631,635,860,2251,3421,881,,289573,117668,3586,,,5,66,,,,242,1445,10630
1142461302554,0,97,399921,2024-06-10T01:00:48.000Z,0,0,InitialAccess,T1078;T1078.004,TruePositive,,,User,Impacted,98799,138268,360606,160396,7929,11748,7960,8525,153085,529644,,1631,635,860,2251,3421,881,,289573,117668,3586,,,5,66,,,,242,1445,10630
962072678452,10,152,219,2024-05-26T06:11:27.000Z,12,70,Impact,,TruePositive,,,Ip,Related,98799,138268,379,160396,441377,673934,425863,453297,153085,529644,,1631,635,860,2251,3421,881,,289573,117668,3586,,,5,66,,,,242,1445,10630
1159641174300,30,7023,5170,2024-06-06T10:57:13.000Z,37,374,Exfiltration,,BenignPositive,,,MailMessage,Impacted,98799,138268,360606,160396,441377,212076,425863,453297,153085,103598,,1631,635,860,2251,3421,881,,289573,117668,3586,,,5,66,,,,242,1445,10630
1108101563663,358,121985,640302,2024-06-13T12:38:37.000Z,303,301,LateralMovement,,FalsePositive,,,File,Related,98799,101340,360606,160396,441377,673934,425863,453297,153085,529644,,1631,635,860,2251,3421,881,,178450,54152,3586,,,5,66,,,,242,1445,10630
979252545439,122,864,127656,2024-06-11T09:54:36.000Z,2,2,CommandAndControl,,FalsePositive,,,Url,Related,98799,138268,360606,117,441377,673934,425863,453297,153085,529644,,1631,635,860,2251,3421,881,,289573,117668,3586,,,5,66,,Suspicious,Suspicious,242,1445,10630
1554778161346,11,413132,820817,2024-06-07T08:01:34.000Z,0,0,InitialAccess,T1078;T1078.004,FalsePositive,,,CloudLogonSession,Related,98799,138268,360606,160396,441377,673934,425863,453297,153085,529644,,1631,635,860,2251,3421,881,,289573,117668,3586,,,5,66,,,,242,1445,10630
996432417381,366,53499,660604,2024-06-14T11:00:22.000Z,11,9,InitialAccess,T1566,TruePositive,,,User,Impacted,98799,138268,360606,160396,8500,24327,8527,9018,153085,529644,,1631,635,860,2251,3421,881,,289573,117668,3586,,,5,66,,,,242,1445,10630
635655161844,31,17,438875,2024-06-04T21:03:33.000Z,45,28499,Exfiltration,,BenignPositive,,,Machine,Impacted,98799,138268,360606,160396,441377,673934,425863,453297,912,529644,,1631,635,860,2251,3421,881,,289573,117668,3586,,,5,66,,,,242,1445,10630
1468878819476,86,841,189790,2024-06-09T04:20:20.000Z,2,2,CommandAndControl,,BenignPositive,,,Url,Related,98799,138268,360606,45,441377,673934,425863,453297,153085,529644,,1631,635,860,2251,3421,881,,289573,117668,3586,,,5,66,,Suspicious,Suspicious,242,1445,10630
1219770713815,0,117,107091,2024-06-08T20:14:54.000Z,4,3,InitialAccess,,TruePositive,,,Ip,Related,98799,138268,6286,160396,441377,673934,425863,453297,153085,529644,,1631,635,860,2251,3421,881,,289573,117668,3586,,,5,66,,,,5,1445,10630
532575946735,31,8786,8158,2024-06-06T11:44:53.000Z,45,286,Exfiltration,,BenignPositive,,,File,Impacted,98799,2332,360606,160396,441377,673934,425863,453297,153085,529644,,1631,635,860,2251,3421,881,,2520,2402,3586,,,5,66,,,,242,1445,10630
1236950583278,23,331,1104761,2024-06-08T15:17:35.000Z,114,92,CredentialAccess,T1003;T1005;T1119;T1539;T1550.004;T1552.001;T1555.003;T1555.004,FalsePositive,,,File,Related,98799,138268,360606,160396,441377,673934,425863,453297,153085,529644,,1631,635,860,2251,3421,881,,20,34973,3586,,,5,66,,Suspicious,Suspicious,242,1445,10630
1537598295541,203,200451,697033,2024-06-07T21:46:56.000Z,2,2,CommandAndControl,,BenignPositive,,,Url,Related,98799,138268,360606,1691,441377,673934,425863,453297,153085,529644,,1631,635,860,2251,3421,881,,289573,117668,3586,,,5,66,,Suspicious,Suspicious,242,1445,10630
515396075923,79,9157,206166,2024-06-05T05:54:36.000Z,56,40,CredentialAccess,T1003;T1012;T1552.002,FalsePositive,,,Process,Related,98799,59,360606,160396,441377,673934,425863,453297,153085,529644,,1631,635,860,2251,3421,881,,7,3,3586,,,5,66,,Suspicious,Suspicious,242,1445,10630
712964572792,26,16013,110623,2024-06-08T07:57:08.000Z,43,28,Malware,T1027;T1027.002;T1027.005;T1105;T1204.002,BenignPositive,,,Process,Related,98799,116,360606,160396,441377,673934,425863,453297,153085,529644,,1631,635,860,2251,3421,881,,14,3,3586,,,5,66,,Suspicious,Suspicious,242,1445,10630
1005022348936,7,627,685,2024-05-30T13:08:20.000Z,22,10,Impact,,FalsePositive,,,Ip,Related,98799,138268,793,160396,441377,673934,425863,453297,153085,529644,,1631,635,860,2251,3421,881,,289573,117668,3586,,,5,66,,,,242,1445,10630
523986011801,1,481,318029,2024-06-05T04:56:32.000Z,14,12,CredentialAccess,T1110;T1110.003;T1110.001,TruePositive,,,User,Impacted,98799,138268,360606,160396,3909,5299,3894,4106,153085,529644,,1631,635,860,2251,3421,881,,289573,117668,3586,,,5,66,,,,242,1445,10630
876173331693,51,57447,135031,2024-06-05T16:38:56.000Z,39,26,Execution,T1559;T1106;T1059.005,BenignPositive,,,File,Related,98799,4,360606,160396,441377,673934,425863,453297,153085,529644,,1631,635,860,2251,3421,881,,3,6,3586,,,5,66,,,,242,1445,10630
1417339210459,8,102677,733025,2024-06-15T03:53:13.000Z,3,4,SuspiciousActivity,,TruePositive,,,Ip,Related,98799,138268,293931,160396,441377,673934,425863,453297,153085,529644,,1631,635,860,2251,3421,881,,289573,117668,3586,,,5,66,,Suspicious,Suspicious,242,1445,10630
1563368097501,0,195,947966,2024-06-07T12:00:16.000Z,0,0,InitialAccess,T1078;T1078.004,TruePositive,,,CloudLogonSession,Related,98799,138268,360606,160396,441377,673934,425863,453297,153085,529644,,1631,635,860,2251,3421,881,,289573,117668,3586,,,5,66,,,,242,1445,10630
77309415418,24,463993,339441,2024-06-06T00:10:07.000Z,5,21,SuspiciousActivity,,BenignPositive,,,Ip,Related,98799,138268,3226,160396,441377,673934,425863,453297,153085,529644,,1631,635,860,2251,3421,881,,289573,117668,3586,,Contextual,5,66,,,,242,1445,10630
1520418424312,32,792,191377,2024-06-03T21:30:32.000Z,3,4,SuspiciousActivity,,BenignPositive,,,Ip,Related,98799,138268,30131,160396,441377,673934,425863,453297,153085,529644,,1631,635,860,2251,3421,881,,289573,117668,3586,,,5,66,,Suspicious,Suspicious,242,1445,10630
910533068761,39,419,10521,2024-06-14T20:25:48.000Z,6,5,InitialAccess,T1566,BenignPositive,,,MailCluster,Related,98799,138268,360606,160396,441377,673934,425863,453297,153085,529644,,1631,635,860,2251,3421,881,,289573,117668,3586,,,5,66,,,,242,1445,10630
1434519078643,45,23799,244116,2024-06-08T02:11:56.000Z,1,1,InitialAccess,T1566.002,BenignPositive,,,Mailbox,Impacted,98799,138268,360606,160396,90283,110450,100330,33147,153085,529644,,1631,635,860,2251,3421,881,,289573,117668,3586,,,5,66,,,,242,1445,10630
1563368097503,0,422,497099,2024-06-05T11:20:07.000Z,0,0,InitialAccess,T1078;T1078.004,TruePositive,,,User,Impacted,98799,138268,360606,160396,585,779,578,627,153085,529644,,1631,635,860,2251,3421,881,,289573,117668,3586,,,5,66,,,,242,1445,10630
371,64,6407,4764,2024-06-15T09:45:34.000Z,83,61,InitialAccess,T1190,BenignPositive,,,Machine,Impacted,98799,138268,360606,160396,441377,673934,425863,453297,6169,529644,,1631,635,860,2251,3421,881,,289573,117668,3586,,,5,66,,,,242,1445,10630
1374389539213,53,161,160,2024-06-04T05:43:33.000Z,61,44,InitialAccess,T1190;T1133,FalsePositive,,,Ip,Related,98799,138268,132517,160396,441377,673934,425863,453297,153085,529644,,1631,635,860,2251,3421,881,,289573,117668,3586,,,5,66,,,,242,1445,10630
111669151101,65,365734,1143536,2024-06-11T00:13:20.000Z,76,56,SuspiciousActivity,,FalsePositive,,,Process,Related,98799,8,360606,160396,441377,673934,425863,453297,153085,529644,,1631,635,860,2251,3421,881,,9,0,3586,,,5,66,,,,242,1445,10630
876173331618,74,2569,75665,2024-06-12T05:20:55.000Z,2,2,CommandAndControl,,BenignPositive,,,Process,Related,98799,1,360606,160396,441377,673934,425863,453297,153085,529644,,1631,635,860,2251,3421,881,,1,1,3586,,,5,66,,Suspicious,Suspicious,242,1445,10630
1546188226918,64,28242,68686,2024-06-10T11:49:37.000Z,2198,24,CredentialAccess,T1110;T1078,BenignPositive,,,Ip,Related,98799,138268,68316,160396,441377,673934,425863,453297,153085,529644,,1631,635,860,2251,3421,881,,289573,117668,3586,,,5,66,,,,242,1445,10630
2486,5,359435,74999,2024-06-08T19:09:11.000Z,4,3,InitialAccess,,TruePositive,,,Ip,Related,98799,138268,19768,160396,441377,673934,425863,453297,153085,529644,,1631,635,860,2251,3421,881,,289573,117668,3586,,,5,66,,,,9,1445,10630
1262720386735,26,185245,1584447,2024-06-08T07:26:44.000Z,31,567,Malware,,BenignPositive,,,File,Related,98799,2650,360606,160396,441377,673934,425863,453297,153085,529644,,1631,635,860,2251,3421,881,Wacatac,3102,898,3586,,,5,66,,Suspicious,Malicious,242,1445,10630
171798696779,4,1982,347,2024-05-30T05:36:36.000Z,8,7,InitialAccess,T1133,FalsePositive,,,Machine,Impacted,98799,138268,360606,160396,441377,673934,425863,453297,109,529644,,1631,635,860,2251,3421,881,,289573,117668,3586,,,5,66,,,,242,1445,10630
171798691841,25,103,52122,2024-06-04T21:32:42.000Z,67,4091,Exfiltration,,BenignPositive,,,MailMessage,Impacted,98799,138268,360606,160396,441377,12206,425863,453297,153085,5087,,1631,635,860,2251,3421,881,,289573,117668,3586,,,5,66,,,,242,1445,10630
274877911322,585,213738,564472,2024-06-07T00:28:21.000Z,9,74,Execution,,BenignPositive,,,CloudApplication,Impacted,98799,138268,360606,160396,441377,673934,425863,453297,153085,529644,,1631,635,860,3,3,881,,289573,117668,3586,,,5,66,,,,242,1445,10630
1417339210481,89,14,2202,2024-06-13T21:02:31.000Z,1,1,InitialAccess,T1566.002,TruePositive,,,User,Impacted,98799,138268,360606,160396,11364,27737,11451,12072,153085,529644,,1631,635,860,2251,3421,881,,289573,117668,3586,,,5,66,,,,242,1445,10630
721554508220,28,8145,61229,2024-06-10T01:50:52.000Z,1,1,InitialAccess,T1566.002,TruePositive,,,MailMessage,Related,98799,138268,360606,160396,441377,4740,425863,453297,153085,41469,,1631,635,860,2251,3421,881,,289573,117668,3586,,,5,66,,,,242,1445,10630
687194772270,226,162,1186305,2024-06-09T10:48:53.000Z,14,12,CredentialAccess,T1110;T1110.003;T1110.001,TruePositive,,,CloudLogonRequest,Related,98799,138268,360606,160396,441377,673934,425863,453297,153085,529644,,1631,635,860,2251,3421,881,,289573,117668,3586,,,5,66,,,,242,1445,10630
936302873642,210,14449,342950,2024-06-09T15:27:48.000Z,5,21,SuspiciousActivity,,FalsePositive,,,Ip,Related,98799,138268,2600,160396,441377,673934,425863,453297,153085,529644,,1631,635,860,2251,3421,881,,289573,117668,3586,,Contextual,5,66,,,,242,1445,10630
1082331762282,3,297265,766127,2024-06-03T15:07:16.000Z,2,2,CommandAndControl,,BenignPositive,,,Machine,Impacted,541,138268,360606,160396,441377,673934,425863,453297,1687,529644,,1631,635,860,2251,3421,881,,289573,117668,3586,,,0,0,,Suspicious,Suspicious,242,1445,10630
1219770713897,243,142079,1356278,2024-06-03T05:55:30.000Z,5,115,SuspiciousActivity,,TruePositive,,,CloudApplication,Impacted,98799,138268,360606,160396,441377,673934,425863,453297,153085,529644,,1631,635,860,1,1,881,,289573,117668,3586,,,5,66,,,,242,1445,10630
412316864311,1308,30444,416259,2024-06-06T14:38:08.000Z,73,54,InitialAccess,T1078;T1078.004,FalsePositive,,,CloudApplication,Impacted,98799,138268,360606,160396,441377,673934,425863,453297,153085,529644,,1631,635,860,0,0,881,,289573,117668,3586,,,5,66,,,,242,1445,10630
901943133951,0,204,530328,2024-06-04T13:41:21.000Z,7,6,InitialAccess,,TruePositive,,,User,Impacted,98799,138268,360606,160396,1522,2061,1518,1603,153085,529644,,1631,635,860,2251,3421,881,,289573,117668,3586,,,5,66,,,,242,1445,10630
944892808565,35,276,162098,2024-06-07T13:37:32.000Z,0,0,InitialAccess,T1078;T1078.004,TruePositive,,,User,Impacted,98799,138268,360606,160396,1195,1622,1184,1254,153085,529644,,1631,635,860,2251,3421,881,,289573,117668,3586,,,5,66,,,,242,1445,10630
1236950585924,781,10617,8024,2024-06-03T22:29:16.000Z,1,1,InitialAccess,T1566.002,FalsePositive,,,MailMessage,Related,98799,138268,360606,160396,441377,17268,425863,453297,153085,201291,,1631,635,860,2251,3421,881,,289573,117668,3586,,,5,66,,,,242,1445,10630
936302871269,127,221,860159,2024-06-03T11:26:26.000Z,0,0,InitialAccess,T1078;T1078.004,TruePositive,,,CloudLogonSession,Related,98799,138268,360606,160396,441377,673934,425863,453297,153085,529644,,1631,635,860,2251,3421,881,,289573,117668,3586,,,5,66,,,,242,1445,10630
335007451308,102,184274,275645,2024-06-16T22:11:41.000Z,2,2,CommandAndControl,,BenignPositive,,,Url,Related,98799,138268,360606,7,441377,673934,425863,453297,153085,529644,,1631,635,860,2251,3421,881,,289573,117668,3586,,,5,66,,Suspicious,Suspicious,242,1445,10630
1030792153517,240,724,121410,2024-06-10T07:34:49.000Z,576,610,InitialAccess,T1190;T1133,TruePositive,,,Ip,Related,98799,138268,921,160396,441377,673934,425863,453297,153085,529644,,1631,635,860,2251,3421,881,,289573,117668,3586,,,5,66,,,,242,1445,10630
1434519077916,47,9085,7130,2024-05-23T06:49:53.000Z,71,4139,Impact,,FalsePositive,,,Ip,Related,98799,138268,1566,160396,441377,673934,425863,453297,153085,529644,,1631,635,860,2251,3421,881,,289573,117668,3586,,,5,66,,,,242,1445,10630
1520418427618,4,2742,408,2024-05-28T23:55:34.000Z,8,7,InitialAccess,T1133,FalsePositive,,,Machine,Impacted,98799,138268,360606,160396,441377,673934,425863,453297,298,529644,,1631,635,860,2251,3421,881,,289573,117668,3586,,,5,66,,,,242,1445,10630
1434519077307,54,382163,1134650,2024-06-14T17:36:02.000Z,167,77376,Exfiltration,,BenignPositive,,,MailMessage,Impacted,98799,138268,360606,160396,441377,630089,425863,453297,153085,169321,,1631,635,860,2251,3421,881,,289573,117668,3586,,,5,66,,,,242,1445,10630
377957123744,7,3555,871,2024-06-03T01:30:03.000Z,21,513,Impact,,BenignPositive,,,Ip,Related,98799,138268,1490,160396,441377,673934,425863,453297,153085,529644,,1631,635,860,2251,3421,881,,289573,117668,3586,,,5,66,,,,242,1445,10630
755914244658,58,10097,3753,2024-06-12T21:07:27.000Z,11,9,InitialAccess,T1566,BenignPositive,,,Mailbox,Impacted,98799,138268,360606,160396,20313,33624,21510,22278,153085,529644,,1631,635,860,2251,3421,881,,289573,117668,3586,,,5,66,,,,242,1445,10630
1537598295968,14,22746,1151079,2024-06-07T00:41:16.000Z,169,138,SuspiciousActivity,T1595,BenignPositive,,,Machine,Impacted,98799,138268,360606,160396,441377,673934,425863,453297,610,529644,,1631,635,860,2251,3421,881,,289573,117668,3586,,,5,66,,,,242,1445,10630
1692217119125,635,42431,365883,2024-06-05T07:50:58.000Z,10,8,InitialAccess,T1566.001,BenignPositive,,,MailMessage,Related,98799,138268,360606,160396,441377,89936,425863,453297,153085,130046,,1631,635,860,2251,3421,881,,289573,117668,3586,,,5,66,,,,242,1445,10630
1245540517659,0,83,1054112,2024-06-04T13:14:48.000Z,4,3,InitialAccess,,TruePositive,,,User,Impacted,98799,138268,360606,160396,82,116,76,94,153085,529644,,1631,635,860,2251,3421,881,,289573,117668,3586,,,5,66,,,,242,1445,10630
549755815396,464,926,5501,2024-06-07T19:17:18.000Z,121,102,CredentialAccess,T1110;T1110.001;T1110.003,FalsePositive,,,User,Related,98799,138268,360606,160396,182793,266698,178784,183726,153085,529644,,1631,635,860,2251,3421,881,,289573,117668,3586,,Contextual,5,66,,,,242,1445,10630
429496732680,55,317654,761052,2024-06-11T03:03:53.000Z,2,2,CommandAndControl,,TruePositive,,,User,Impacted,98799,138268,360606,160396,103487,120653,89976,94780,153085,529644,,1631,635,860,2251,3421,881,,289573,117668,3586,,,5,66,,Suspicious,Suspicious,242,1445,10630
180388630468,10,49,159,2024-05-24T06:48:56.000Z,12,249,Impact,,TruePositive,,,Ip,Related,98799,138268,95,160396,441377,673934,425863,453297,153085,529644,,1631,635,860,2251,3421,881,,289573,117668,3586,,,5,66,,,,242,1445,10630
42949674827,163,241,112132,2024-06-13T09:55:33.000Z,358,1825,Exfiltration,,BenignPositive,,,Ip,Related,98799,138268,337,160396,441377,673934,425863,453297,153085,529644,,1631,635,860,2251,3421,881,,289573,117668,3586,,,5,66,,,,242,1445,10630
489626273557,0,211,166442,2024-06-11T08:02:09.000Z,7,6,InitialAccess,,TruePositive,,,Ip,Related,98799,138268,27,160396,441377,673934,425863,453297,153085,529644,,1631,635,860,2251,3421,881,,289573,117668,3586,,,5,66,,,,31,6,3
403726930565,411,5332,3882,2024-05-29T12:19:38.000Z,748,306,Persistence,T1543;T1543;T1543.003,FalsePositive,,,Machine,Impacted,32375,138268,360606,160396,441377,673934,425863,453297,42742,529644,,1631,635,860,2251,3421,881,,289573,117668,3586,,,5,66,,,,242,1445,10630
575525619493,0,98,1276140,2024-06-10T13:11:34.000Z,0,0,InitialAccess,T1078;T1078.004,TruePositive,,,Ip,Related,98799,138268,3626,160396,441377,673934,425863,453297,153085,529644,,1631,635,860,2251,3421,881,,289573,117668,3586,,,5,66,,,,14,251,368
1520418424431,1,62,941670,2024-06-09T18:55:24.000Z,0,0,InitialAccess,T1078;T1078.004,TruePositive,,,CloudLogonSession,Related,98799,138268,360606,160396,441377,673934,425863,453297,153085,529644,,1631,635,860,2251,3421,881,,289573,117668,3586,,,5,66,,,,242,1445,10630
1374389539213,53,161,195,2024-06-04T15:53:02.000Z,61,44,InitialAccess,T1190;T1133,FalsePositive,,,Ip,Related,98799,138268,133637,160396,441377,673934,425863,453297,153085,529644,,1631,635,860,2251,3421,881,,289573,117668,3586,,,5,66,,,,242,1445,10630
1511828491824,3,19016,192496,2024-06-04T16:59:55.000Z,3,4,SuspiciousActivity,,BenignPositive,,,Ip,Related,98799,138268,43657,160396,441377,673934,425863,453297,153085,529644,,1631,635,860,2251,3421,881,,289573,117668,3586,,,5,66,,Suspicious,Suspicious,242,1445,10630
1056561956860,19,51652,1072542,2024-06-08T11:05:58.000Z,5,5246,SuspiciousActivity,,TruePositive,,,CloudApplication,Impacted,98799,138268,360606,160396,441377,673934,425863,453297,153085,529644,,1631,635,860,0,0,881,,289573,117668,3586,,,5,66,,,,242,1445,10630
180388628218,0,612,126508,2024-06-04T11:19:49.000Z,0,0,InitialAccess,T1078;T1078.004,TruePositive,,,Ip,Related,98799,138268,65,160396,441377,673934,425863,453297,153085,529644,,1631,635,860,2251,3421,881,,289573,117668,3586,,,5,66,,,,0,30,35
1116691500221,154,93630,459604,2024-06-05T11:20:48.000Z,6,5,InitialAccess,T1566,BenignPositive,,,User,Impacted,98799,138268,360606,160396,8923,22741,8833,9430,153085,529644,,1631,635,860,2251,3421,881,,289573,117668,3586,,,5,66,,,,242,1445,10630
335007449125,6,1935,1241,2024-05-26T05:17:16.000Z,17,1423,Impact,,BenignPositive,,,Ip,Related,98799,138268,2784,160396,441377,673934,425863,453297,153085,529644,,1631,635,860,2251,3421,881,,289573,117668,3586,,,5,66,,,,242,1445,10630
790273986579,20,1416,1396,2024-06-02T08:43:46.000Z,79,175,Impact,,FalsePositive,,,Ip,Related,98799,138268,1175,160396,441377,673934,425863,453297,153085,529644,,1631,635,860,2251,3421,881,,289573,117668,3586,,,5,66,,,,242,1445,10630
730144442143,0,227,507053,2024-06-10T02:55:15.000Z,7,6,InitialAccess,,TruePositive,,,CloudLogonRequest,Related,98799,138268,360606,160396,441377,673934,425863,453297,153085,529644,,1631,635,860,2251,3421,881,,289573,117668,3586,,,5,66,,,,242,1445,10630
171798695974,20,2908,617,2024-06-04T15:13:24.000Z,49,35,CommandAndControl,T1046;T1030;T1071;T1071.001,BenignPositive,,,Ip,Related,98799,138268,31567,160396,441377,673934,425863,453297,153085,529644,,1631,635,860,2251,3421,881,,289573,117668,3586,,,5,66,,,,242,1445,10630
833223657610,313,5653,5551,2024-06-14T09:36:27.000Z,483,76,Persistence,T1078;T1098,BenignPositive,,,User,Impacted,98799,138268,360606,160396,441377,673934,280249,453297,153085,529644,,1631,635,860,2251,3421,881,,289573,117668,3586,,,5,66,,,,242,1445,10630
1159641171951,253,264717,1428097,2024-06-05T18:53:23.000Z,31,5820,Malware,,TruePositive,,,File,Related,98799,6370,360606,160396,441377,673934,425863,453297,153085,529644,,1631,635,860,2251,3421,881,FakeAlert,25948,29866,3586,,,5,66,,Suspicious,Malicious,242,1445,10630
996432413068,785,106650,237459,2024-06-10T23:50:49.000Z,10,8,InitialAccess,T1566.001,TruePositive,,,User,Impacted,98799,138268,360606,160396,29785,24603,28869,4742,153085,529644,,1631,635,860,2251,3421,881,,289573,117668,3586,,,5,66,,,,242,1445,10630
893353202513,37,6302,4952,2024-06-13T01:11:20.000Z,120,3113,Exfiltration,,FalsePositive,,,MailMessage,Impacted,98799,138268,360606,160396,441377,102722,425863,453297,153085,184,,1631,635,860,2251,3421,881,,289573,117668,3586,,,5,66,,,,242,1445,10630
1262720385185,11,404975,1021889,2024-06-05T03:48:45.000Z,0,0,InitialAccess,T1078;T1078.004,FalsePositive,,,User,Impacted,98799,138268,360606,160396,241348,413118,244669,282176,153085,529644,,1631,635,860,2251,3421,881,,289573,117668,3586,,,5,66,,,,242,1445,10630
927712937190,1244,6751,16491,2024-06-11T14:30:40.000Z,1365,14,Exfiltration,,FalsePositive,,,User,Impacted,98799,138268,360606,160396,83095,134354,80717,88362,153085,529644,,1631,635,860,2251,3421,881,,289573,117668,3586,,,5,66,,,,242,1445,10630
34359741653,33,35794,51650,2024-05-27T21:10:08.000Z,131,113,Impact,,BenignPositive,,,Machine,Impacted,26219,138268,360606,160396,441377,673934,425863,453297,10912,529644,,1631,635,860,2251,3421,881,,289573,117668,3586,,,5,66,,,,242,1445,10630
1451698948492,28,196774,304934,2024-06-08T00:37:15.000Z,6,5,InitialAccess,T1566,TruePositive,,,Mailbox,Impacted,98799,138268,360606,160396,175929,177705,179745,208565,153085,529644,,1631,635,860,2251,3421,881,,289573,117668,3586,,,5,66,,,,242,1445,10630
1589137904402,37,544132,215348,2024-06-06T03:50:51.000Z,1128,18995,Exfiltration,,FalsePositive,,,User,Impacted,98799,138268,360606,160396,28474,47917,29092,31896,153085,529644,,1631,635,860,2251,3421,881,,289573,117668,3586,,,5,66,,,,242,1445,10630
120259088942,103,36403,13745,2024-06-04T16:55:08.000Z,11,9,InitialAccess,T1566,BenignPositive,,,User,Impacted,98799,138268,360606,160396,105566,99634,88026,95467,153085,529644,,1631,635,860,2251,3421,881,,289573,117668,3586,,,5,66,,,,242,1445,10630
231928235582,7,4713,1051,2024-05-25T10:09:08.000Z,21,1183,Impact,,FalsePositive,,,Ip,Related,98799,138268,5867,160396,441377,673934,425863,453297,153085,529644,,1631,635,860,2251,3421,881,,289573,117668,3586,,,5,66,,,,242,1445,10630
1116691499918,188,184491,239444,2024-06-13T06:27:56.000Z,1,1,InitialAccess,T1566.002,BenignPositive,,,User,Impacted,98799,138268,360606,160396,36296,34182,37664,41319,153085,529644,,1631,635,860,2251,3421,881,,289573,117668,3586,,,5,66,,,,242,1445,10630
1400159338519,6,1693,1460,2024-05-24T00:23:14.000Z,17,803,Impact,,BenignPositive,,,Ip,Related,98799,138268,328,160396,441377,673934,425863,453297,153085,529644,,1631,635,860,2251,3421,881,,289573,117668,3586,,,5,66,,,,242,1445,10630
1288490192878,10,240,1702,2024-05-22T23:11:26.000Z,12,541,Impact,,TruePositive,,,Ip,Related,98799,138268,131,160396,441377,673934,425863,453297,153085,529644,,1631,635,860,2251,3421,881,,289573,117668,3586,,,5,66,,,,242,1445,10630
893353200540,314,372227,467189,2024-06-15T08:42:22.000Z,2502,560,InitialAccess,,BenignPositive,,,Machine,Impacted,98799,138268,360606,160396,441377,673934,425863,453297,15390,529644,,1631,635,860,2251,3421,881,,289573,117668,3586,,,5,66,,,,242,1445,10630
1382979474539,123,674,1392556,2024-06-10T11:59:56.000Z,5,404,SuspiciousActivity,,TruePositive,,,User,Impacted,98799,138268,360606,160396,7373,10792,7405,7882,153085,529644,,1631,635,860,2251,3421,881,,289573,117668,3586,,,5,66,,,,242,1445,10630
1408749274681,32,8103,676201,2024-06-08T14:04:37.000Z,591,760,SuspiciousActivity,T1587;T1588;T1608;T1587.001;T1588.001;T1608.001,BenignPositive,,,File,Related,98799,138268,360606,160396,441377,673934,425863,453297,153085,529644,,1631,635,860,2251,3421,881,,2336,117668,3586,,,5,66,,,,242,1445,10630
42949675154,13,17637,12904,2024-06-11T16:02:27.000Z,34,6560,Exfiltration,,BenignPositive,,,File,Impacted,98799,499,360606,160396,441377,673934,425863,453297,153085,529644,,1631,635,860,2251,3421,881,,562,5,3586,,,5,66,,,,242,1445,10630
1546188230090,35,165,832862,2024-06-04T00:58:50.000Z,4,3,InitialAccess,,TruePositive,,,Ip,Related,98799,138268,2719,160396,441377,673934,425863,453297,153085,529644,,1631,635,860,2251,3421,881,,289573,117668,3586,,,5,66,,,,0,9,338
1451698946126,67,102283,31728,2024-06-03T06:36:42.000Z,1,1,InitialAccess,T1566.002,BenignPositive,,,MailMessage,Related,98799,138268,360606,160396,441377,2052,425863,453297,153085,86617,,1631,635,860,2251,3421,881,,289573,117668,3586,,,5,66,Inbound,,NoThreatsFound,242,1445,10630
1090921694244,140,577496,1609332,2024-06-03T23:13:55.000Z,123,106885,Exfiltration,,FalsePositive,,,MailMessage,Impacted,98799,138268,360606,160396,441377,643415,425863,453297,153085,432289,,1631,635,860,2251,3421,881,,289573,117668,3586,,,5,66,,,,242,1445,10630
326417519526,2443,39559,899970,2024-06-10T20:14:04.000Z,4,3,InitialAccess,,FalsePositive,,,Ip,Related,98799,138268,88343,160396,441377,673934,425863,453297,153085,529644,,1631,635,860,2251,3421,881,,289573,117668,3586,,,5,66,,,,0,11,824
1434519080568,338,45957,794094,2024-06-04T15:22:08.000Z,1628,68279,Exfiltration,,TruePositive,,,User,Impacted,98799,138268,360606,160396,77420,193399,64568,76626,153085,529644,,1631,635,860,2251,3421,881,,289573,117668,3586,,,5,66,,,,242,1445,10630
309237650013,66,57647,549837,2024-06-03T07:22:36.000Z,5,34,SuspiciousActivity,,TruePositive,,,Ip,Related,98799,138268,6797,160396,441377,673934,425863,453297,153085,529644,,1631,635,860,2251,3421,881,,289573,117668,3586,,Contextual,5,66,,,,242,1445,10630
197568499533,14,198,597,2024-05-23T18:17:08.000Z,41,175,Impact,,TruePositive,,,Ip,Related,98799,138268,4871,160396,441377,673934,425863,453297,153085,529644,,1631,635,860,2251,3421,881,,289573,117668,3586,,,5,66,,,,242,1445,10630
1391569405721,0,120,1264225,2024-06-14T01:15:19.000Z,7,6,InitialAccess,,TruePositive,,,User,Impacted,98799,138268,360606,160396,7153,10585,7170,7746,153085,529644,,1631,635,860,2251,3421,881,,289573,117668,3586,,,5,66,,,,242,1445,10630
240518173215,9,342476,1122315,2024-06-12T05:05:18.000Z,198,72933,Exfiltration,,BenignPositive,,,MailMessage,Impacted,98799,138268,360606,160396,441377,254429,425863,453297,153085,138764,,1631,635,860,2251,3421,881,,289573,117668,3586,,,5,66,,,,242,1445,10630
1013612285326,2,34948,9803,2024-06-04T20:49:30.000Z,42,27,Exfiltration,,BenignPositive,,,MailMessage,Impacted,98799,138268,360606,160396,441377,336,425863,453297,153085,237407,,1631,635,860,2251,3421,881,,289573,117668,3586,,,5,66,,,,242,1445,10630
146028890014,243,117076,1370027,2024-06-05T11:10:43.000Z,5,115,SuspiciousActivity,,TruePositive,,,Ip,Related,98799,138268,6748,160396,441377,673934,425863,453297,153085,529644,,1631,635,860,2251,3421,881,,289573,117668,3586,,Contextual,5,66,,,,242,1445,10630
223338301387,364,277295,577136,2024-06-10T16:14:07.000Z,81,532,SuspiciousActivity,,BenignPositive,,,CloudApplication,Impacted,98799,138268,360606,160396,441377,673934,425863,453297,153085,529644,,1631,635,860,2,2,881,,289573,117668,3586,,,5,66,,,,242,1445,10630
163208757889,257,493922,1621944,2024-06-04T08:32:01.000Z,653,878,InitialAccess,,BenignPositive,,,User,Impacted,98799,138268,360606,160396,148,208,140,169,153085,529644,,1631,635,860,2251,3421,881,,289573,117668,3586,,,5,66,,,,242,1445,10630
25769805527,0,69,68906,2024-06-05T06:15:10.000Z,0,0,InitialAccess,T1078;T1078.004,TruePositive,,,CloudLogonRequest,Related,98799,138268,360606,160396,441377,673934,425863,453297,153085,529644,,1631,635,860,2251,3421,881,,289573,117668,3586,,,5,66,,,,242,1445,10630
1245540517659,0,83,984970,2024-06-06T18:21:39.000Z,4,3,InitialAccess,,TruePositive,,,Ip,Related,98799,138268,298,160396,441377,673934,425863,453297,153085,529644,,1631,635,860,2251,3421,881,,289573,117668,3586,,,5,66,,,,9,33,32
592705487062,11,417343,812369,2024-06-10T11:31:24.000Z,0,0,InitialAccess,T1078;T1078.004,FalsePositive,,,Ip,Related,98799,138268,191632,160396,441377,673934,425863,453297,153085,529644,,1631,635,860,2251,3421,881,,289573,117668,3586,,,5,66,,,,2,2,14
755914248790,278,601,2551,2024-06-11T02:25:04.000Z,1,1,InitialAccess,T1566.002,BenignPositive,,,MailMessage,Related,98799,138268,360606,160396,441377,158568,425863,453297,153085,168552,,1631,635,860,2251,3421,881,,289573,117668,3586,,,5,66,,,,242,1445,10630
910533071047,30,28733,18132,2024-06-06T12:06:42.000Z,37,8562,Exfiltration,,FalsePositive,,,MailMessage,Impacted,98799,138268,360606,160396,441377,2100,425863,453297,153085,9354,,1631,635,860,2251,3421,881,,289573,117668,3586,,,5,66,,,,242,1445,10630
377957126438,36,168292,221552,2024-06-11T17:43:43.000Z,13,11,InitialAccess,T1566,BenignPositive,,,MailCluster,Related,98799,138268,360606,160396,441377,673934,425863,453297,153085,529644,2621884961.0,1631,635,860,2251,3421,881,,289573,117668,3586,,,5,66,,,Malicious,242,1445,10630
1443109013577,49,173864,757368,2024-06-04T14:47:21.000Z,2,2,CommandAndControl,,TruePositive,,,Url,Related,98799,138268,360606,613,441377,673934,425863,453297,153085,529644,,1631,635,860,2251,3421,881,,289573,117668,3586,,,5,66,,Suspicious,Suspicious,242,1445,10630
910533068001,192,1280,707727,2024-06-04T00:21:52.000Z,2,2,CommandAndControl,,BenignPositive,,,Machine,Impacted,72181,138268,360606,160396,441377,673934,425863,453297,125864,529644,,1631,635,860,2251,3421,881,,289573,117668,3586,,,0,0,,Suspicious,Suspicious,242,1445,10630
996432417128,783,914,206132,2024-06-05T02:45:30.000Z,1285,2502,DefenseEvasion,T1564.005,BenignPositive,,,User,Impacted,98799,138268,360606,160396,54554,673934,425863,60314,153085,529644,,1631,635,860,2251,3421,881,,289573,117668,3586,,,5,66,,Suspicious,Suspicious,242,1445,10630
1571958035529,126,626,1222757,2024-06-06T10:09:05.000Z,14,12,CredentialAccess,T1110;T1110.003;T1110.001,TruePositive,,,Ip,Related,98799,138268,165757,160396,441377,673934,425863,453297,153085,529644,,1631,635,860,2251,3421,881,,289573,117668,3586,,,5,66,,,,3,5,21
1305670061827,900,48226,114475,2024-06-03T09:33:59.000Z,1551,3256,SuspiciousActivity,,FalsePositive,,,Ip,Related,98799,138268,150901,160396,441377,673934,425863,453297,153085,529644,,1631,635,860,2251,3421,881,,289573,117668,3586,,,5,66,,,,242,1445,10630
790273984489,19,4027,4198,2024-06-01T18:11:01.000Z,23,16,CommandAndControl,,BenignPositive,,,Url,Related,98799,138268,360606,339,441377,673934,425863,453297,153085,529644,,1631,635,860,2251,3421,881,,289573,117668,3586,,,5,66,,,,242,1445,10630
609885356387,142,1476,32504,2024-06-10T19:14:29.000Z,112,13791,Exfiltration,,FalsePositive,,,MailMessage,Impacted,98799,138268,360606,160396,441377,13247,425863,453297,153085,3254,,1631,635,860,2251,3421,881,,289573,117668,3586,,,5,66,,,,242,1445,10630
704374641589,398,57462,452219,2024-06-11T18:00:32.000Z,13,11,InitialAccess,T1566,TruePositive,,,Ip,Related,98799,138268,47578,160396,441377,673934,425863,453297,153085,529644,,1631,635,860,2251,3421,881,,289573,117668,3586,,,5,66,,,NoThreatsFound,242,1445,10630
523986011928,0,99,1344520,2024-06-12T21:53:21.000Z,0,0,InitialAccess,T1078;T1078.004,TruePositive,,,User,Impacted,98799,138268,360606,160396,3679,5011,3695,3907,153085,529644,,1631,635,860,2251,3421,881,,289573,117668,3586,,,5,66,,,,242,1445,10630
34359739015,42,452,636296,2024-06-03T22:32:25.000Z,31,17297,Malware,,BenignPositive,,,Machine,Impacted,4,138268,360606,160396,441377,673934,425863,453297,4,529644,,1631,635,860,2251,3421,881,,289573,117668,3586,,,0,0,,Suspicious,Suspicious,242,1445,10630
876173331687,118,2563,1649938,2024-06-16T02:42:28.000Z,88,24,CredentialAccess,,BenignPositive,,,Ip,Related,98799,138268,837,160396,441377,673934,425863,453297,153085,529644,,1631,635,860,2251,3421,881,,289573,117668,3586,,,5,66,,,,242,1445,10630
120259088592,36,939,1092167,2024-06-08T15:55:08.000Z,36,118,SuspiciousActivity,,TruePositive,,,Machine,Impacted,84981,138268,360606,160396,441377,673934,425863,453297,97682,529644,,1631,635,860,2251,3421,881,,289573,117668,3586,,,5,66,,Suspicious,Suspicious,242,1445,10630
326417514851,181,1456,1500710,2024-06-10T11:12:16.000Z,11,9,InitialAccess,T1566,BenignPositive,,,Mailbox,Impacted,98799,138268,360606,160396,26273,22483,24959,28684,153085,529644,,1631,635,860,2251,3421,881,,289573,117668,3586,,,5,66,,,,242,1445,10630
1468878816857,1,485,54541,2024-06-03T12:51:06.000Z,0,0,InitialAccess,T1078;T1078.004,TruePositive,,,Ip,Related,98799,138268,208,160396,441377,673934,425863,453297,153085,529644,,1631,635,860,2251,3421,881,,289573,117668,3586,,,5,66,,,,1,0,0
34359743094,9,231,355656,2024-06-04T03:06:15.000Z,77,22344,Exfiltration,,BenignPositive,,,File,Impacted,98799,6115,360606,160396,441377,673934,425863,453297,153085,529644,,1631,635,860,2251,3421,881,,1980,967,3586,,,5,66,,,,242,1445,10630
1228360650955,179,454,39417,2024-06-14T12:25:11.000Z,559,8132,Exfiltration,,BenignPositive,,,MailMessage,Impacted,98799,138268,360606,160396,441377,35572,425863,453297,153085,1540,,1631,635,860,2251,3421,881,,289573,117668,3586,,,5,66,,,,242,1445,10630
1632087576263,5543,10237,822603,2024-06-14T08:01:58.000Z,0,0,InitialAccess,T1078;T1078.004,FalsePositive,,,CloudLogonRequest,Related,98799,138268,360606,160396,441377,673934,425863,453297,153085,529644,,1631,635,860,2251,3421,881,,289573,117668,3586,,,5,66,,,,242,1445,10630
77309416425,104,5695,1029,2024-06-03T16:48:18.000Z,11,9,InitialAccess,T1566,FalsePositive,,,Mailbox,Impacted,98799,138268,360606,160396,55336,60400,55937,61901,153085,529644,,1631,635,860,2251,3421,881,,289573,117668,3586,,,5,66,,,,242,1445,10630
781684048258,539,16623,150111,2024-06-08T19:45:50.000Z,1,1,InitialAccess,T1566.002,BenignPositive,,,Mailbox,Impacted,98799,138268,360606,160396,25011,21931,25206,27119,153085,529644,,1631,635,860,2251,3421,881,,289573,117668,3586,,,5,66,,,,242,1445,10630
652835030879,0,95,512653,2024-06-09T09:24:52.000Z,0,0,InitialAccess,T1078;T1078.004,TruePositive,,,Ip,Related,98799,138268,0,160396,441377,673934,425863,453297,153085,529644,,1631,635,860,2251,3421,881,,289573,117668,3586,,,5,66,,,,2,2,2
60129544247,49,883,206281,2024-06-05T00:59:01.000Z,2,2,CommandAndControl,,TruePositive,,,Process,Related,98799,9,360606,160396,441377,673934,425863,453297,153085,529644,,1631,635,860,2251,3421,881,,0,2,3586,,,5,66,,Suspicious,Suspicious,242,1445,10630
1391569405721,0,120,1184158,2024-06-14T03:17:23.000Z,0,0,InitialAccess,T1078;T1078.004,TruePositive,,,User,Impacted,98799,138268,360606,160396,3768,5133,3771,3995,153085,529644,,1631,635,860,2251,3421,881,,289573,117668,3586,,,5,66,,,,242,1445,10630
953482740432,60,110,295557,2024-06-11T16:53:06.000Z,165,11724,Exfiltration,,FalsePositive,,,MailMessage,Impacted,98799,138268,360606,160396,441377,5495,425863,453297,153085,43392,,1631,635,860,2251,3421,881,,289573,117668,3586,,,5,66,,,,242,1445,10630
1451698949850,68,144529,44661,2024-06-13T13:40:34.000Z,1,1,InitialAccess,T1566.002,BenignPositive,,,User,Impacted,98799,138268,360606,160396,77982,348939,68140,69905,153085,529644,,1631,635,860,2251,3421,881,,289573,117668,3586,,,5,66,,,,242,1445,10630
188978562747,70,19941,13368,2024-06-09T17:54:47.000Z,1,1,InitialAccess,T1566.002,BenignPositive,,,MailMessage,Related,98799,138268,360606,160396,441377,41394,425863,453297,153085,192182,,1631,635,860,2251,3421,881,,289573,117668,3586,,,5,66,,,,242,1445,10630
1382979470866,32,27142,32393,2024-06-04T02:30:14.000Z,3,4,SuspiciousActivity,,BenignPositive,,,Url,Related,98799,138268,360606,1916,441377,673934,425863,453297,153085,529644,,1631,635,860,2251,3421,881,,289573,117668,3586,,,5,66,,,,242,1445,10630
85899348855,55,179203,610051,2024-06-06T05:01:58.000Z,3,4,SuspiciousActivity,,TruePositive,,,Url,Related,98799,138268,360606,931,441377,673934,425863,453297,153085,529644,,1631,635,860,2251,3421,881,,289573,117668,3586,,,5,66,,,,242,1445,10630
1675037247246,0,351,85455,2024-06-07T00:58:57.000Z,0,0,InitialAccess,T1078;T1078.004,TruePositive,,,User,Impacted,98799,138268,360606,160396,761,1021,751,811,153085,529644,,1631,635,860,2251,3421,881,,289573,117668,3586,,,5,66,,,,242,1445,10630
214748369894,1765,11991,9545,2024-06-16T07:59:46.000Z,1065,1880,DefenseEvasion,T1036,FalsePositive,,,File,Related,98799,138268,360606,160396,441377,673934,425863,453297,153085,529644,,1631,635,860,2251,3421,881,,144678,8086,3586,,,5,66,,Suspicious,Suspicious,242,1445,10630
824633721189,460,32326,1473864,2024-06-07T00:07:56.000Z,35,23,InitialAccess,T1566,FalsePositive,,,User,Impacted,98799,138268,360606,160396,69100,81665,73457,44760,153085,529644,,1631,635,860,2251,3421,881,,289573,117668,3586,,,5,66,,,,242,1445,10630
1391569405721,0,120,859072,2024-06-14T01:07:09.000Z,0,0,InitialAccess,T1078;T1078.004,TruePositive,,,CloudLogonRequest,Related,98799,138268,360606,160396,441377,673934,425863,453297,153085,529644,,1631,635,860,2251,3421,881,,289573,117668,3586,,,5,66,,,,242,1445,10630
1211180781246,12,2171,1557,2024-05-30T10:14:29.000Z,16,1376,Impact,,BenignPositive,,,Ip,Related,98799,138268,9176,160396,441377,673934,425863,453297,153085,529644,,1631,635,860,2251,3421,881,,289573,117668,3586,,,5,66,,,,242,1445,10630
103079216720,1,624,104575,2024-06-07T20:48:10.000Z,4,3,InitialAccess,,TruePositive,,,Ip,Related,98799,138268,22454,160396,441377,673934,425863,453297,153085,529644,,1631,635,860,2251,3421,881,,289573,117668,3586,,,5,66,,,,11,1445,10630
455266537333,14,2032,284,2024-05-24T00:05:44.000Z,41,763,Impact,,BenignPositive,,,Ip,Related,98799,138268,5878,160396,441377,673934,425863,453297,153085,529644,,1631,635,860,2251,3421,881,,289573,117668,3586,,,5,66,,,,242,1445,10630
111669151628,185,31637,147413,2024-06-08T19:15:20.000Z,1,1,InitialAccess,T1566.002,BenignPositive,,,Url,Related,98799,138268,360606,64,441377,673934,425863,453297,153085,529644,,1631,635,860,2251,3421,881,,289573,117668,3586,,,5,66,,,Malicious,242,1445,10630
1666447312830,39,1189,1589430,2024-06-07T03:26:28.000Z,31,14698,Malware,,BenignPositive,,,Machine,Impacted,34,138268,360606,160396,441377,673934,425863,453297,69,529644,,1631,635,860,2251,3421,881,,289573,117668,3586,,,0,0,,Suspicious,Suspicious,242,1445,10630
8589937825,154,140797,300076,2024-06-12T00:29:58.000Z,10,8,InitialAccess,T1566.001,BenignPositive,,,MailCluster,Related,98799,138268,360606,160396,441377,673934,425863,453297,153085,529644,,1631,635,860,2251,3421,881,,289573,117668,3586,,,5,66,,,Malicious,242,1445,10630
1391569408568,495,96655,24040,2024-06-11T04:07:57.000Z,1,1,InitialAccess,T1566.002,TruePositive,,,Mailbox,Impacted,98799,138268,360606,160396,91688,101620,101531,98502,153085,529644,,1631,635,860,2251,3421,881,,289573,117668,3586,,,5,66,,,,242,1445,10630
8589937808,33,5435,1782,2024-06-07T06:59:40.000Z,38,25,Impact,,BenignPositive,,,Machine,Impacted,98799,138268,360606,160396,441377,673934,425863,453297,9156,529644,,1631,635,860,2251,3421,881,,289573,117668,3586,,,5,66,,,,242,1445,10630
1417339212216,461,3324,665237,2024-06-05T20:51:33.000Z,11,9,InitialAccess,T1566,BenignPositive,,,Mailbox,Impacted,98799,138268,360606,160396,42,57,38,44,153085,529644,,1631,635,860,2251,3421,881,,289573,117668,3586,,,5,66,,,,242,1445,10630
618475292389,0,2542,102540,2024-06-07T12:08:39.000Z,0,0,InitialAccess,T1078;T1078.004,TruePositive,,,User,Impacted,98799,138268,360606,160396,433,574,425,464,153085,529644,,1631,635,860,2251,3421,881,,289573,117668,3586,,,5,66,,,,242,1445,10630
1683627181809,0,187,171046,2024-06-08T04:37:28.000Z,4,3,InitialAccess,,TruePositive,,,Ip,Related,98799,138268,35155,160396,441377,673934,425863,453297,153085,529644,,1631,635,860,2251,3421,881,,289573,117668,3586,,,5,66,,,,5,1445,10630
927712939433,265,5410,2348,2024-06-04T03:29:06.000Z,1,1,InitialAccess,T1566.002,FalsePositive,,,MailMessage,Related,98799,138268,360606,160396,441377,44408,425863,453297,153085,40570,,1631,635,860,2251,3421,881,,289573,117668,3586,,,5,66,,,,242,1445,10630
1468878815572,315,9590,780801,2024-06-14T15:10:07.000Z,2,2,CommandAndControl,,BenignPositive,,,Process,Related,98799,2418,360606,160396,441377,673934,425863,453297,153085,529644,,1631,635,860,2251,3421,881,,0,4,3586,,,5,66,,Suspicious,Suspicious,242,1445,10630
77309414814,2,9218,3947,2024-06-14T18:05:44.000Z,15,13,Exfiltration,,BenignPositive,,,MailMessage,Impacted,98799,138268,360606,160396,441377,208503,425863,453297,153085,19995,,1631,635,860,2251,3421,881,,289573,117668,3586,,,5,66,,,,242,1445,10630
180388630734,36,525817,1477740,2024-06-07T08:14:08.000Z,33,22,InitialAccess,,BenignPositive,,,Mailbox,Impacted,98799,138268,360606,160396,36337,39911,38013,41412,153085,529644,,1631,635,860,2251,3421,881,,289573,117668,3586,,,5,66,,,,242,1445,10630
884763267946,510,138591,560191,2024-06-05T21:17:07.000Z,9,217,Execution,,BenignPositive,,,User,Impacted,98799,138268,360606,160396,59223,103335,60381,65357,153085,529644,,1631,635,860,2251,3421,881,,289573,117668,3586,,,5,66,,,,242,1445,10630
369367189098,1200,5722,1138814,2024-06-03T22:52:49.000Z,4956,31281,InitialAccess,T1566;T1078;T1078.003;T1566.002;T1566.001,FalsePositive,,,Process,Related,98799,664,360606,160396,441377,673934,425863,453297,153085,529644,,1631,635,860,2251,3421,881,,18,0,3586,,,5,66,,,,242,1445,10630
670014898221,6,102732,748967,2024-06-09T12:53:26.000Z,2,2,CommandAndControl,,BenignPositive,,,User,Impacted,98799,138268,360606,160396,23778,40825,23784,27085,153085,529644,,1631,635,860,2251,3421,881,,289573,117668,3586,,,5,66,,Suspicious,Suspicious,242,1445,10630
635655164676,138,105111,661706,2024-06-06T15:33:03.000Z,96,75,InitialAccess,,BenignPositive,,,User,Impacted,98799,138268,360606,160396,78406,82030,66584,83285,153085,529644,,1631,635,860,2251,3421,881,,289573,117668,3586,,,5,66,,,,242,1445,10630
1271310321413,0,173,1315377,2024-06-04T06:28:49.000Z,14,12,CredentialAccess,T1110;T1110.003;T1110.001,TruePositive,,,CloudLogonRequest,Related,98799,138268,360606,160396,441377,673934,425863,453297,153085,529644,,1631,635,860,2251,3421,881,,289573,117668,3586,,,5,66,,,,242,1445,10630
644245096174,0,81,984415,2024-06-05T01:25:44.000Z,0,0,InitialAccess,T1078;T1078.004,TruePositive,,,User,Impacted,98799,138268,360606,160396,599,794,592,641,153085,529644,,1631,635,860,2251,3421,881,,289573,117668,3586,,,5,66,,,,242,1445,10630
1666447311459,93,9,0,2024-06-12T01:27:49.000Z,27,18,Discovery,T1087;T1087.002,FalsePositive,,,User,Impacted,98799,138268,360606,160396,273611,673934,425863,265414,153085,529644,,1631,635,860,2251,3421,881,,289573,117668,3586,,Suspicious,5,66,,,,242,1445,10630
970662611029,282,71688,94323,2024-06-03T19:58:35.000Z,1,1,InitialAccess,T1566.002,TruePositive,,,Mailbox,Impacted,98799,138268,360606,160396,202644,390772,175179,202192,153085,529644,,1631,635,860,2251,3421,881,,289573,117668,3586,,,5,66,,,,242,1445,10630
163208761799,9,78,25506,2024-06-05T20:34:31.000Z,95,9634,Exfiltration,,BenignPositive,,,User,Impacted,98799,138268,360606,160396,116101,191612,114117,117116,153085,529644,,1631,635,860,2251,3421,881,,289573,117668,3586,,,5,66,,,,242,1445,10630
730144443905,2,6363,6695,2024-06-13T15:17:34.000Z,15,13,Exfiltration,,BenignPositive,,,MailMessage,Impacted,98799,138268,360606,160396,441377,4,425863,453297,153085,8413,,1631,635,860,2251,3421,881,,289573,117668,3586,,,5,66,,,,242,1445,10630
1056561955367,229,119706,101548,2024-06-15T19:49:25.000Z,295,290,SuspiciousActivity,,BenignPositive,,,User,Impacted,98799,138268,360606,160396,441377,673934,425863,1928,153085,529644,,1631,635,860,2251,3421,881,,289573,117668,3586,,,5,66,,,,242,1445,10630
541165880948,7,158,497,2024-05-24T07:16:13.000Z,21,790,Impact,,FalsePositive,,,Ip,Related,98799,138268,215,160396,441377,673934,425863,453297,153085,529644,,1631,635,860,2251,3421,881,,289573,117668,3586,,,5,66,,,,242,1445,10630
1245540517659,0,83,167301,2024-06-06T14:19:18.000Z,4,3,InitialAccess,,TruePositive,,,Ip,Related,98799,138268,9694,160396,441377,673934,425863,453297,153085,529644,,1631,635,860,2251,3421,881,,289573,117668,3586,,,5,66,,,,5,1445,10630
214748369110,191,46210,117260,2024-06-10T23:05:38.000Z,6,5,InitialAccess,T1566,BenignPositive,,,MailCluster,Related,98799,138268,360606,160396,441377,673934,425863,453297,153085,529644,,1631,635,860,2251,3421,881,,289573,117668,3586,,,5,66,,,Suspicious,242,1445,10630
1065151889872,77,78616,155910,2024-06-09T03:54:16.000Z,1,1,InitialAccess,T1566.002,BenignPositive,,,Url,Related,98799,138268,360606,3876,441377,673934,425863,453297,153085,529644,,1631,635,860,2251,3421,881,,289573,117668,3586,,,5,66,,,NoThreatsFound,242,1445,10630
1082331760268,1,358,327600,2024-06-07T04:18:06.000Z,0,0,InitialAccess,T1078;T1078.004,TruePositive,,,User,Impacted,98799,138268,360606,160396,1014,1385,1003,1064,153085,529644,,1631,635,860,2251,3421,881,,289573,117668,3586,,,5,66,,,,242,1445,10630
1529008361456,10,178,126,2024-05-25T05:31:58.000Z,12,689,Impact,,TruePositive,,,Ip,Related,98799,138268,1818,160396,441377,673934,425863,453297,153085,529644,,1631,635,860,2251,3421,881,,289573,117668,3586,,,5,66,,,,242,1445,10630
1511828488443,11,421690,1003541,2024-06-12T15:47:27.000Z,0,0,InitialAccess,T1078;T1078.004,FalsePositive,,,Ip,Related,98799,138268,185826,160396,441377,673934,425863,453297,153085,529644,,1631,635,860,2251,3421,881,,289573,117668,3586,,,5,66,,,,2,2,14
712964572842,0,617,85820,2024-06-03T12:41:50.000Z,0,0,InitialAccess,T1078;T1078.004,TruePositive,,,CloudLogonRequest,Related,98799,138268,360606,160396,441377,673934,425863,453297,153085,529644,,1631,635,860,2251,3421,881,,289573,117668,3586,,,5,66,,,,242,1445,10630
154618823122,151,51439,45261,2024-06-16T03:56:15.000Z,1,1,InitialAccess,T1566.002,BenignPositive,,,Url,Related,98799,138268,360606,28597,441377,673934,425863,453297,153085,529644,,1631,635,860,2251,3421,881,,289573,117668,3586,,,5,66,,,Malicious,242,1445,10630
1709396986421,259,97906,486890,2024-06-04T06:12:52.000Z,7,6,InitialAccess,,BenignPositive,,,CloudLogonRequest,Related,98799,138268,360606,160396,441377,673934,425863,453297,153085,529644,,1631,635,860,2251,3421,881,,289573,117668,3586,,,5,66,,,,242,1445,10630
171798693639,0,169,547679,2024-06-04T11:05:22.000Z,7,6,InitialAccess,,TruePositive,,,Ip,Related,98799,138268,2,160396,441377,673934,425863,453297,153085,529644,,1631,635,860,2251,3421,881,,289573,117668,3586,,,5,66,,,,0,11,8
420906797051,23,171,523264,2024-06-03T20:18:01.000Z,14,12,CredentialAccess,T1110;T1110.003;T1110.001,TruePositive,,,CloudLogonRequest,Related,98799,138268,360606,160396,441377,673934,425863,453297,153085,529644,,1631,635,860,2251,3421,881,,289573,117668,3586,,,5,66,,,,242,1445,10630
1649267442853,2398,1040,141488,2024-06-11T10:09:32.000Z,331,330,CredentialAccess,T1110;T1110.003,TruePositive,,,CloudApplication,Impacted,98799,138268,360606,160396,441377,673934,425863,453297,153085,529644,,1631,635,860,0,0,881,,289573,117668,3586,,,5,66,,,,242,1445,10630
1211180780788,97,7243,40521,2024-06-08T11:06:14.000Z,1,1,InitialAccess,T1566.002,TruePositive,,,MailCluster,Related,98799,138268,360606,160396,441377,673934,425863,453297,153085,529644,,1631,635,860,2251,3421,881,,289573,117668,3586,,,5,66,,,Suspicious,242,1445,10630
1589137902383,219,85737,650803,2024-06-04T16:23:25.000Z,755,59868,Exfiltration,,FalsePositive,,,MailMessage,Impacted,98799,138268,360606,160396,441377,286857,425863,453297,153085,100362,,1631,635,860,2251,3421,881,,289573,117668,3586,,,5,66,,,,242,1445,10630
910533068436,1,217,181071,2024-06-07T04:20:19.000Z,0,0,InitialAccess,T1078;T1078.004,TruePositive,,,CloudLogonRequest,Related,98799,138268,360606,160396,441377,673934,425863,453297,153085,529644,,1631,635,860,2251,3421,881,,289573,117668,3586,,,5,66,,,,242,1445,10630
936302872198,1,46,507093,2024-06-06T13:49:25.000Z,0,0,InitialAccess,T1078;T1078.004,TruePositive,,,User,Impacted,98799,138268,360606,160396,3341,4443,3340,3499,153085,529644,,1631,635,860,2251,3421,881,,289573,117668,3586,,,5,66,,,,242,1445,10630
77309412973,7,3956,944,2024-05-26T08:43:56.000Z,21,1102,Impact,,FalsePositive,,,Ip,Related,98799,138268,10813,160396,441377,673934,425863,453297,153085,529644,,1631,635,860,2251,3421,881,,289573,117668,3586,,,5,66,,,,242,1445,10630
601295423125,1,304,125739,2024-06-04T05:41:30.000Z,7,6,InitialAccess,,TruePositive,,,CloudLogonRequest,Related,98799,138268,360606,160396,441377,673934,425863,453297,153085,529644,,1631,635,860,2251,3421,881,,289573,117668,3586,,,5,66,,,,242,1445,10630
309237649430,10,208,526,2024-05-21T01:37:10.000Z,12,51,Impact,,TruePositive,,,Ip,Related,98799,138268,31391,160396,441377,673934,425863,453297,153085,529644,,1631,635,860,2251,3421,881,,289573,117668,3586,,,5,66,,,,242,1445,10630
1649267443577,175,36066,349021,2024-06-14T07:17:22.000Z,9,266,Execution,,BenignPositive,,,File,Related,98799,42496,360606,160396,441377,673934,425863,453297,153085,529644,,1631,635,860,2251,3421,881,,48522,117668,3586,,,5,66,,,,242,1445,10630
798863919590,206,13459,861390,2024-06-12T20:55:53.000Z,0,0,InitialAccess,T1078;T1078.004,FalsePositive,,,User,Impacted,98799,138268,360606,160396,180575,305959,184873,198952,153085,529644,,1631,635,860,2251,3421,881,,289573,117668,3586,,,5,66,,,,242,1445,10630
395136991648,64,11852,9702,2024-06-15T17:21:04.000Z,83,61,InitialAccess,T1190,BenignPositive,,,Ip,Related,98799,138268,17281,160396,441377,673934,425863,453297,153085,529644,,1631,635,860,2251,3421,881,,289573,117668,3586,,,5,66,,,,242,1445,10630
936302875296,794,5131,228911,2024-06-12T05:29:10.000Z,148,507,Malware,,TruePositive,,,File,Related,98799,6286,360606,160396,441377,673934,425863,453297,153085,529644,,1631,635,860,2251,3421,881,CustomEnterpriseBlock,4144,2506,3586,,,5,66,,Suspicious,Malicious,242,1445,10630
807453852666,129,36795,34667,2024-06-14T22:14:34.000Z,104,3207,Exfiltration,,BenignPositive,,,MailMessage,Impacted,98799,138268,360606,160396,441377,191159,425863,453297,153085,329218,,1631,635,860,2251,3421,881,,289573,117668,3586,,,5,66,,,,242,1445,10630
1365799601349,523,4275,420848,2024-06-06T18:12:47.000Z,36,378,SuspiciousActivity,,BenignPositive,,,Process,Related,98799,0,360606,160396,441377,673934,425863,453297,153085,529644,,1631,635,860,2251,3421,881,,0,2,3586,,,5,66,,Suspicious,Suspicious,242,1445,10630
309237649906,451,14893,60313,2024-06-12T20:57:56.000Z,1,1,InitialAccess,T1566.002,BenignPositive,,,User,Impacted,98799,138268,360606,160396,24803,200027,25614,28847,153085,529644,,1631,635,860,2251,3421,881,,289573,117668,3586,,,5,66,,,,242,1445,10630
1520418425260,132,60085,52915,2024-06-03T05:53:05.000Z,1,1,InitialAccess,T1566.002,BenignPositive,,,User,Impacted,98799,138268,360606,160396,6964,4751,6952,7338,153085,529644,,1631,635,860,2251,3421,881,,289573,117668,3586,,,5,66,,,,242,1445,10630
1279900258498,115,157999,207600,2024-06-04T03:26:25.000Z,2,2,CommandAndControl,,BenignPositive,,,Machine,Impacted,57883,138268,360606,160396,441377,673934,425863,453297,69870,529644,,1631,635,860,2251,3421,881,,289573,117668,3586,,,0,0,,Suspicious,Suspicious,242,1445,10630
1262720386079,140,215894,797371,2024-06-03T15:42:39.000Z,123,67412,Exfiltration,,FalsePositive,,,MailMessage,Impacted,98799,138268,360606,160396,441377,554440,425863,453297,153085,86476,,1631,635,860,2251,3421,881,,289573,117668,3586,,,5,66,,,,242,1445,10630
1554778166090,4,2560,416,2024-05-29T07:23:32.000Z,8,7,InitialAccess,T1133,FalsePositive,,,Machine,Impacted,98799,138268,360606,160396,441377,673934,425863,453297,137,529644,,1631,635,860,2251,3421,881,,289573,117668,3586,,,5,66,,,,242,1445,10630
231928235836,530,386742,852813,2024-06-14T19:36:19.000Z,19,15,InitialAccess,,FalsePositive,,,Ip,Related,98799,138268,44798,160396,441377,673934,425863,453297,153085,529644,,1631,635,860,2251,3421,881,,289573,117668,3586,,,5,66,,,,0,22,41
584115556831,451,10637,233421,2024-06-07T20:11:37.000Z,1,1,InitialAccess,T1566.002,BenignPositive,,,User,Impacted,98799,138268,360606,160396,51327,54587,57537,61741,153085,529644,,1631,635,860,2251,3421,881,,289573,117668,3586,,,5,66,,,,242,1445,10630
1279900256042,0,2854,184965,2024-06-05T04:00:39.000Z,0,0,InitialAccess,T1078;T1078.004,TruePositive,,,User,Impacted,98799,138268,360606,160396,5685,8104,5753,6118,153085,529644,,1631,635,860,2251,3421,881,,289573,117668,3586,,,5,66,,,,242,1445,10630
644245096545,271,257,215371,2024-06-10T20:08:06.000Z,144,5102,Exfiltration,,FalsePositive,,,File,Impacted,98799,138268,360606,160396,441377,673934,425863,453297,153085,529644,,1631,635,860,2251,3421,881,,5095,4479,3586,,,5,66,,,,242,1445,10630
1520418425296,28,167282,456311,2024-06-16T03:26:20.000Z,13,11,InitialAccess,T1566,TruePositive,,,Ip,Related,98799,138268,154,160396,441377,673934,425863,453297,153085,529644,,1631,635,860,2251,3421,881,,289573,117668,3586,,,5,66,,,NoThreatsFound,242,1445,10630
601295424398,50,0,172165,2024-06-12T17:55:31.000Z,0,0,InitialAccess,T1078;T1078.004,TruePositive,,,CloudLogonRequest,Related,98799,138268,360606,160396,441377,673934,425863,453297,153085,529644,,1631,635,860,2251,3421,881,,289573,117668,3586,,,5,66,,,,242,1445,10630
1520418424110,44,10787,9568,2024-06-07T00:09:17.000Z,78,57,Exfiltration,,BenignPositive,,,MailMessage,Impacted,98799,138268,360606,160396,441377,1144,425863,453297,153085,38988,,1631,635,860,2251,3421,881,,289573,117668,3586,,,5,66,,,,242,1445,10630
1219770712793,130,344135,374555,2024-06-09T03:54:14.000Z,4,3,InitialAccess,,BenignPositive,,,CloudLogonRequest,Related,98799,138268,360606,160396,441377,673934,425863,453297,153085,529644,,1631,635,860,2251,3421,881,,289573,117668,3586,,,5,66,,,,242,1445,10630
1606317769454,810,3194,4850,2024-06-11T21:23:52.000Z,1,1,InitialAccess,T1566.002,TruePositive,,,MailMessage,Related,98799,138268,360606,160396,441377,327540,425863,453297,153085,381982,,1631,635,860,2251,3421,881,,289573,117668,3586,,,5,66,,,,242,1445,10630
472446405665,630,31264,22265,2024-06-04T17:58:18.000Z,1,1,InitialAccess,T1566.002,BenignPositive,,,MailCluster,Related,98799,138268,360606,160396,441377,673934,425863,453297,153085,529644,4269538325.0,1631,635,860,2251,3421,881,,289573,117668,3586,,,5,66,,,Malicious,242,1445,10630
1125281431643,144,67420,689204,2024-06-13T15:09:52.000Z,2,2,CommandAndControl,,BenignPositive,,,Process,Related,98799,3547,360606,160396,441377,673934,425863,453297,153085,529644,,1631,635,860,2251,3421,881,,209,255,3586,,,5,66,,Suspicious,Suspicious,242,1445,10630
403726928797,50,76,1229847,2024-06-09T04:25:51.000Z,7,6,InitialAccess,,TruePositive,,,Ip,Related,98799,138268,133,160396,441377,673934,425863,453297,153085,529644,,1631,635,860,2251,3421,881,,289573,117668,3586,,,5,66,,,,8,10,7
188978565964,133,27821,420486,2024-06-05T22:16:47.000Z,3,4,SuspiciousActivity,,BenignPositive,,,Ip,Related,98799,138268,360606,160396,441377,673934,425863,453297,153085,529644,,1631,635,860,2251,3421,881,,289573,117668,3586,,,5,66,,Suspicious,Suspicious,242,1445,10630
541165880948,7,158,632,2024-05-25T05:04:59.000Z,21,810,Impact,,FalsePositive,,,Ip,Related,98799,138268,2430,160396,441377,673934,425863,453297,153085,529644,,1631,635,860,2251,3421,881,,289573,117668,3586,,,5,66,,,,242,1445,10630
3459,2,118413,101042,2024-06-07T23:29:10.000Z,1,1,InitialAccess,T1566.002,BenignPositive,,,MailCluster,Related,98799,138268,360606,160396,441377,673934,425863,453297,153085,529644,4277662128.0,1631,635,860,2251,3421,881,,289573,117668,3586,,,5,66,,,Malicious,242,1445,10630
609885356628,42,2,1587908,2024-06-05T14:45:18.000Z,126,98221,Ransomware,,BenignPositive,,,File,Related,98799,98187,360606,160396,441377,673934,425863,453297,153085,529644,,1631,635,860,2251,3421,881,Dereilock,6,86408,3586,,,5,66,,Suspicious,Malicious,242,1445,10630
1640677512297,442,53863,1065656,2024-06-14T05:44:27.000Z,0,0,InitialAccess,T1078;T1078.004,TruePositive,,,CloudLogonRequest,Related,98799,138268,360606,160396,441377,673934,425863,453297,153085,529644,,1631,635,860,2251,3421,881,,289573,117668,3586,,,5,66,,,,242,1445,10630
1039382085643,1146,7756,139690,2024-06-10T14:40:47.000Z,1,1,InitialAccess,T1566.002,TruePositive,,,MailCluster,Related,98799,138268,360606,160396,441377,673934,425863,453297,153085,529644,,1631,635,860,2251,3421,881,,289573,117668,3586,,,5,66,,,Suspicious,242,1445,10630
755914244658,58,10097,3753,2024-06-12T21:07:27.000Z,11,9,InitialAccess,T1566,BenignPositive,,,Mailbox,Impacted,98799,138268,360606,160396,22593,23303,23026,25317,153085,529644,,1631,635,860,2251,3421,881,,289573,117668,3586,,,5,66,,,,242,1445,10630
1142461302794,158,84778,90789,2024-06-10T11:21:01.000Z,352,25639,Exfiltration,,FalsePositive,,,MailMessage,Impacted,98799,138268,360606,160396,441377,15439,425863,453297,153085,18729,,1631,635,860,2251,3421,881,,289573,117668,3586,,,5,66,,,,242,1445,10630
163208758985,669,56176,232983,2024-06-12T21:27:38.000Z,10,8,InitialAccess,T1566.001,BenignPositive,,,File,Related,98799,36413,360606,160396,441377,673934,425863,453297,153085,529644,,1631,635,860,2251,3421,881,,46149,117668,3586,,,5,66,,,,242,1445,10630
472446404829,102,3103,10048,2024-06-11T18:52:27.000Z,646,864,InitialAccess,,BenignPositive,,,User,Impacted,98799,138268,360606,160396,66967,119214,78853,81779,153085,529644,,1631,635,860,2251,3421,881,,289573,117668,3586,,,5,66,,,,242,1445,10630
1391569407770,12,2122,1567,2024-05-24T02:29:58.000Z,16,1424,Impact,,BenignPositive,,,Ip,Related,98799,138268,129,160396,441377,673934,425863,453297,153085,529644,,1631,635,860,2251,3421,881,,289573,117668,3586,,,5,66,,,,242,1445,10630
575525619493,0,98,1300345,2024-06-10T20:12:38.000Z,0,0,InitialAccess,T1078;T1078.004,TruePositive,,,Ip,Related,98799,138268,0,160396,441377,673934,425863,453297,153085,529644,,1631,635,860,2251,3421,881,,289573,117668,3586,,,5,66,,,,2,2,2
1219770715891,12,2330,1224,2024-05-21T06:53:47.000Z,16,41,Impact,,BenignPositive,,,Ip,Related,98799,138268,8510,160396,441377,673934,425863,453297,153085,529644,,1631,635,860,2251,3421,881,,289573,117668,3586,,,5,66,,,,242,1445,10630
386547057417,82,6387,1087,2024-06-06T06:11:06.000Z,1,1,InitialAccess,T1566.002,FalsePositive,,,User,Impacted,98799,138268,360606,160396,1848,901,1843,1943,153085,529644,,1631,635,860,2251,3421,881,,289573,117668,3586,,,5,66,,,,242,1445,10630
1580547967121,102,15785,143432,2024-06-17T02:49:40.000Z,3,1972,SuspiciousActivity,,BenignPositive,,,User,Impacted,98799,138268,360606,160396,34556,56250,35643,39039,153085,529644,,1631,635,860,2251,3421,881,,289573,117668,3586,,,5,66,,Suspicious,Suspicious,242,1445,10630
60129542615,77,35790,100690,2024-06-05T06:06:08.000Z,1,1,InitialAccess,T1566.002,BenignPositive,,,MailCluster,Related,98799,138268,360606,160396,441377,673934,425863,453297,153085,529644,4292791853.0,1631,635,860,2251,3421,881,,289573,117668,3586,,,5,66,,,Malicious,242,1445,10630
1236950582633,159,20157,249428,2024-06-12T04:40:08.000Z,2,2,CommandAndControl,,FalsePositive,,,Process,Related,98799,1,360606,160396,441377,673934,425863,453297,153085,529644,,1631,635,860,2251,3421,881,,1,1,3586,,,5,66,,Suspicious,Suspicious,242,1445,10630
197568497570,39,335513,680318,2024-06-12T02:10:40.000Z,73,54,InitialAccess,T1078;T1078.004,BenignPositive,,,Ip,Related,98799,138268,232740,160396,441377,673934,425863,453297,153085,529644,,1631,635,860,2251,3421,881,,289573,117668,3586,,Contextual,5,66,,,,242,1445,10630
1477468753888,24,17004,336407,2024-06-03T21:16:23.000Z,5,21,SuspiciousActivity,,TruePositive,,,User,Impacted,98799,138268,360606,160396,1941,2581,1935,2051,153085,529644,,1631,635,860,2251,3421,881,,289573,117668,3586,,,5,66,,,,242,1445,10630
1640677508742,21,541,719691,2024-06-06T13:50:11.000Z,3,4,SuspiciousActivity,,BenignPositive,,,Url,Related,98799,138268,360606,2895,441377,673934,425863,453297,153085,529644,,1631,635,860,2251,3421,881,,289573,117668,3586,,,5,66,,Suspicious,Suspicious,242,1445,10630
214748366557,0,87,169319,2024-06-06T16:00:11.000Z,0,0,InitialAccess,T1078;T1078.004,TruePositive,,,User,Impacted,98799,138268,360606,160396,2430,3238,2444,2585,153085,529644,,1631,635,860,2251,3421,881,,289573,117668,3586,,,5,66,,,,242,1445,10630
317827580355,498,145708,1539625,2024-06-13T13:36:03.000Z,520,565,InitialAccess,T1078,FalsePositive,,,Ip,Related,98799,138268,11448,160396,441377,673934,425863,453297,153085,529644,,1631,635,860,2251,3421,881,,289573,117668,3586,,,5,66,,,,242,1445,10630
635655162268,5,60,330783,2024-06-04T02:46:47.000Z,7,6,InitialAccess,,TruePositive,,,CloudLogonRequest,Related,98799,138268,360606,160396,441377,673934,425863,453297,153085,529644,,1631,635,860,2251,3421,881,,289573,117668,3586,,,5,66,,,,242,1445,10630
42949674740,0,130,1256877,2024-06-09T15:09:03.000Z,0,0,InitialAccess,T1078;T1078.004,TruePositive,,,CloudLogonRequest,Related,98799,138268,360606,160396,441377,673934,425863,453297,153085,529644,,1631,635,860,2251,3421,881,,289573,117668,3586,,,5,66,,,,242,1445,10630
1460288882818,90,157,1188240,2024-06-04T17:37:10.000Z,0,0,InitialAccess,T1078;T1078.004,TruePositive,,,Ip,Related,98799,138268,272,160396,441377,673934,425863,453297,153085,529644,,1631,635,860,2251,3421,881,,289573,117668,3586,,,5,66,,,,46,1445,10630
326417519455,4,67,327,2024-05-29T23:53:19.000Z,8,7,InitialAccess,T1133,FalsePositive,,,Machine,Impacted,98799,138268,360606,160396,441377,673934,425863,453297,535,529644,,1631,635,860,2251,3421,881,,289573,117668,3586,,,5,66,,,,242,1445,10630
1365799602593,5,447,397788,2024-06-10T14:53:40.000Z,19,15,InitialAccess,,TruePositive,,,CloudLogonSession,Related,98799,138268,360606,160396,441377,673934,425863,453297,153085,529644,,1631,635,860,2251,3421,881,,289573,117668,3586,,,5,66,,,,242,1445,10630
257698037900,11,400323,909471,2024-06-03T10:58:53.000Z,0,0,InitialAccess,T1078;T1078.004,FalsePositive,,,CloudLogonRequest,Related,98799,138268,360606,160396,441377,673934,425863,453297,153085,529644,,1631,635,860,2251,3421,881,,289573,117668,3586,,,5,66,,,,242,1445,10630
1288490191344,661,60834,119628,2024-06-13T18:49:26.000Z,13,11,InitialAccess,T1566,BenignPositive,,,MailMessage,Related,98799,138268,360606,160396,441377,86941,425863,453297,153085,48341,,1631,635,860,2251,3421,881,,289573,117668,3586,,,5,66,,,,242,1445,10630
601295423125,1,304,178131,2024-06-04T07:53:27.000Z,7,6,InitialAccess,,TruePositive,,,CloudLogonRequest,Related,98799,138268,360606,160396,441377,673934,425863,453297,153085,529644,,1631,635,860,2251,3421,881,,289573,117668,3586,,,5,66,,,,242,1445,10630
51539609388,0,100,393419,2024-06-11T20:20:04.000Z,0,0,InitialAccess,T1078;T1078.004,TruePositive,,,Ip,Related,98799,138268,0,160396,441377,673934,425863,453297,153085,529644,,1631,635,860,2251,3421,881,,289573,117668,3586,,,5,66,,,,2,2,2
1279900259409,46,3498,2337,2024-06-03T14:47:07.000Z,800,1112,CredentialAccess,T1110,FalsePositive,,,Url,Related,98799,138268,360606,103212,441377,673934,425863,453297,153085,529644,,1631,635,860,2251,3421,881,,289573,117668,3586,,,5,66,,,,242,1445,10630
609885357131,440,59041,40327,2024-06-06T12:53:38.000Z,10,8,InitialAccess,T1566.001,TruePositive,,,Mailbox,Impacted,98799,138268,360606,160396,41834,39041,46812,47376,153085,529644,,1631,635,860,2251,3421,881,,289573,117668,3586,,,5,66,,,NoThreatsFound,242,1445,10630
652835030879,0,95,542352,2024-06-09T09:54:22.000Z,7,6,InitialAccess,,TruePositive,,,User,Impacted,98799,138268,360606,160396,1535,2082,1533,1617,153085,529644,,1631,635,860,2251,3421,881,,289573,117668,3586,,,5,66,,,,242,1445,10630
274877910598,3,37976,271807,2024-06-05T16:20:41.000Z,2,2,CommandAndControl,,BenignPositive,,,User,Impacted,98799,138268,360606,160396,14650,24142,14347,15506,153085,529644,,1631,635,860,2251,3421,881,,289573,117668,3586,,,5,66,,Suspicious,Suspicious,242,1445,10630
25769807559,536,497,480277,2024-06-15T05:43:55.000Z,835,3603,Exfiltration,,FalsePositive,,,Machine,Impacted,98799,138268,360606,160396,441377,673934,425863,453297,2496,529644,,1631,635,860,2251,3421,881,,289573,117668,3586,,,5,66,,,,242,1445,10630
60129545626,2,4592,6075,2024-06-11T23:51:04.000Z,18,14,Exfiltration,,BenignPositive,,,User,Impacted,98799,138268,360606,160396,441377,289208,425863,117290,153085,529644,,1631,635,860,2251,3421,881,,289573,117668,3586,,,5,66,,,,242,1445,10630
979252544162,1012,28124,75788,2024-06-04T12:36:34.000Z,1414,2886,Persistence,T1546.012,BenignPositive,,,Machine,Impacted,4787,138268,360606,160396,441377,673934,425863,453297,8745,529644,,1631,635,860,2251,3421,881,,289573,117668,3586,,,0,0,,Suspicious,Suspicious,242,1445,10630
1219770716144,20,1862,1410,2024-06-02T04:47:40.000Z,79,58,Impact,,BenignPositive,,,Ip,Related,98799,138268,1020,160396,441377,673934,425863,453297,153085,529644,,1631,635,860,2251,3421,881,,289573,117668,3586,,,5,66,,,,242,1445,10630
197568500395,38,259293,1315352,2024-06-13T00:49:52.000Z,0,0,InitialAccess,T1078;T1078.004,TruePositive,,,CloudLogonRequest,Related,98799,138268,360606,160396,441377,673934,425863,453297,153085,529644,,1631,635,860,2251,3421,881,,289573,117668,3586,,,5,66,,,,242,1445,10630
850403526006,65,366510,1144837,2024-06-13T13:19:21.000Z,76,56,SuspiciousActivity,,FalsePositive,,,File,Related,98799,8,360606,160396,441377,673934,425863,453297,153085,529644,,1631,635,860,2251,3421,881,,9,0,3586,,,5,66,,,,242,1445,10630
1589137903875,323,4787,28631,2024-06-13T00:50:09.000Z,228,208,Exfiltration,,BenignPositive,,,User,Impacted,98799,138268,360606,160396,2777,3609,2786,2929,153085,529644,,1631,635,860,2251,3421,881,,289573,117668,3586,,,5,66,,,,242,1445,10630
781684050431,649,33750,767617,2024-06-13T16:20:15.000Z,2,2,CommandAndControl,,BenignPositive,,,Url,Related,98799,138268,360606,0,441377,673934,425863,453297,153085,529644,,1631,635,860,2251,3421,881,,289573,117668,3586,,,5,66,,Suspicious,Suspicious,242,1445,10630
661424965391,0,392,321898,2024-06-09T07:37:56.000Z,14,12,CredentialAccess,T1110;T1110.003;T1110.001,TruePositive,,,CloudLogonRequest,Related,98799,138268,360606,160396,441377,673934,425863,453297,153085,529644,,1631,635,860,2251,3421,881,,289573,117668,3586,,,5,66,,,,242,1445,10630
541165880003,462,22340,8223,2024-06-02T07:52:13.000Z,458,76,Persistence,T1078;T1098,BenignPositive,,,User,Impacted,98799,138268,360606,160396,42098,77117,43104,48245,153085,529644,,1631,635,860,2251,3421,881,,289573,117668,3586,,,5,66,,,,242,1445,10630
618475291713,310,43015,302441,2024-06-05T16:20:14.000Z,6,5,InitialAccess,T1566,TruePositive,,,MailCluster,Related,98799,138268,360606,160396,441377,673934,425863,453297,153085,529644,3764441340.0,1631,635,860,2251,3421,881,,289573,117668,3586,,,5,66,,,NoThreatsFound,242,1445,10630
944892808565,35,276,405992,2024-06-08T02:50:43.000Z,0,0,InitialAccess,T1078;T1078.004,TruePositive,,,CloudLogonRequest,Related,98799,138268,360606,160396,441377,673934,425863,453297,153085,529644,,1631,635,860,2251,3421,881,,289573,117668,3586,,,5,66,,,,242,1445,10630
1125281433373,0,80,323692,2024-06-06T01:27:23.000Z,0,0,InitialAccess,T1078;T1078.004,TruePositive,,,Ip,Related,98799,138268,3,160396,441377,673934,425863,453297,153085,529644,,1631,635,860,2251,3421,881,,289573,117668,3586,,,5,66,,,,4,4,12
730144441024,217,74022,685927,2024-06-13T00:38:38.000Z,2,2,CommandAndControl,,BenignPositive,,,Process,Related,98799,1,360606,160396,441377,673934,425863,453297,153085,529644,,1631,635,860,2251,3421,881,,1,1,3586,,,5,66,,Suspicious,Suspicious,242,1445,10630
300647713174,5,350,330377,2024-06-09T08:50:54.000Z,0,0,InitialAccess,T1078;T1078.004,TruePositive,,,User,Impacted,98799,138268,360606,160396,123,172,115,142,153085,529644,,1631,635,860,2251,3421,881,,289573,117668,3586,,,5,66,,,,242,1445,10630
335007450318,193,30719,423589,2024-06-14T13:16:15.000Z,44,114,UnwantedSoftware,,BenignPositive,,,User,Impacted,98799,138268,360606,160396,889,1238,887,946,153085,529644,,1631,635,860,2251,3421,881,,289573,117668,3586,,,5,66,,Suspicious,Suspicious,242,1445,10630
309237646697,216,35677,17350,2024-06-05T10:55:34.000Z,1,1,InitialAccess,T1566.002,TruePositive,,,Url,Related,98799,138268,360606,12329,441377,673934,425863,453297,153085,529644,,1631,635,860,2251,3421,881,,289573,117668,3586,,,5,66,,,NoThreatsFound,242,1445,10630
1022202218016,595,1363,41966,2024-06-11T15:40:52.000Z,1,1,InitialAccess,T1566.002,BenignPositive,,,User,Impacted,98799,138268,360606,160396,46436,43092,41772,50919,153085,529644,,1631,635,860,2251,3421,881,,289573,117668,3586,,,5,66,,,,242,1445,10630
1185410978955,46,6313,4056,2024-06-08T11:46:48.000Z,64,42,CommandAndControl,T1568;T1008,BenignPositive,,,Ip,Related,98799,138268,4378,160396,441377,673934,425863,453297,153085,529644,,1631,635,860,2251,3421,881,,289573,117668,3586,,,5,66,,,,242,1445,10630
420906797648,98,348495,1009427,2024-06-12T04:05:05.000Z,0,0,InitialAccess,T1078;T1078.004,FalsePositive,,,User,Impacted,98799,138268,360606,160396,208085,442163,243868,309257,153085,529644,,1631,635,860,2251,3421,881,,289573,117668,3586,,,5,66,,,,242,1445,10630
1597727838178,10,2712,464,2024-05-26T14:35:58.000Z,12,782,Impact,,TruePositive,,,Ip,Related,98799,138268,4429,160396,441377,673934,425863,453297,153085,529644,,1631,635,860,2251,3421,881,,289573,117668,3586,,,5,66,,,,242,1445,10630
1571958035529,126,626,1244170,2024-06-04T03:02:40.000Z,7,6,InitialAccess,,TruePositive,,,Ip,Related,98799,138268,364,160396,441377,673934,425863,453297,153085,529644,,1631,635,860,2251,3421,881,,289573,117668,3586,,,5,66,,,,1,0,0
515396080348,4,2785,505,2024-05-28T11:36:56.000Z,8,7,InitialAccess,T1133,FalsePositive,,,Machine,Impacted,98799,138268,360606,160396,441377,673934,425863,453297,721,529644,,1631,635,860,2251,3421,881,,289573,117668,3586,,,5,66,,,,242,1445,10630
1030792156294,96,477718,581743,2024-06-11T11:53:10.000Z,5,109,SuspiciousActivity,,FalsePositive,,,User,Impacted,98799,138268,360606,160396,17317,28276,17370,18435,153085,529644,,1631,635,860,2251,3421,881,,289573,117668,3586,,,5,66,,,,242,1445,10630
858993460264,47,997,3326,2024-06-09T11:00:46.000Z,57,29,CommandAndControl,T1046;T1071;T1210,FalsePositive,,,Url,Related,98799,138268,360606,468,441377,673934,425863,453297,153085,529644,,1631,635,860,2251,3421,881,,289573,117668,3586,,,5,66,,,,242,1445,10630
94489281685,747,352091,1068457,2024-06-05T06:40:36.000Z,73,54,InitialAccess,T1078;T1078.004,BenignPositive,,,Ip,Related,98799,138268,248473,160396,441377,673934,425863,453297,153085,529644,,1631,635,860,2251,3421,881,,289573,117668,3586,,Contextual,5,66,,,,10,1445,10630
609885359850,12,1458,1200,2024-06-02T01:26:56.000Z,16,146,Impact,,BenignPositive,,,Ip,Related,98799,138268,2584,160396,441377,673934,425863,453297,153085,529644,,1631,635,860,2251,3421,881,,289573,117668,3586,,,5,66,,,,242,1445,10630
171798695887,14,219,79,2024-05-27T04:34:57.000Z,41,686,Impact,,TruePositive,,,Ip,Related,98799,138268,1249,160396,441377,673934,425863,453297,153085,529644,,1631,635,860,2251,3421,881,,289573,117668,3586,,,5,66,,,,242,1445,10630
223338301643,52,1025,369045,2024-06-07T10:04:32.000Z,225,207,InitialAccess,T1566.002,TruePositive,,,MailMessage,Related,98799,138268,360606,160396,441377,673934,425863,453297,153085,2159,,1631,635,860,2251,3421,881,,289573,117668,3586,,,5,66,,,,242,1445,10630
438086665839,7,175,855,2024-05-26T20:13:39.000Z,21,1047,Impact,,FalsePositive,,,Ip,Related,98799,138268,804,160396,441377,673934,425863,453297,153085,529644,,1631,635,860,2251,3421,881,,289573,117668,3586,,,5,66,,,,242,1445,10630
687194772270,226,162,1027218,2024-06-14T08:02:08.000Z,4,3,InitialAccess,,TruePositive,,,Ip,Related,98799,138268,88349,160396,441377,673934,425863,453297,153085,529644,,1631,635,860,2251,3421,881,,289573,117668,3586,,,5,66,,,,0,1,90
816043786241,25,105,19535,2024-06-11T18:00:40.000Z,67,9038,Exfiltration,,BenignPositive,,,MailMessage,Impacted,98799,138268,360606,160396,441377,425261,425863,453297,153085,1437,,1631,635,860,2251,3421,881,,289573,117668,3586,,,5,66,,,,242,1445,10630
841813592613,452,20153,15315,2024-06-02T20:50:31.000Z,91,68,CredentialAccess,T1110;T1110.001;T1110.003,FalsePositive,,,User,Related,98799,138268,360606,160396,17583,30022,17900,5802,153085,529644,,1631,635,860,2251,3421,881,,289573,117668,3586,,Contextual,5,66,,,,242,1445,10630
343597385769,23,512,74805,2024-06-04T12:21:22.000Z,4,3,InitialAccess,,TruePositive,,,Ip,Related,98799,138268,9389,160396,441377,673934,425863,453297,153085,529644,,1631,635,860,2251,3421,881,,289573,117668,3586,,,5,66,,,,16,1445,10630
1683627180596,58,7882,2650,2024-06-13T22:55:22.000Z,11,9,InitialAccess,T1566,BenignPositive,,,Mailbox,Impacted,98799,138268,360606,160396,20335,20938,21186,23361,153085,529644,,1631,635,860,2251,3421,881,,289573,117668,3586,,,5,66,,,,242,1445,10630
1623497641766,12,2231,1400,2024-05-22T13:24:45.000Z,16,130,Impact,,BenignPositive,,,Ip,Related,98799,138268,118,160396,441377,673934,425863,453297,153085,529644,,1631,635,860,2251,3421,881,,289573,117668,3586,,,5,66,,,,242,1445,10630
1314259996334,3,176530,608027,2024-06-05T08:32:23.000Z,3,4,SuspiciousActivity,,BenignPositive,,,User,Impacted,98799,138268,360606,160396,302342,364823,228345,295271,153085,529644,,1631,635,860,2251,3421,881,,289573,117668,3586,,,5,66,,Suspicious,Suspicious,242,1445,10630
68719478487,0,79,1180159,2024-06-05T08:26:35.000Z,0,0,InitialAccess,T1078;T1078.004,TruePositive,,,User,Impacted,98799,138268,360606,160396,6375,9295,6456,6920,153085,529644,,1631,635,860,2251,3421,881,,289573,117668,3586,,,5,66,,,,242,1445,10630
790273986402,109,138809,212536,2024-06-12T22:06:02.000Z,75,13489,Exfiltration,,BenignPositive,,,MailMessage,Impacted,98799,138268,360606,160396,441377,215,425863,453297,153085,227680,,1631,635,860,2251,3421,881,,289573,117668,3586,,,5,66,,,,242,1445,10630
214748367858,254,752,57662,2024-06-04T12:31:31.000Z,208,195,Exfiltration,,BenignPositive,,,Machine,Impacted,8,138268,360606,160396,441377,673934,425863,453297,7,529644,,1631,635,860,2251,3421,881,,289573,117668,3586,,,5,66,,,,242,1445,10630
1563368098756,55,1194,818,2024-06-05T12:28:46.000Z,1,1,InitialAccess,T1566.002,FalsePositive,,,User,Impacted,98799,138268,360606,160396,164053,146383,160829,132157,153085,529644,,1631,635,860,2251,3421,881,,289573,117668,3586,,,5,66,,,,242,1445,10630
833223658955,250,4561,142415,2024-06-05T17:02:31.000Z,3,4,SuspiciousActivity,,BenignPositive,,,Ip,Related,98799,138268,11677,160396,441377,673934,425863,453297,153085,529644,,1631,635,860,2251,3421,881,,289573,117668,3586,,,5,66,,Suspicious,Suspicious,242,1445,10630
1374389539716,190,36388,35218,2024-06-09T20:28:46.000Z,6,5,InitialAccess,T1566,FalsePositive,,,MailMessage,Related,98799,138268,360606,160396,441377,9419,425863,453297,153085,2710,,1631,635,860,2251,3421,881,,289573,117668,3586,,,5,66,Inbound,,,242,1445,10630
352187319885,1,729,54055,2024-06-03T09:43:55.000Z,0,0,InitialAccess,T1078;T1078.004,TruePositive,,,CloudLogonSession,Related,98799,138268,360606,160396,441377,673934,425863,453297,153085,529644,,1631,635,860,2251,3421,881,,289573,117668,3586,,,5,66,,,,242,1445,10630
1176821043661,780,80898,1515437,2024-06-13T18:36:45.000Z,4313,24358,InitialAccess,,BenignPositive,,,Mailbox,Impacted,98799,138268,360606,160396,441377,634879,425863,453297,153085,529644,,1631,635,860,2251,3421,881,,289573,117668,3586,,,5,66,,,,242,1445,10630
644245095512,47,8076,4040,2024-05-30T13:06:56.000Z,71,2061,Impact,,FalsePositive,,,Ip,Related,98799,138268,15412,160396,441377,673934,425863,453297,153085,529644,,1631,635,860,2251,3421,881,,289573,117668,3586,,,5,66,,,,242,1445,10630
1606317773726,654,27507,987874,2024-06-08T01:15:49.000Z,0,0,InitialAccess,T1078;T1078.004,TruePositive,,,CloudLogonSession,Related,98799,138268,360606,160396,441377,673934,425863,453297,153085,529644,,1631,635,860,2251,3421,881,,289573,117668,3586,,,5,66,,,,242,1445,10630
850403527954,62,484334,1397454,2024-06-11T06:45:57.000Z,5,39,SuspiciousActivity,,TruePositive,,,Ip,Related,98799,138268,17355,160396,441377,673934,425863,453297,153085,529644,,1631,635,860,2251,3421,881,,289573,117668,3586,,Contextual,5,66,,,,242,1445,10630
867583394450,17,209158,47054,2024-06-11T16:29:34.000Z,20,2091,Exfiltration,,FalsePositive,,,Mailbox,Related,98799,138268,360606,160396,441377,2,425863,453297,153085,529644,,1631,635,860,2251,3421,881,,289573,117668,3586,,,5,66,,,,242,1445,10630
876173332189,3,41527,616720,2024-06-09T23:19:00.000Z,3,4,SuspiciousActivity,,BenignPositive,,,Ip,Related,98799,138268,4790,160396,441377,673934,425863,453297,153085,529644,,1631,635,860,2251,3421,881,,289573,117668,3586,,,5,66,,Suspicious,Suspicious,242,1445,10630
1563368098446,8,76490,263934,2024-06-09T22:23:45.000Z,3,4,SuspiciousActivity,,TruePositive,,,Ip,Related,98799,138268,5739,160396,441377,673934,425863,453297,153085,529644,,1631,635,860,2251,3421,881,,289573,117668,3586,,,5,66,,Suspicious,Suspicious,242,1445,10630
609885358880,34,232471,614690,2024-06-08T11:31:04.000Z,3,4,SuspiciousActivity,,BenignPositive,,,User,Impacted,98799,138268,360606,160396,30,44,425863,32,153085,529644,,1631,635,860,2251,3421,881,,289573,117668,3586,,,5,66,,Suspicious,Suspicious,242,1445,10630
1082331762917,555,996,770759,2024-06-07T19:22:49.000Z,312,310,DefenseEvasion,T1055;T1055.001;T1055.002;T1055.003;T1055.004;T1055.005;T1055.012,FalsePositive,,,User,Impacted,98799,138268,360606,160396,614,803,425863,649,153085,529644,,1631,635,860,2251,3421,881,,289573,117668,3586,,,5,66,,Suspicious,Suspicious,242,1445,10630
1176821043207,280,10720,117873,2024-06-13T17:09:54.000Z,6,5,InitialAccess,T1566,TruePositive,,,Mailbox,Impacted,98799,138268,360606,160396,23952,21477,23957,26462,153085,529644,,1631,635,860,2251,3421,881,,289573,117668,3586,,,5,66,,,NoThreatsFound,242,1445,10630
455266535145,0,199,1238523,2024-06-03T19:00:49.000Z,0,0,InitialAccess,T1078;T1078.004,TruePositive,,,Ip,Related,98799,138268,585,160396,441377,673934,425863,453297,153085,529644,,1631,635,860,2251,3421,881,,289573,117668,3586,,,5,66,,,,7,8,6
481036340449,97,65354,45741,2024-06-11T12:11:05.000Z,1,1,InitialAccess,T1566.002,FalsePositive,,,MailMessage,Related,98799,138268,360606,160396,441377,27920,425863,453297,153085,15348,,1631,635,860,2251,3421,881,,289573,117668,3586,,,5,66,Inbound,,Malicious,242,1445,10630
438086669019,38,287433,739233,2024-06-05T19:30:34.000Z,2,2,CommandAndControl,,BenignPositive,,,Machine,Impacted,87869,138268,360606,160396,441377,673934,425863,453297,141420,529644,,1631,635,860,2251,3421,881,,289573,117668,3586,,,0,0,,Suspicious,Suspicious,242,1445,10630
292057778887,8,49152,200062,2024-06-11T01:42:14.000Z,3,4,SuspiciousActivity,,TruePositive,,,User,Impacted,98799,138268,360606,160396,247,331,232,268,153085,529644,,1631,635,860,2251,3421,881,,289573,117668,3586,,,5,66,,Suspicious,Suspicious,242,1445,10630
180388630107,3,61142,277021,2024-06-05T20:54:54.000Z,2,2,CommandAndControl,,BenignPositive,,,Url,Related,98799,138268,360606,97170,441377,673934,425863,453297,153085,529644,,1631,635,860,2251,3421,881,,289573,117668,3586,,,5,66,,Suspicious,Suspicious,242,1445,10630
1554778162024,319,29417,663597,2024-06-05T16:06:24.000Z,33,22,InitialAccess,,FalsePositive,,,User,Impacted,98799,138268,360606,160396,10807,9857,10654,11541,153085,529644,,1631,635,860,2251,3421,881,,289573,117668,3586,,,5,66,,,,242,1445,10630
1537598295884,68,506110,1469863,2024-06-04T06:15:13.000Z,25,17,InitialAccess,,BenignPositive,,,MailMessage,Related,98799,138268,360606,160396,441377,20697,425863,453297,153085,432591,,1631,635,860,2251,3421,881,,289573,117668,3586,,,5,66,,,,242,1445,10630
1211180780612,471,5818,917,2024-06-03T17:53:30.000Z,1,1,InitialAccess,T1566.002,FalsePositive,,,Mailbox,Impacted,98799,138268,360606,160396,16821,10323,17186,9934,153085,529644,,1631,635,860,2251,3421,881,,289573,117668,3586,,,5,66,,,,242,1445,10630
627065226947,0,375,323821,2024-06-10T06:20:22.000Z,0,0,InitialAccess,T1078;T1078.004,TruePositive,,,Ip,Related,98799,138268,28,160396,441377,673934,425863,453297,153085,529644,,1631,635,860,2251,3421,881,,289573,117668,3586,,,5,66,,,,0,1,1
1675037248438,618,38958,579364,2024-06-10T20:47:17.000Z,9,7165,Execution,,BenignPositive,,,File,Related,98799,138268,360606,160396,441377,673934,425863,453297,153085,529644,,1631,635,860,2251,3421,881,,87058,117668,3586,,,5,66,,,,242,1445,10630
670014901898,148,20,1133173,2024-06-03T07:38:21.000Z,124,78797,Exfiltration,,TruePositive,,,File,Impacted,98799,138268,360606,160396,441377,673934,425863,453297,153085,529644,,1631,635,860,2251,3421,881,,159703,0,3586,,,5,66,,,,242,1445,10630
1125281436042,191,138983,60291,2024-06-11T20:43:22.000Z,6,5,InitialAccess,T1566,BenignPositive,,,MailCluster,Related,98799,138268,360606,160396,441377,673934,425863,453297,153085,529644,1483700396.0,1631,635,860,2251,3421,881,,289573,117668,3586,,,5,66,,,,242,1445,10630
515396076533,56,327331,739462,2024-06-12T16:44:10.000Z,2,2,CommandAndControl,,BenignPositive,,,Process,Related,98799,39225,360606,160396,441377,673934,425863,453297,153085,529644,,1631,635,860,2251,3421,881,,71597,10157,3586,,,5,66,,Suspicious,Suspicious,242,1445,10630
206158431540,339,8056,2472,2024-06-08T00:44:45.000Z,323,33,Persistence,T1078;T1098,FalsePositive,,,User,Impacted,98799,138268,360606,160396,112636,182542,110420,112252,153085,529644,,1631,635,860,2251,3421,881,,289573,117668,3586,,,5,66,,,,242,1445,10630
1090921696061,34,279879,608060,2024-06-05T16:13:45.000Z,3,1050,SuspiciousActivity,,BenignPositive,,,Url,Related,98799,138268,360606,756,441377,673934,425863,453297,153085,529644,,1631,635,860,2251,3421,881,,289573,117668,3586,,,5,66,,,,242,1445,10630
1065151891112,0,347,328178,2024-06-10T12:48:23.000Z,7,6,InitialAccess,,TruePositive,,,CloudLogonRequest,Related,98799,138268,360606,160396,441377,673934,425863,453297,153085,529644,,1631,635,860,2251,3421,881,,289573,117668,3586,,,5,66,,,,242,1445,10630
111669150764,125,4446,11492,2024-06-12T03:49:52.000Z,397,5939,Exfiltration,,BenignPositive,,,File,Impacted,98799,138268,360606,160396,441377,673934,425863,453297,153085,529644,,1631,635,860,2251,3421,881,,7946,195,3586,,,5,66,,,,242,1445,10630
438086665841,7,296,1749,2024-06-01T13:01:31.000Z,21,41,Impact,,FalsePositive,,,Ip,Related,98799,138268,16659,160396,441377,673934,425863,453297,153085,529644,,1631,635,860,2251,3421,881,,289573,117668,3586,,,5,66,,,,242,1445,10630
584115553996,0,564,180150,2024-06-04T04:47:08.000Z,0,0,InitialAccess,T1078;T1078.004,TruePositive,,,CloudLogonRequest,Related,98799,138268,360606,160396,441377,673934,425863,453297,153085,529644,,1631,635,860,2251,3421,881,,289573,117668,3586,,,5,66,,,,242,1445,10630
343597385541,0,140,161734,2024-06-10T11:09:45.000Z,0,0,InitialAccess,T1078;T1078.004,TruePositive,,,CloudLogonRequest,Related,98799,138268,360606,160396,441377,673934,425863,453297,153085,529644,,1631,635,860,2251,3421,881,,289573,117668,3586,,,5,66,,,,242,1445,10630
128849019862,1013,6974,728335,2024-06-12T05:37:38.000Z,3,4,SuspiciousActivity,,FalsePositive,,,Process,Related,98799,7,360606,160396,441377,673934,425863,453297,153085,529644,,1631,635,860,2251,3421,881,,0,2,3586,,,5,66,,Suspicious,Suspicious,242,1445,10630
1073741827476,2,30680,9635,2024-06-09T04:59:36.000Z,18,14,Exfiltration,,BenignPositive,,,MailMessage,Impacted,98799,138268,360606,160396,441377,430798,425863,453297,153085,17586,,1631,635,860,2251,3421,881,,289573,117668,3586,,,5,66,,,,242,1445,10630
730144442409,31,5604,2181,2024-06-04T17:04:19.000Z,89,853,Exfiltration,,BenignPositive,,,MailMessage,Impacted,98799,138268,360606,160396,441377,11865,425863,453297,153085,668,,1631,635,860,2251,3421,881,,289573,117668,3586,,,5,66,,,,242,1445,10630
1125281435995,36,1281,9218,2024-06-03T07:46:29.000Z,1,1,InitialAccess,T1566.002,BenignPositive,,,User,Impacted,98799,138268,360606,160396,11860,75546,12140,12877,153085,529644,,1631,635,860,2251,3421,881,,289573,117668,3586,,,5,66,,,,242,1445,10630
352187322096,68,112664,31262,2024-06-12T01:36:49.000Z,35,23,InitialAccess,T1566,BenignPositive,,,Mailbox,Impacted,98799,138268,360606,160396,3523,4695,3487,3693,153085,529644,,1631,635,860,2251,3421,881,,289573,117668,3586,,,5,66,,,,242,1445,10630
1262720386789,0,72,1262517,2024-06-10T04:09:01.000Z,0,0,InitialAccess,T1078;T1078.004,TruePositive,,,CloudLogonRequest,Related,98799,138268,360606,160396,441377,673934,425863,453297,153085,529644,,1631,635,860,2251,3421,881,,289573,117668,3586,,,5,66,,,,242,1445,10630
395136993169,675,4260,9934,2024-06-13T01:21:24.000Z,1,1,InitialAccess,T1566.002,FalsePositive,,,MailMessage,Related,98799,138268,360606,160396,441377,9592,425863,453297,153085,148355,,1631,635,860,2251,3421,881,,289573,117668,3586,,,5,66,,,,242,1445,10630
455266538373,409,46386,462504,2024-06-13T19:52:18.000Z,6,5,InitialAccess,T1566,TruePositive,,,MailMessage,Related,98799,138268,360606,160396,441377,190911,425863,453297,153085,239634,,1631,635,860,2251,3421,881,,289573,117668,3586,,,5,66,,,,242,1445,10630
1194000911087,1635,10207,358613,2024-06-05T00:30:58.000Z,47,30,InitialAccess,T1566.002,TruePositive,,,Url,Related,98799,138268,360606,5017,441377,673934,425863,453297,153085,529644,,1631,635,860,2251,3421,881,,289573,117668,3586,,,5,66,,,Malicious,242,1445,10630
876173329018,42,10138,1431068,2024-06-13T14:53:51.000Z,31,11620,Malware,,BenignPositive,,,File,Related,98799,4776,360606,160396,441377,673934,425863,453297,153085,529644,,1631,635,860,2251,3421,881,Downloader,6,87720,3586,,,5,66,,Suspicious,Malicious,242,1445,10630
1374389539213,53,161,75,2024-06-04T03:22:44.000Z,61,44,InitialAccess,T1190;T1133,FalsePositive,,,Ip,Related,98799,138268,17180,160396,441377,673934,425863,453297,153085,529644,,1631,635,860,2251,3421,881,,289573,117668,3586,,,5,66,,,,242,1445,10630
1365799603784,3,52464,199572,2024-06-10T16:54:19.000Z,3,135,SuspiciousActivity,,BenignPositive,,,User,Impacted,98799,138268,360606,160396,158495,213284,169332,159350,153085,529644,,1631,635,860,2251,3421,881,,289573,117668,3586,,,5,66,,Suspicious,Suspicious,242,1445,10630
335007450722,70,9474,17355,2024-06-16T02:01:09.000Z,1,1,InitialAccess,T1566.002,BenignPositive,,,MailMessage,Related,98799,138268,360606,160396,441377,6215,425863,453297,153085,55627,,1631,635,860,2251,3421,881,,289573,117668,3586,,,5,66,Inbound,,NoThreatsFound,242,1445,10630
1219770715891,12,2330,1224,2024-05-21T06:53:47.000Z,16,41,Impact,,BenignPositive,,,Ip,Related,98799,138268,1500,160396,441377,673934,425863,453297,153085,529644,,1631,635,860,2251,3421,881,,289573,117668,3586,,,5,66,,,,242,1445,10630
1632087574716,52,1155,82646,2024-06-12T13:51:06.000Z,386,363,Impact,T1485;T1565;T1491,BenignPositive,,,Ip,Related,98799,138268,10075,160396,441377,673934,425863,453297,153085,529644,,1631,635,860,2251,3421,881,,289573,117668,3586,,,5,66,,,,242,1445,10630
1597727836101,227,33778,28947,2024-06-12T23:49:23.000Z,1,1,InitialAccess,T1566.002,TruePositive,,,Url,Related,98799,138268,360606,4109,441377,673934,425863,453297,153085,529644,,1631,635,860,2251,3421,881,,289573,117668,3586,,,5,66,,,Malicious,242,1445,10630
1159641170019,702,48042,818100,2024-06-13T00:40:55.000Z,0,0,InitialAccess,T1078;T1078.004,FalsePositive,,,CloudLogonSession,Related,98799,138268,360606,160396,441377,673934,425863,453297,153085,529644,,1631,635,860,2251,3421,881,,289573,117668,3586,,,5,66,,,,242,1445,10630
498216206864,77,124124,224223,2024-06-13T09:34:03.000Z,1,1,InitialAccess,T1566.002,BenignPositive,,,MailMessage,Related,98799,138268,360606,160396,441377,8338,425863,453297,153085,234077,,1631,635,860,2251,3421,881,,289573,117668,3586,,,5,66,,,,242,1445,10630
1202590846037,55,42979,26472,2024-06-16T13:56:23.000Z,1,1,InitialAccess,T1566.002,TruePositive,,,Url,Related,98799,138268,360606,145252,441377,673934,425863,453297,153085,529644,,1631,635,860,2251,3421,881,,289573,117668,3586,,,5,66,,,NoThreatsFound,242,1445,10630
103079216832,0,342358,174153,2024-06-06T19:48:58.000Z,4,3,InitialAccess,,TruePositive,,,User,Impacted,98799,138268,360606,160396,184,254,171,204,153085,529644,,1631,635,860,2251,3421,881,,289573,117668,3586,,,5,66,,,,242,1445,10630
111669154679,37,34,39519,2024-06-06T10:04:29.000Z,395,15710,Exfiltration,,FalsePositive,,,CloudApplication,Impacted,98799,138268,360606,160396,441377,673934,425863,453297,153085,529644,,1631,635,860,2,2,881,,289573,117668,3586,,,5,66,,,,242,1445,10630
1709396983874,6,2378,1333,2024-05-30T08:57:07.000Z,17,81,Impact,,BenignPositive,,,Ip,Related,98799,138268,4921,160396,441377,673934,425863,453297,153085,529644,,1631,635,860,2251,3421,881,,289573,117668,3586,,,5,66,,,,242,1445,10630
1614907708073,9,160,64955,2024-06-14T19:55:50.000Z,40,21650,Exfiltration,,BenignPositive,,,User,Impacted,98799,138268,360606,160396,463,617,456,499,153085,529644,,1631,635,860,2251,3421,881,,289573,117668,3586,,,5,66,,,,242,1445,10630
532575949592,4,2812,536,2024-05-27T07:50:23.000Z,8,7,InitialAccess,T1133,FalsePositive,,,Machine,Impacted,98799,138268,360606,160396,441377,673934,425863,453297,391,529644,,1631,635,860,2251,3421,881,,289573,117668,3586,,,5,66,,,,242,1445,10630
1477468752024,13,17144,14307,2024-06-14T13:04:35.000Z,34,1205,Exfiltration,,BenignPositive,,,File,Impacted,98799,2028,360606,160396,441377,673934,425863,453297,153085,529644,,1631,635,860,2251,3421,881,,2322,26,3586,,,5,66,,,,242,1445,10630
25769806671,75,37,1263575,2024-06-04T12:34:30.000Z,0,0,InitialAccess,T1078;T1078.004,TruePositive,,,Ip,Related,98799,138268,7,160396,441377,673934,425863,453297,153085,529644,,1631,635,860,2251,3421,881,,289573,117668,3586,,,5,66,,,,4,21,23
42949675694,8,9237,143299,2024-06-14T02:51:56.000Z,3,4,SuspiciousActivity,,TruePositive,,,User,Impacted,98799,138268,360606,160396,16,28,14,17,153085,529644,,1631,635,860,2251,3421,881,,289573,117668,3586,,,5,66,,Suspicious,Suspicious,242,1445,10630
1288490192566,3,269273,203873,2024-06-14T08:51:22.000Z,3,4,SuspiciousActivity,,BenignPositive,,,Ip,Related,98799,138268,49116,160396,441377,673934,425863,453297,153085,529644,,1631,635,860,2251,3421,881,,289573,117668,3586,,,5,66,,Suspicious,Suspicious,242,1445,10630
1340029799695,2,6317,9371,2024-06-06T08:26:50.000Z,15,13,Exfiltration,,BenignPositive,,,MailMessage,Impacted,98799,138268,360606,160396,441377,53948,425863,453297,153085,75413,,1631,635,860,2251,3421,881,,289573,117668,3586,,,5,66,,,,242,1445,10630
1279900255954,856,84000,60539,2024-06-13T20:37:29.000Z,1,1,InitialAccess,T1566.002,FalsePositive,,,Url,Related,98799,138268,360606,14812,441377,673934,425863,453297,153085,529644,,1631,635,860,2251,3421,881,,289573,117668,3586,,,5,66,,,Malicious,242,1445,10630
730144444398,14,4033,2871,2024-05-30T15:35:11.000Z,29,20,Impact,,TruePositive,,,Ip,Related,98799,138268,2628,160396,441377,673934,425863,453297,153085,529644,,1631,635,860,2251,3421,881,,289573,117668,3586,,,5,66,,,,242,1445,10630
1348619733773,29,263,383,2024-06-11T12:35:56.000Z,54,33,Persistence,T1078;T1098,BenignPositive,,,User,Impacted,98799,138268,360606,160396,53592,94373,54606,60575,153085,529644,,1631,635,860,2251,3421,881,,289573,117668,3586,,,5,66,,,,242,1445,10630
1176821042992,12,1588,1225,2024-06-01T10:14:52.000Z,16,644,Impact,,BenignPositive,,,Ip,Related,98799,138268,564,160396,441377,673934,425863,453297,153085,529644,,1631,635,860,2251,3421,881,,289573,117668,3586,,,5,66,,,,242,1445,10630
206158432365,642,22110,484369,2024-06-14T13:58:01.000Z,261,251,LateralMovement,T1550;T1550.003,BenignPositive,,,Machine,Impacted,98799,138268,360606,160396,441377,673934,425863,453297,49894,529644,,1631,635,860,2251,3421,881,,289573,117668,3586,,Destination,5,66,,,,242,1445,10630
764504181457,8,5311,610091,2024-06-06T02:32:35.000Z,3,4,SuspiciousActivity,,TruePositive,,,Ip,Related,98799,138268,346263,160396,441377,673934,425863,453297,153085,529644,,1631,635,860,2251,3421,881,,289573,117668,3586,,,5,66,,Suspicious,Suspicious,242,1445,10630
1692217119197,182,24209,28156,2024-06-12T15:31:29.000Z,111,90,Exfiltration,,BenignPositive,,,MailMessage,Impacted,98799,138268,360606,160396,441377,11603,425863,453297,153085,98247,,1631,635,860,2251,3421,881,,289573,117668,3586,,,5,66,,,,242,1445,10630
369367188491,47,1028,11252,2024-05-31T11:08:40.000Z,71,41,Impact,,FalsePositive,,,Ip,Related,98799,138268,67,160396,441377,673934,425863,453297,153085,529644,,1631,635,860,2251,3421,881,,289573,117668,3586,,,5,66,,,,242,1445,10630
85899346329,54,310,1753,2024-06-06T09:08:08.000Z,179,24,CredentialAccess,T1110;T1078,BenignPositive,,,Ip,Related,98799,138268,318244,160396,441377,673934,425863,453297,153085,529644,,1631,635,860,2251,3421,881,,289573,117668,3586,,,5,66,,,,242,1445,10630
790273986967,71,33,729,2024-06-03T23:22:20.000Z,98,38,InitialAccess,,FalsePositive,,,Ip,Related,98799,138268,87976,160396,441377,673934,425863,453297,153085,529644,,1631,635,860,2251,3421,881,,289573,117668,3586,,,5,66,,,,242,1445,10630
180388628461,19,19548,17562,2024-06-12T01:12:33.000Z,92,29,CommandAndControl,T1046;T1071;T1210,BenignPositive,,,Ip,Related,98799,138268,236243,160396,441377,673934,425863,453297,153085,529644,,1631,635,860,2251,3421,881,,289573,117668,3586,,,5,66,,,,242,1445,10630
1305670059931,23,107,1031071,2024-06-05T18:06:42.000Z,4,3,InitialAccess,,TruePositive,,,CloudLogonRequest,Related,98799,138268,360606,160396,441377,673934,425863,453297,153085,529644,,1631,635,860,2251,3421,881,,289573,117668,3586,,,5,66,,,,242,1445,10630
1305670061087,74,35527,154780,2024-06-04T15:21:22.000Z,1,1,InitialAccess,T1566.002,TruePositive,,,MailCluster,Related,98799,138268,360606,160396,441377,673934,425863,453297,153085,529644,,1631,635,860,2251,3421,881,,289573,117668,3586,,,5,66,,,Malicious,242,1445,10630
506806144348,186,85429,1124633,2024-06-06T13:05:54.000Z,440,3946,Exfiltration,,FalsePositive,,,User,Impacted,98799,138268,360606,160396,5923,8471,5923,6354,153085,529644,,1631,635,860,2251,3421,881,,289573,117668,3586,,,5,66,,,,242,1445,10630
1185410975377,1,491,534462,2024-06-05T19:43:22.000Z,0,0,InitialAccess,T1078;T1078.004,TruePositive,,,Ip,Related,98799,138268,35,160396,441377,673934,425863,453297,153085,529644,,1631,635,860,2251,3421,881,,289573,117668,3586,,,5,66,,,,29,40,38
927712939077,254,24833,12127,2024-06-04T09:13:11.000Z,210,201,Exfiltration,,BenignPositive,,,Ip,Related,98799,138268,78,160396,441377,673934,425863,453297,153085,529644,,1631,635,860,2251,3421,881,,289573,117668,3586,,,5,66,,,,242,1445,10630
1657857378048,0,115,1242944,2024-06-07T14:59:43.000Z,0,0,InitialAccess,T1078;T1078.004,TruePositive,,,User,Impacted,98799,138268,360606,160396,6747,9893,6848,7303,153085,529644,,1631,635,860,2251,3421,881,,289573,117668,3586,,,5,66,,,,242,1445,10630
919123002531,215,77838,28306,2024-06-08T20:23:36.000Z,1,1,InitialAccess,T1566.002,BenignPositive,,,User,Impacted,98799,138268,360606,160396,23063,176553,22911,25625,153085,529644,,1631,635,860,2251,3421,881,,289573,117668,3586,,,5,66,,,,242,1445,10630
352187319879,7,3120,664,2024-05-26T01:07:31.000Z,22,10,Impact,,FalsePositive,,,Ip,Related,98799,138268,1073,160396,441377,673934,425863,453297,153085,529644,,1631,635,860,2251,3421,881,,289573,117668,3586,,,5,66,,,,242,1445,10630
386547058543,0,143,1301738,2024-06-09T07:19:28.000Z,14,12,CredentialAccess,T1110;T1110.003;T1110.001,TruePositive,,,User,Impacted,98799,138268,360606,160396,1282,1751,1281,1345,153085,529644,,1631,635,860,2251,3421,881,,289573,117668,3586,,,5,66,,,,242,1445,10630
1322849930849,3,193446,755969,2024-06-13T02:18:20.000Z,2,2,CommandAndControl,,BenignPositive,,,Process,Related,98799,12,360606,160396,441377,673934,425863,453297,153085,529644,,1631,635,860,2251,3421,881,,10,13,3586,,,5,66,,Suspicious,Suspicious,242,1445,10630
927712936755,500,1456,245739,2024-06-10T06:55:55.000Z,2,2,CommandAndControl,,BenignPositive,,,Url,Related,98799,138268,360606,7,441377,673934,425863,453297,153085,529644,,1631,635,860,2251,3421,881,,289573,117668,3586,,,5,66,,Suspicious,Suspicious,242,1445,10630
566935684727,1,54,382658,2024-06-05T05:07:14.000Z,0,0,InitialAccess,T1078;T1078.004,TruePositive,,,CloudLogonRequest,Related,98799,138268,360606,160396,441377,673934,425863,453297,153085,529644,,1631,635,860,2251,3421,881,,289573,117668,3586,,,5,66,,,,242,1445,10630
1056561956279,116,584036,1134134,2024-06-04T16:58:08.000Z,1008,81273,Exfiltration,,,ContainAccount,update stsrefreshtokenvalidfrom timestamp.,User,Impacted,98799,138268,360606,160396,3224,4280,3224,3380,153085,529644,,1631,635,860,2251,3421,881,,289573,117668,3586,,,5,66,,,,242,1445,10630
1022202218407,39,10430,13731,2024-06-04T22:47:33.000Z,10,8,InitialAccess,T1566.001,BenignPositive,,,MailMessage,Related,98799,138268,360606,160396,441377,17149,425863,453297,153085,9012,,1631,635,860,2251,3421,881,,289573,117668,3586,,,5,66,,,,242,1445,10630
1099511630998,2,14528,10778,2024-06-05T19:26:23.000Z,18,14,Exfiltration,,BenignPositive,,,MailMessage,Impacted,98799,138268,360606,160396,441377,4,425863,453297,153085,28133,,1631,635,860,2251,3421,881,,289573,117668,3586,,,5,66,,,,242,1445,10630
25769807559,536,497,799149,2024-06-10T23:49:16.000Z,835,27240,Exfiltration,,FalsePositive,,,File,Impacted,98799,138268,360606,160396,441377,673934,425863,453297,153085,529644,,1631,635,860,2251,3421,881,,7861,1811,3586,,,5,66,,,,242,1445,10630
85899346329,54,310,1759,2024-06-04T07:02:50.000Z,179,24,CredentialAccess,T1110;T1078,BenignPositive,,,User,Impacted,98799,138268,360606,160396,285754,425189,225109,293405,153085,529644,,1631,635,860,2251,3421,881,,289573,117668,3586,,,5,66,,,,242,1445,10630
111669154037,628,164588,1508174,2024-06-07T01:45:17.000Z,33,22,InitialAccess,,BenignPositive,,,User,Impacted,98799,138268,360606,160396,37266,40233,37456,41808,153085,529644,,1631,635,860,2251,3421,881,,289573,117668,3586,,,5,66,,,,242,1445,10630
1623497642200,622,285866,1631344,2024-06-05T16:52:21.000Z,118,98,InitialAccess,,TruePositive,,,Mailbox,Impacted,98799,138268,360606,160396,38842,41208,39304,39605,153085,529644,,1631,635,860,2251,3421,881,,289573,117668,3586,,,5,66,,,,242,1445,10630
1142461305875,365,16785,667340,2024-06-03T17:43:32.000Z,343,350,InitialAccess,,FalsePositive,,,MailMessage,Related,98799,138268,360606,160396,441377,76111,425863,453297,153085,122469,,1631,635,860,2251,3421,881,,289573,117668,3586,,,5,66,,,,242,1445,10630
927712938055,147,352739,929647,2024-06-04T11:20:51.000Z,19,15,InitialAccess,,FalsePositive,,,CloudLogonRequest,Related,98799,138268,360606,160396,441377,673934,425863,453297,153085,529644,,1631,635,860,2251,3421,881,,289573,117668,3586,,,5,66,,,,242,1445,10630
489626272744,238,1178,75798,2024-06-11T14:05:18.000Z,31,2533,Malware,,TruePositive,,,File,Related,98799,7119,360606,160396,441377,673934,425863,453297,153085,529644,,1631,635,860,2251,3421,881,EncDoc,7684,71612,3586,,,5,66,,Suspicious,Malicious,242,1445,10630
1374389537640,75,56,1271496,2024-06-11T07:38:03.000Z,0,0,InitialAccess,T1078;T1078.004,TruePositive,,,User,Impacted,98799,138268,360606,160396,12636,20616,12848,13757,153085,529644,,1631,635,860,2251,3421,881,,289573,117668,3586,,,5,66,,,,242,1445,10630
1322849929945,29,152031,242004,2024-06-10T13:58:17.000Z,1,1,InitialAccess,T1566.002,BenignPositive,,,MailMessage,Related,98799,138268,360606,160396,441377,88921,425863,453297,153085,170791,,1631,635,860,2251,3421,881,,289573,117668,3586,,,5,66,,,,242,1445,10630
1666447311132,11,427684,1003255,2024-06-13T12:06:48.000Z,0,0,InitialAccess,T1078;T1078.004,FalsePositive,,,User,Impacted,98799,138268,360606,160396,879,1200,875,932,153085,529644,,1631,635,860,2251,3421,881,,289573,117668,3586,,,5,66,,,,242,1445,10630
146028888795,284,460,507315,2024-06-11T03:32:05.000Z,0,0,InitialAccess,T1078;T1078.004,TruePositive,,,Ip,Related,98799,138268,327,160396,441377,673934,425863,453297,153085,529644,,1631,635,860,2251,3421,881,,289573,117668,3586,,,5,66,,,,0,1,1
1365799605161,46,10234,6829,2024-06-09T05:20:18.000Z,64,42,CommandAndControl,T1568;T1008,BenignPositive,,,Ip,Related,98799,138268,2919,160396,441377,673934,425863,453297,153085,529644,,1631,635,860,2251,3421,881,,289573,117668,3586,,,5,66,,,,242,1445,10630
584115557281,83,42702,437398,2024-06-11T04:26:55.000Z,60,52813,Exfiltration,,BenignPositive,,,User,Impacted,98799,138268,360606,160396,58157,44927,58570,67649,153085,529644,,1631,635,860,2251,3421,881,,289573,117668,3586,,,5,66,,,,242,1445,10630
927712938450,28,120014,243767,2024-06-04T01:55:16.000Z,1,1,InitialAccess,T1566.002,TruePositive,,,Mailbox,Impacted,98799,138268,360606,160396,87760,75389,99492,97719,153085,529644,,1631,635,860,2251,3421,881,,289573,117668,3586,,,5,66,,,NoThreatsFound,242,1445,10630
1039382086473,352,538,1407213,2024-06-12T20:47:14.000Z,9,248,Execution,,TruePositive,,,CloudApplication,Impacted,98799,138268,360606,160396,441377,673934,425863,453297,153085,529644,,1631,635,860,3,3,881,,289573,117668,3586,,,5,66,,,,242,1445,10630
515396076095,267,278872,1435852,2024-06-06T13:38:52.000Z,107,46410,DefenseEvasion,,TruePositive,,,File,Related,98799,70172,360606,160396,441377,673934,425863,453297,153085,529644,,1631,635,860,2251,3421,881,DownloadAdmin,282788,102302,3586,,,5,66,,Suspicious,Suspicious,242,1445,10630
1408749277065,12,1859,1122,2024-05-26T01:53:31.000Z,16,1350,Impact,,BenignPositive,,,Ip,Related,98799,138268,108,160396,441377,673934,425863,453297,153085,529644,,1631,635,860,2251,3421,881,,289573,117668,3586,,,5,66,,,,242,1445,10630
481036341442,535,15424,25796,2024-06-09T10:36:17.000Z,1,1,InitialAccess,T1566.002,TruePositive,,,MailCluster,Related,98799,138268,360606,160396,441377,673934,425863,453297,153085,529644,,1631,635,860,2251,3421,881,,289573,117668,3586,,,5,66,,,Suspicious,242,1445,10630
292057778894,8,6961,110057,2024-06-13T01:36:30.000Z,3,4,SuspiciousActivity,,TruePositive,,,Machine,Impacted,25,138268,360606,160396,441377,673934,425863,453297,35,529644,,1631,635,860,2251,3421,881,,289573,117668,3586,,,5,66,,Suspicious,Suspicious,242,1445,10630
1511828492535,458,76749,62805,2024-06-03T05:56:33.000Z,1,1,InitialAccess,T1566.002,TruePositive,,,MailCluster,Related,98799,138268,360606,160396,441377,673934,425863,453297,153085,529644,4265081477.0,1631,635,860,2251,3421,881,,289573,117668,3586,,,5,66,,,Malicious,242,1445,10630
1460288881659,18,575271,1082007,2024-06-15T20:39:41.000Z,9,47,Execution,,FalsePositive,,,File,Related,98799,44310,360606,160396,441377,673934,425863,453297,153085,529644,,1631,635,860,2251,3421,881,,69378,117668,3586,,,5,66,,,,242,1445,10630
927712939780,3,307495,253348,2024-06-15T01:09:27.000Z,2,2,CommandAndControl,,BenignPositive,,,User,Impacted,98799,138268,360606,160396,75693,111954,78714,78109,153085,529644,,1631,635,860,2251,3421,881,,289573,117668,3586,,,5,66,,Suspicious,Suspicious,242,1445,10630
498216210308,12,1726,1524,2024-05-31T11:43:27.000Z,16,1392,Impact,,BenignPositive,,,Ip,Related,98799,138268,86,160396,441377,673934,425863,453297,153085,529644,,1631,635,860,2251,3421,881,,289573,117668,3586,,,5,66,,,,242,1445,10630
120259088456,207,1161,190794,2024-06-03T11:33:01.000Z,3,4,SuspiciousActivity,,BenignPositive,,,Machine,Impacted,7245,138268,360606,160396,441377,673934,425863,453297,12091,529644,,1631,635,860,2251,3421,881,,289573,117668,3586,,,5,66,,Suspicious,Suspicious,242,1445,10630
824633726044,409,93613,1476974,2024-06-03T21:52:50.000Z,33,22,InitialAccess,,FalsePositive,,,User,Impacted,98799,138268,360606,160396,87562,104879,102715,103588,153085,529644,,1631,635,860,2251,3421,881,,289573,117668,3586,,,5,66,,,,242,1445,10630
257698038133,142,202232,96784,2024-06-03T17:18:17.000Z,6,5,InitialAccess,T1566,FalsePositive,,,MailMessage,Related,98799,138268,360606,160396,441377,94507,425863,453297,153085,102905,,1631,635,860,2251,3421,881,,289573,117668,3586,,,5,66,Inbound,,Malicious,242,1445,10630
1494648620646,21,9622,55627,2024-06-09T17:22:42.000Z,3,4,SuspiciousActivity,,BenignPositive,,,Url,Related,98799,138268,360606,387,441377,673934,425863,453297,153085,529644,,1631,635,860,2251,3421,881,,289573,117668,3586,,,5,66,,,,242,1445,10630
1580547968720,239,46544,150362,2024-06-08T18:44:16.000Z,1,1,InitialAccess,T1566.002,TruePositive,,,Mailbox,Impacted,98799,138268,360606,160396,142109,137471,132920,169073,153085,529644,,1631,635,860,2251,3421,881,,289573,117668,3586,,,5,66,,,,242,1445,10630
438086666739,452,8491,5969,2024-06-13T12:42:50.000Z,91,68,CredentialAccess,T1110;T1110.001;T1110.003,FalsePositive,,,User,Related,98799,138268,360606,160396,30287,50473,30410,31508,153085,529644,,1631,635,860,2251,3421,881,,289573,117668,3586,,Contextual,5,66,,,,242,1445,10630
180388630804,92,2117,253115,2024-06-14T22:48:19.000Z,2,2,CommandAndControl,,FalsePositive,,,Url,Related,98799,138268,360606,10764,441377,673934,425863,453297,153085,529644,,1631,635,860,2251,3421,881,,289573,117668,3586,,,5,66,,Suspicious,Suspicious,242,1445,10630
292057777063,18,3126,211879,2024-06-11T22:39:01.000Z,731,2937,Exfiltration,,FalsePositive,,,User,Impacted,98799,138268,360606,160396,35560,55080,34736,37185,153085,529644,,1631,635,860,2251,3421,881,,289573,117668,3586,,,5,66,,,,242,1445,10630
8589939525,4,202,1778,2024-05-25T19:48:58.000Z,8,7,InitialAccess,T1133,FalsePositive,,,Machine,Impacted,98799,138268,360606,160396,441377,673934,425863,453297,80,529644,,1631,635,860,2251,3421,881,,289573,117668,3586,,,5,66,,,,242,1445,10630
1606317770465,0,92,1172659,2024-06-08T21:31:18.000Z,0,0,InitialAccess,T1078;T1078.004,TruePositive,,,CloudLogonRequest,Related,98799,138268,360606,160396,441377,673934,425863,453297,153085,529644,,1631,635,860,2251,3421,881,,289573,117668,3586,,,5,66,,,,242,1445,10630
1116691499687,40,374060,1102883,2024-06-15T01:56:48.000Z,2,2,CommandAndControl,,BenignPositive,,,Url,Related,98799,138268,360606,187,441377,673934,425863,453297,153085,529644,,1631,635,860,2251,3421,881,,289573,117668,3586,,,5,66,,Suspicious,Suspicious,242,1445,10630
1133871367402,374,30058,47492,2024-06-05T00:07:28.000Z,1265,2427,CredentialAccess,,BenignPositive,,,CloudApplication,Related,98799,138268,360606,160396,441377,673934,425863,453297,153085,529644,,1631,635,860,2251,38,881,,289573,117668,3586,,,5,66,,,,242,1445,10630
1391569408542,9,2634,436102,2024-06-12T06:10:35.000Z,164,14201,Exfiltration,,BenignPositive,,,User,Impacted,98799,138268,360606,160396,35846,57637,35792,38063,153085,529644,,1631,635,860,2251,3421,881,,289573,117668,3586,,,5,66,,,,242,1445,10630
1108101564371,467,9741,7554,2024-06-04T14:07:47.000Z,1262,560,InitialAccess,T1190,FalsePositive,,,Url,Related,98799,138268,360606,41429,441377,673934,425863,453297,153085,529644,,1631,635,860,2251,3421,881,,289573,117668,3586,,,5,66,,,,242,1445,10630
1709396986951,289,64327,64882,2024-06-03T02:55:12.000Z,484,3743,Exfiltration,,BenignPositive,,,MailMessage,Impacted,98799,138268,360606,160396,441377,14259,425863,453297,153085,13863,,1631,635,860,2251,3421,881,,289573,117668,3586,,,5,66,,,,242,1445,10630
481036338894,0,239,411109,2024-06-07T13:31:33.000Z,0,0,InitialAccess,T1078;T1078.004,TruePositive,,,CloudLogonRequest,Related,98799,138268,360606,160396,441377,673934,425863,453297,153085,529644,,1631,635,860,2251,3421,881,,289573,117668,3586,,,5,66,,,,242,1445,10630
1683627183131,121,442381,586954,2024-06-12T18:43:13.000Z,5,66,SuspiciousActivity,,TruePositive,,,CloudApplication,Impacted,98799,138268,360606,160396,441377,673934,425863,453297,153085,529644,,1631,635,860,0,0,881,,289573,117668,3586,,,5,66,,,,242,1445,10630
146028889190,16,89890,1108924,2024-06-06T04:30:38.000Z,55,37,Exfiltration,,BenignPositive,,,MailMessage,Impacted,98799,138268,360606,160396,441377,447426,425863,453297,153085,438788,,1631,635,860,2251,3421,881,,289573,117668,3586,,,5,66,,,,242,1445,10630
274877909078,337,24788,69947,2024-06-13T23:04:36.000Z,274,264,Persistence,T1112;T1547.001,TruePositive,,,User,Impacted,98799,138268,360606,160396,12658,20926,12812,13472,153085,529644,,1631,635,860,2251,3421,881,,289573,117668,3586,,,5,66,,Suspicious,Suspicious,242,1445,10630
1030792154792,3,300405,269163,2024-06-06T14:00:51.000Z,2,2,CommandAndControl,,BenignPositive,,,Machine,Impacted,974,138268,360606,160396,441377,673934,425863,453297,2421,529644,,1631,635,860,2251,3421,881,,289573,117668,3586,,,0,0,,Suspicious,Suspicious,242,1445,10630
584115552560,11,432077,841089,2024-06-13T12:38:13.000Z,4,3,InitialAccess,,FalsePositive,,,User,Impacted,98799,138268,360606,160396,6531,9465,6565,7004,153085,529644,,1631,635,860,2251,3421,881,,289573,117668,3586,,,5,66,,,,242,1445,10630
919123004840,183,104787,796517,2024-06-13T14:19:04.000Z,860,69157,Exfiltration,,BenignPositive,,,MailMessage,Impacted,98799,138268,360606,160396,441377,53725,425863,453297,153085,162757,,1631,635,860,2251,3421,881,,289573,117668,3586,,,5,66,,,,242,1445,10630
309237650430,123,288,2,2024-06-03T11:48:56.000Z,27,18,Discovery,T1087;T1087.002,TruePositive,,,User,Impacted,98799,138268,360606,160396,298428,414472,293295,11666,153085,529644,,1631,635,860,2251,3421,881,,289573,117668,3586,,Suspicious,5,66,,,,242,1445,10630
420906797051,23,171,123423,2024-06-04T16:50:05.000Z,0,0,InitialAccess,T1078;T1078.004,TruePositive,,,User,Impacted,98799,138268,360606,160396,5156,7174,5156,5488,153085,529644,,1631,635,860,2251,3421,881,,289573,117668,3586,,,5,66,,,,242,1445,10630
936302870700,11,407913,908212,2024-06-05T19:25:11.000Z,0,0,InitialAccess,T1078;T1078.004,FalsePositive,,,CloudLogonRequest,Related,98799,138268,360606,160396,441377,673934,425863,453297,153085,529644,,1631,635,860,2251,3421,881,,289573,117668,3586,,,5,66,,,,242,1445,10630
1443109015933,78,153528,157301,2024-06-03T07:13:33.000Z,1,1,InitialAccess,T1566.002,BenignPositive,,,MailMessage,Related,98799,138268,360606,160396,441377,10107,425863,453297,153085,187729,,1631,635,860,2251,3421,881,,289573,117668,3586,,,5,66,Inbound,,NoThreatsFound,242,1445,10630
652835031906,1943,158493,917483,2024-06-08T14:53:36.000Z,0,0,InitialAccess,T1078;T1078.004,FalsePositive,,,Ip,Related,98799,138268,166410,160396,441377,673934,425863,453297,153085,529644,,1631,635,860,2251,3421,881,,289573,117668,3586,,,5,66,,,,0,127,597
936302872198,1,46,544102,2024-06-06T03:24:56.000Z,0,0,InitialAccess,T1078;T1078.004,TruePositive,,,User,Impacted,98799,138268,360606,160396,5630,7994,5621,6019,153085,529644,,1631,635,860,2251,3421,881,,289573,117668,3586,,,5,66,,,,242,1445,10630
1340029798728,28,6368,233925,2024-06-05T03:51:50.000Z,28,19,InitialAccess,T1566,TruePositive,,,MailMessage,Related,98799,138268,360606,160396,441377,198937,425863,453297,153085,166442,,1631,635,860,2251,3421,881,,289573,117668,3586,,,5,66,Inbound,,NoThreatsFound,242,1445,10630
223338303885,804,46963,24129,2024-06-11T22:47:11.000Z,121,102,CredentialAccess,T1110;T1110.001;T1110.003,FalsePositive,,,User,Impacted,98799,138268,360606,160396,84956,129711,84832,86683,153085,529644,,1631,635,860,2251,3421,881,,289573,117668,3586,,Suspicious,5,66,,,,242,1445,10630
386547061709,152,9513,8520,2024-05-22T21:48:52.000Z,536,584,InitialAccess,T1078;T1078.004,BenignPositive,,,User,Impacted,98799,138268,360606,160396,24227,38977,24312,26248,153085,529644,,1631,635,860,2251,3421,881,,289573,117668,3586,,,5,66,,,,242,1445,10630
1657857376807,274,14645,350687,2024-06-10T23:21:14.000Z,87,525,Discovery,T1033;T1059.001;T1087.001,FalsePositive,,,Machine,Impacted,4493,138268,360606,160396,441377,673934,425863,453297,8018,529644,,1631,635,860,2251,3421,881,,289573,117668,3586,,,0,0,,Suspicious,Suspicious,242,1445,10630
910533068436,1,217,543413,2024-06-07T15:35:00.000Z,7,6,InitialAccess,,TruePositive,,,User,Impacted,98799,138268,360606,160396,5303,7412,5322,5653,153085,529644,,1631,635,860,2251,3421,881,,289573,117668,3586,,,5,66,,,,242,1445,10630
1546188230090,35,165,1306834,2024-06-05T09:38:35.000Z,7,6,InitialAccess,,TruePositive,,,Ip,Related,98799,138268,4,160396,441377,673934,425863,453297,153085,529644,,1631,635,860,2251,3421,881,,289573,117668,3586,,,5,66,,,,12,12,9
867583397304,1590,4607,65849,2024-06-13T21:53:05.000Z,47,30,InitialAccess,T1566.002,TruePositive,,,MailMessage,Related,98799,138268,360606,160396,441377,78044,425863,453297,153085,70870,,1631,635,860,2251,3421,881,,289573,117668,3586,,,5,66,,,,242,1445,10630
661424965215,858,4733,49968,2024-06-11T22:26:21.000Z,6,5,InitialAccess,T1566,TruePositive,,,MailMessage,Related,98799,138268,360606,160396,441377,75700,425863,453297,153085,37527,,1631,635,860,2251,3421,881,,289573,117668,3586,,,5,66,Inbound,,NoThreatsFound,242,1445,10630
944892809025,174,19366,468459,2024-06-14T19:28:33.000Z,268,293,SuspiciousActivity,,TruePositive,,,Url,Related,98799,138268,360606,44438,441377,673934,425863,453297,153085,529644,,1631,635,860,2251,3421,881,,289573,117668,3586,,,5,66,,,,242,1445,10630
1297080128434,114,532,142383,2024-06-05T10:44:47.000Z,3,4,SuspiciousActivity,,FalsePositive,,,Process,Related,98799,7,360606,160396,441377,673934,425863,453297,153085,529644,,1631,635,860,2251,3421,881,,0,2,3586,,,5,66,,Suspicious,Suspicious,242,1445,10630
1589137904404,37,434,6876,2024-06-13T04:38:03.000Z,120,4046,Exfiltration,,FalsePositive,,,MailMessage,Impacted,98799,138268,360606,160396,441377,96627,425863,453297,153085,103,,1631,635,860,2251,3421,881,,289573,117668,3586,,,5,66,,,,242,1445,10630
498216210538,108,112949,242762,2024-06-14T07:57:15.000Z,1,1,InitialAccess,T1566.002,BenignPositive,,,Mailbox,Impacted,98799,138268,360606,160396,170135,164193,151150,160936,153085,529644,,1631,635,860,2251,3421,881,,289573,117668,3586,,,5,66,,,Malicious,242,1445,10630
601295421511,6,2512,1351,2024-06-02T11:32:11.000Z,17,285,Impact,,BenignPositive,,,Ip,Related,98799,138268,5007,160396,441377,673934,425863,453297,153085,529644,,1631,635,860,2251,3421,881,,289573,117668,3586,,,5,66,,,,242,1445,10630
1692217118717,20,1921,1512,2024-05-31T08:59:23.000Z,59,10,Impact,,BenignPositive,,,Ip,Related,98799,138268,1336,160396,441377,673934,425863,453297,153085,529644,,1631,635,860,2251,3421,881,,289573,117668,3586,,,5,66,,,,242,1445,10630
687194772270,226,162,1193000,2024-06-09T04:52:21.000Z,7,6,InitialAccess,,TruePositive,,,CloudLogonRequest,Related,98799,138268,360606,160396,441377,673934,425863,453297,153085,529644,,1631,635,860,2251,3421,881,,289573,117668,3586,,,5,66,,,,242,1445,10630
94489282263,1,731,104723,2024-06-03T22:21:04.000Z,4,3,InitialAccess,,TruePositive,,,CloudLogonRequest,Related,98799,138268,360606,160396,441377,673934,425863,453297,153085,529644,,1631,635,860,2251,3421,881,,289573,117668,3586,,,5,66,,,,242,1445,10630
781684052954,784,1654,12968,2024-06-13T02:10:54.000Z,1,1,InitialAccess,T1566.002,FalsePositive,,,Mailbox,Impacted,98799,138268,360606,160396,16902,10708,16918,17900,153085,529644,,1631,635,860,2251,3421,881,,289573,117668,3586,,,5,66,,,NoThreatsFound,242,1445,10630
1649267443679,1093,190664,1017793,2024-06-07T15:28:24.000Z,0,0,InitialAccess,T1078;T1078.004,FalsePositive,,,Ip,Related,98799,138268,349810,160396,441377,673934,425863,453297,153085,529644,,1631,635,860,2251,3421,881,,289573,117668,3586,,,5,66,,,,6,97,164
128849019531,22,155,1065602,2024-06-09T15:04:33.000Z,4,3,InitialAccess,,TruePositive,,,Ip,Related,98799,138268,59,160396,441377,673934,425863,453297,153085,529644,,1631,635,860,2251,3421,881,,289573,117668,3586,,,5,66,,,,1,0,0
1022202221445,1176,40600,228449,2024-06-11T11:50:18.000Z,3476,590,Persistence,T1078;T1078.004,BenignPositive,,,User,Impacted,98799,138268,360606,160396,253178,456208,310544,322276,153085,529644,,1631,635,860,2251,3421,881,,289573,117668,3586,,,5,66,,,,242,1445,10630
644245096478,49,68771,279125,2024-06-05T17:05:06.000Z,2,2,CommandAndControl,,TruePositive,,,Machine,Impacted,21135,138268,360606,160396,441377,673934,425863,453297,31411,529644,,1631,635,860,2251,3421,881,,289573,117668,3586,,,0,0,,Suspicious,Suspicious,242,1445,10630
1297080125683,349,557,475196,2024-06-13T04:16:55.000Z,31,4456,Malware,,BenignPositive,,,File,Related,98799,39762,360606,160396,441377,673934,425863,453297,153085,529644,,1631,635,860,2251,3421,881,OLookPhish,36627,24797,3586,,,5,66,,Suspicious,Malicious,242,1445,10630
884763265013,19,26600,24101,2024-06-16T04:46:40.000Z,92,29,CommandAndControl,T1046;T1071;T1210,BenignPositive,,,Url,Related,98799,138268,360606,280,441377,673934,425863,453297,153085,529644,,1631,635,860,2251,3421,881,,289573,117668,3586,,,5,66,,,,242,1445,10630
1151051235348,6,2362,45,2024-05-22T02:25:35.000Z,17,696,Impact,,BenignPositive,,,Ip,Related,98799,138268,582,160396,441377,673934,425863,453297,153085,529644,,1631,635,860,2251,3421,881,,289573,117668,3586,,,5,66,,,,242,1445,10630
1580547966521,1,44,179044,2024-06-05T00:58:40.000Z,0,0,InitialAccess,T1078;T1078.004,TruePositive,,,CloudLogonRequest,Related,98799,138268,360606,160396,441377,673934,425863,453297,153085,529644,,1631,635,860,2251,3421,881,,289573,117668,3586,,,5,66,,,,242,1445,10630
188978565673,9,281,57280,2024-06-13T23:24:50.000Z,77,2104,Exfiltration,,BenignPositive,,,User,Impacted,98799,138268,360606,160396,734,991,722,783,153085,529644,,1631,635,860,2251,3421,881,,289573,117668,3586,,,5,66,,,,242,1445,10630
60129543435,44,6796,33274,2024-06-08T04:20:22.000Z,78,57,Exfiltration,,BenignPositive,,,MailMessage,Impacted,98799,138268,360606,160396,441377,270,425863,453297,153085,43085,,1631,635,860,2251,3421,881,,289573,117668,3586,,,5,66,,,,242,1445,10630
1623497638004,956,4286,459696,2024-06-07T19:52:09.000Z,13,11,InitialAccess,T1566,FalsePositive,,,MailCluster,Related,98799,138268,360606,160396,441377,673934,425863,453297,153085,529644,,1631,635,860,2251,3421,881,,289573,117668,3586,,,5,66,,,Malicious,242,1445,10630
1340029796971,22,360,371658,2024-06-03T11:40:06.000Z,0,0,InitialAccess,T1078;T1078.004,TruePositive,,,Ip,Related,98799,138268,2299,160396,441377,673934,425863,453297,153085,529644,,1631,635,860,2251,3421,881,,289573,117668,3586,,,5,66,,,,3,79,82
1374389536545,0,267,54240,2024-06-08T12:36:12.000Z,0,0,InitialAccess,T1078;T1078.004,TruePositive,,,CloudLogonSession,Related,98799,138268,360606,160396,441377,673934,425863,453297,153085,529644,,1631,635,860,2251,3421,881,,289573,117668,3586,,,5,66,,,,242,1445,10630
532575945300,43,11671,3916,2024-05-24T07:07:35.000Z,52,10,Impact,,BenignPositive,,,Ip,Related,98799,138268,143,160396,441377,673934,425863,453297,153085,529644,,1631,635,860,2251,3421,881,,289573,117668,3586,,,5,66,,,,242,1445,10630
1511828489215,129,63395,113602,2024-06-13T02:35:40.000Z,104,14874,Exfiltration,,BenignPositive,,,File,Impacted,98799,138268,360606,160396,441377,673934,425863,453297,153085,529644,,1631,635,860,2251,3421,881,,60348,0,3586,,,5,66,,,,242,1445,10630
60129543937,0,443,106362,2024-06-07T06:32:09.000Z,4,3,InitialAccess,,TruePositive,,,CloudLogonRequest,Related,98799,138268,360606,160396,441377,673934,425863,453297,153085,529644,,1631,635,860,2251,3421,881,,289573,117668,3586,,,5,66,,,,242,1445,10630
188978562350,117,342,1260709,2024-06-02T00:42:57.000Z,14,12,CredentialAccess,T1110;T1110.003;T1110.001,TruePositive,,,CloudLogonRequest,Related,98799,138268,360606,160396,441377,673934,425863,453297,153085,529644,,1631,635,860,2251,3421,881,,289573,117668,3586,,,5,66,,,,242,1445,10630
1314259997845,46,12575,97953,2024-06-14T13:46:34.000Z,28,19,InitialAccess,T1566,BenignPositive,,,Ip,Related,98799,138268,15575,160396,441377,673934,425863,453297,153085,529644,,1631,635,860,2251,3421,881,,289573,117668,3586,,,5,66,,,NoThreatsFound,242,1445,10630
171798696836,190,2894,47706,2024-06-10T15:34:34.000Z,6,5,InitialAccess,T1566,BenignPositive,,,MailCluster,Related,98799,138268,360606,160396,441377,673934,425863,453297,153085,529644,,1631,635,860,2251,3421,881,,289573,117668,3586,,,5,66,,,,242,1445,10630
721554508827,1348,44324,944683,2024-06-13T16:53:58.000Z,0,0,InitialAccess,T1078;T1078.004,FalsePositive,,,CloudLogonSession,Related,98799,138268,360606,160396,441377,673934,425863,453297,153085,529644,,1631,635,860,2251,3421,881,,289573,117668,3586,,,5,66,,,,242,1445,10630
790273987737,104,7,3508,2024-06-03T09:37:47.000Z,11,9,InitialAccess,T1566,FalsePositive,,,User,Impacted,98799,138268,360606,160396,74141,71969,74046,68989,153085,529644,,1631,635,860,2251,3421,881,,289573,117668,3586,,,5,66,,,,242,1445,10630
206158430958,127,108,1311161,2024-06-11T09:57:33.000Z,7,6,InitialAccess,,TruePositive,,,User,Impacted,98799,138268,360606,160396,3777,5081,3803,3966,153085,529644,,1631,635,860,2251,3421,881,,289573,117668,3586,,,5,66,,,,242,1445,10630
678604834577,0,4229,35526,2024-06-05T02:45:46.000Z,0,0,InitialAccess,T1078;T1078.004,TruePositive,,,User,Impacted,98799,138268,360606,160396,16559,27903,16686,18178,153085,529644,,1631,635,860,2251,3421,881,,289573,117668,3586,,,5,66,,,,242,1445,10630
450,54,248220,143079,2024-06-12T01:04:44.000Z,44,483,SuspiciousActivity,,TruePositive,,,File,Related,98799,1168,360606,160396,441377,673934,425863,453297,153085,529644,,1631,635,860,2251,3421,881,,371,1129,3586,,,5,66,,Suspicious,Suspicious,242,1445,10630
609885359454,2,13833,9741,2024-06-03T17:23:15.000Z,18,14,Exfiltration,,BenignPositive,,,MailMessage,Impacted,98799,138268,360606,160396,441377,2077,425863,453297,153085,284171,,1631,635,860,2251,3421,881,,289573,117668,3586,,,5,66,,,,242,1445,10630
962072677555,76,1353,1329718,2024-06-03T12:14:15.000Z,0,0,InitialAccess,T1078;T1078.004,TruePositive,,,User,Impacted,98799,138268,360606,160396,543,721,535,579,153085,529644,,1631,635,860,2251,3421,881,,289573,117668,3586,,,5,66,,,,242,1445,10630
1357209667194,1,232,909033,2024-06-04T13:56:44.000Z,0,0,InitialAccess,T1078;T1078.004,TruePositive,,,Ip,Related,98799,138268,3739,160396,441377,673934,425863,453297,153085,529644,,1631,635,860,2251,3421,881,,289573,117668,3586,,,5,66,,,,44,92,96
1340029797523,215,71390,222683,2024-06-08T23:10:41.000Z,1,1,InitialAccess,T1566.002,BenignPositive,,,MailCluster,Related,98799,138268,360606,160396,441377,673934,425863,453297,153085,529644,,1631,635,860,2251,3421,881,,289573,117668,3586,,,5,66,,,Suspicious,242,1445,10630
1460288881431,548,52636,1057336,2024-06-05T02:56:49.000Z,0,0,InitialAccess,T1078;T1078.004,FalsePositive,,,User,Impacted,98799,138268,360606,160396,31274,53884,32280,36101,153085,529644,,1631,635,860,2251,3421,881,,289573,117668,3586,,,5,66,,,,242,1445,10630
523986011874,70,37709,17353,2024-06-16T00:44:36.000Z,1,1,InitialAccess,T1566.002,BenignPositive,,,MailMessage,Related,98799,138268,360606,160396,441377,1998,425863,453297,153085,46176,,1631,635,860,2251,3421,881,,289573,117668,3586,,,5,66,Inbound,,Malicious,242,1445,10630
790273984959,5,274,524337,2024-06-12T01:47:24.000Z,0,0,InitialAccess,T1078;T1078.004,TruePositive,,,User,Impacted,98799,138268,360606,160396,81,114,75,92,153085,529644,,1631,635,860,2251,3421,881,,289573,117668,3586,,,5,66,,,,242,1445,10630
1692217118498,12,2075,1605,2024-05-25T21:19:04.000Z,16,1426,Impact,,BenignPositive,,,Ip,Related,98799,138268,230086,160396,441377,673934,425863,453297,153085,529644,,1631,635,860,2251,3421,881,,289573,117668,3586,,,5,66,,,,242,1445,10630
910533071506,1825,37555,1626449,2024-06-12T00:19:48.000Z,1676,3722,InitialAccess,,BenignPositive,,,Mailbox,Impacted,98799,138268,360606,160396,31542,54302,34445,36601,153085,529644,,1631,635,860,2251,3421,881,,289573,117668,3586,,,5,66,,,,242,1445,10630
1047972024154,68,42765,751320,2024-06-07T20:43:03.000Z,2,2,CommandAndControl,,BenignPositive,,,Url,Related,98799,138268,360606,9991,441377,673934,425863,453297,153085,529644,,1631,635,860,2251,3421,881,,289573,117668,3586,,,5,66,,Suspicious,Suspicious,242,1445,10630
481036340768,3,297644,709380,2024-06-03T18:26:38.000Z,2,2,CommandAndControl,,BenignPositive,,,Machine,Impacted,84624,138268,360606,160396,441377,673934,425863,453297,133260,529644,,1631,635,860,2251,3421,881,,289573,117668,3586,,,0,0,,Suspicious,Suspicious,242,1445,10630
1142461304534,12,247,466602,2024-06-08T14:34:14.000Z,74,55,CommandAndControl,T1071;T1048,BenignPositive,,,Ip,Related,98799,138268,20,160396,441377,673934,425863,453297,153085,529644,,1631,635,860,2251,3421,881,,289573,117668,3586,,,5,66,,,,242,1445,10630
249108106496,62,488305,1418032,2024-06-15T04:17:20.000Z,5,39,SuspiciousActivity,,TruePositive,,,Ip,Related,98799,138268,15995,160396,441377,673934,425863,453297,153085,529644,,1631,635,860,2251,3421,881,,289573,117668,3586,,Contextual,5,66,,,,242,1445,10630
850403529597,37,27103,4899,2024-06-06T11:05:38.000Z,105,2058,Exfiltration,,FalsePositive,,,MailMessage,Impacted,98799,138268,360606,160396,441377,16313,425863,453297,153085,80,,1631,635,860,2251,3421,881,,289573,117668,3586,,,5,66,,,,242,1445,10630
1683627181364,44,8976,5749,2024-06-10T18:06:22.000Z,50,36,Exfiltration,,BenignPositive,,,User,Impacted,98799,138268,360606,160396,6993,1538,6975,7100,153085,529644,,1631,635,860,2251,3421,881,,289573,117668,3586,,,5,66,,,,242,1445,10630
566935685324,13,146603,290485,2024-06-14T21:51:39.000Z,34,40896,Exfiltration,,BenignPositive,,,Ip,Related,98799,138268,24528,160396,441377,673934,425863,453297,153085,529644,,1631,635,860,2251,3421,881,,289573,117668,3586,,,5,66,,,,242,1445,10630
858993461997,29,78821,26098,2024-06-09T14:40:56.000Z,1,1,InitialAccess,T1566.002,BenignPositive,,,MailMessage,Related,98799,138268,360606,160396,441377,70283,425863,453297,153085,238686,,1631,635,860,2251,3421,881,,289573,117668,3586,,,5,66,,,,242,1445,10630
1219770714326,613,95805,72352,2024-05-31T18:30:18.000Z,2632,103,CommandAndControl,T1189;T1071;T1203,FalsePositive,,,Ip,Related,98799,138268,9946,160396,441377,673934,425863,453297,153085,529644,,1631,635,860,2251,3421,881,,289573,117668,3586,,,5,66,,,,242,1445,10630
893353202219,66,1069,340897,2024-06-07T06:39:26.000Z,5,34,SuspiciousActivity,,TruePositive,,,CloudApplication,Impacted,98799,138268,360606,160396,441377,673934,425863,453297,153085,529644,,1631,635,860,1,1,881,,289573,117668,3586,,,5,66,,,,242,1445,10630
523986011928,0,99,1309584,2024-06-12T13:44:23.000Z,0,0,InitialAccess,T1078;T1078.004,TruePositive,,,Ip,Related,98799,138268,284,160396,441377,673934,425863,453297,153085,529644,,1631,635,860,2251,3421,881,,289573,117668,3586,,,5,66,,,,39,62,58
1675037249423,321,10256,482863,2024-06-05T15:24:19.000Z,1977,352,CredentialAccess,,BenignPositive,,,User,Impacted,98799,138268,360606,160396,238101,433031,226591,300633,153085,529644,,1631,635,860,2251,3421,881,,289573,117668,3586,,,5,66,,,,242,1445,10630
901943135944,3,101009,273454,2024-06-10T15:06:12.000Z,2,2,CommandAndControl,,BenignPositive,,,Machine,Impacted,3357,138268,360606,160396,441377,673934,425863,453297,6137,529644,,1631,635,860,2251,3421,881,,289573,117668,3586,,,0,0,,Suspicious,Suspicious,242,1445,10630
498216208749,1477,23471,299680,2024-06-04T21:34:14.000Z,10,8,InitialAccess,T1566.001,TruePositive,,,Mailbox,Impacted,98799,138268,360606,160396,166700,121291,136723,126245,153085,529644,,1631,635,860,2251,3421,881,,289573,117668,3586,,,5,66,,,NoThreatsFound,242,1445,10630
1185410975457,26,6575,28606,2024-06-06T14:22:31.000Z,62,46,Execution,T1059.003,BenignPositive,,,File,Related,98799,478,360606,160396,441377,673934,425863,453297,153085,529644,,1631,635,860,2251,3421,881,,489,9,3586,,,5,66,,Suspicious,Suspicious,242,1445,10630
171798694937,55,515685,1489021,2024-06-04T12:05:29.000Z,110,86,InitialAccess,,TruePositive,,,User,Impacted,98799,138268,360606,160396,103465,67788,105562,91071,153085,529644,,1631,635,860,2251,3421,881,,289573,117668,3586,,,5,66,,,,242,1445,10630
1331439865296,2,18392,12679,2024-06-08T10:30:51.000Z,15,13,Exfiltration,,BenignPositive,,,MailMessage,Impacted,98799,138268,360606,160396,441377,5,425863,453297,153085,31465,,1631,635,860,2251,3421,881,,289573,117668,3586,,,5,66,,,,242,1445,10630
858993463769,135,4462,3010,2024-05-29T21:52:24.000Z,213,83,LateralMovement,T1021,BenignPositive,,,Ip,Related,98799,138268,33956,160396,441377,673934,425863,453297,153085,529644,,1631,635,860,2251,3421,881,,289573,117668,3586,,,5,66,,,,242,1445,10630
1331439867027,96,132963,578779,2024-06-10T16:19:32.000Z,5,109,SuspiciousActivity,,FalsePositive,,,Ip,Related,98799,138268,3466,160396,441377,673934,425863,453297,153085,529644,,1631,635,860,2251,3421,881,,289573,117668,3586,,Contextual,5,66,,,,242,1445,10630
1322849927777,58,473,2740,2024-06-13T23:14:04.000Z,11,9,InitialAccess,T1566,BenignPositive,,,User,Impacted,98799,138268,360606,160396,16682,17147,17189,18751,153085,529644,,1631,635,860,2251,3421,881,,289573,117668,3586,,,5,66,,,,242,1445,10630
498216206984,17,236,91672,2024-06-04T13:29:57.000Z,20,25229,Exfiltration,,FalsePositive,,,File,Impacted,98799,70148,360606,160396,441377,673934,425863,453297,153085,529644,,1631,635,860,2251,3421,881,,79944,53268,3586,,,5,66,,,,242,1445,10630
1322849929345,483,92413,1403340,2024-06-12T03:37:32.000Z,9,2448,Execution,,BenignPositive,,,File,Related,98799,119164,360606,160396,441377,673934,425863,453297,153085,529644,,1631,635,860,2251,3421,881,,180560,117668,3586,,,5,66,,,,242,1445,10630
42949673024,6,2490,1413,2024-05-31T08:59:28.000Z,17,82,Impact,,BenignPositive,,,Ip,Related,98799,138268,3326,160396,441377,673934,425863,453297,153085,529644,,1631,635,860,2251,3421,881,,289573,117668,3586,,,5,66,,,,242,1445,10630
824633724473,2,4220,26650,2024-06-13T15:31:55.000Z,230,210,Discovery,,BenignPositive,,,Machine,Impacted,98799,138268,360606,160396,441377,673934,425863,453297,74472,529644,,1631,635,860,2251,3421,881,,289573,117668,3586,,,5,66,,,,242,1445,10630
94489280565,6,17922,201890,2024-06-12T10:54:50.000Z,3,4,SuspiciousActivity,,BenignPositive,,,Ip,Related,98799,138268,21385,160396,441377,673934,425863,453297,153085,529644,,1631,635,860,2251,3421,881,,289573,117668,3586,,,5,66,,Suspicious,Suspicious,242,1445,10630
51539609388,0,100,1328468,2024-06-12T04:06:57.000Z,0,0,InitialAccess,T1078;T1078.004,TruePositive,,,Ip,Related,98799,138268,0,160396,441377,673934,425863,453297,153085,529644,,1631,635,860,2251,3421,881,,289573,117668,3586,,,5,66,,,,2,2,2
1640677511293,10,3244,689,2024-05-22T01:28:29.000Z,12,67,Impact,,TruePositive,,,Ip,Related,98799,138268,54158,160396,441377,673934,425863,453297,153085,529644,,1631,635,860,2251,3421,881,,289573,117668,3586,,,5,66,,,,242,1445,10630
51539609388,0,100,1316287,2024-06-12T06:43:56.000Z,0,0,InitialAccess,T1078;T1078.004,TruePositive,,,User,Impacted,98799,138268,360606,160396,387,509,379,415,153085,529644,,1631,635,860,2251,3421,881,,289573,117668,3586,,,5,66,,,,242,1445,10630
953482740673,18,169972,1082086,2024-06-15T19:04:32.000Z,9,47,Execution,,FalsePositive,,,CloudApplication,Impacted,98799,138268,360606,160396,441377,673934,425863,453297,153085,529644,,1631,635,860,4,4,881,,289573,117668,3586,,,5,66,,,,242,1445,10630
1340029799766,1197,129928,1023379,2024-06-08T18:23:43.000Z,19,15,InitialAccess,,FalsePositive,,,CloudLogonRequest,Related,98799,138268,360606,160396,441377,673934,425863,453297,153085,529644,,1631,635,860,2251,3421,881,,289573,117668,3586,,,5,66,,,,242,1445,10630
1537598293364,187,3362,12,2024-06-04T17:17:15.000Z,1,1,InitialAccess,T1566.002,FalsePositive,,,User,Impacted,98799,138268,360606,160396,89727,284606,95528,99251,153085,529644,,1631,635,860,2251,3421,881,,289573,117668,3586,,,5,66,,,,242,1445,10630
944892806774,21,18936,201888,2024-06-12T10:50:45.000Z,3,4,SuspiciousActivity,,BenignPositive,,,Url,Related,98799,138268,360606,37,441377,673934,425863,453297,153085,529644,,1631,635,860,2251,3421,881,,289573,117668,3586,,,5,66,,Suspicious,Suspicious,242,1445,10630
326417515081,58,101597,657953,2024-06-03T14:46:37.000Z,11,9,InitialAccess,T1566,BenignPositive,,,Mailbox,Impacted,98799,138268,360606,160396,16670,16911,16512,13739,153085,529644,,1631,635,860,2251,3421,881,,289573,117668,3586,,,5,66,,,,242,1445,10630
1211180781829,53,2521,3084,2024-06-07T01:47:10.000Z,199,24,CredentialAccess,T1110;T1078,BenignPositive,,,User,Impacted,98799,138268,360606,160396,301391,439230,268112,306522,153085,529644,,1631,635,860,2251,3421,881,,289573,117668,3586,,,5,66,,,,242,1445,10630
1005022350196,188,157691,158754,2024-06-08T21:00:02.000Z,1,1,InitialAccess,T1566.002,BenignPositive,,,Mailbox,Impacted,98799,138268,360606,160396,51307,63079,57408,61030,153085,529644,,1631,635,860,2251,3421,881,,289573,117668,3586,,,5,66,,,NoThreatsFound,242,1445,10630
85899348454,40,373306,1100725,2024-06-07T20:18:55.000Z,2,2,CommandAndControl,,BenignPositive,,,Url,Related,98799,138268,360606,0,441377,673934,425863,453297,153085,529644,,1631,635,860,2251,3421,881,,289573,117668,3586,,,5,66,,Suspicious,Suspicious,242,1445,10630
687194769018,7,3569,807,2024-06-02T03:50:32.000Z,21,146,Impact,,FalsePositive,,,Ip,Related,98799,138268,5277,160396,441377,673934,425863,453297,153085,529644,,1631,635,860,2251,3421,881,,289573,117668,3586,,,5,66,,,,242,1445,10630
1554778162084,18,121388,1557449,2024-06-07T08:29:28.000Z,9,32,Execution,,FalsePositive,,,File,Related,98799,16080,360606,160396,441377,673934,425863,453297,153085,529644,,1631,635,860,2251,3421,881,,18100,117668,3586,,,5,66,,,,242,1445,10630
1245540519079,33,7119,4990,2024-06-03T07:27:14.000Z,38,25,Impact,,BenignPositive,,,Url,Related,98799,138268,360606,110115,441377,673934,425863,453297,153085,529644,,1631,635,860,2251,3421,881,,289573,117668,3586,,,5,66,,,,242,1445,10630
395136993058,0,12263,29837,2024-06-04T09:14:35.000Z,0,0,InitialAccess,T1078;T1078.004,TruePositive,,,CloudLogonSession,Related,98799,138268,360606,160396,441377,673934,425863,453297,153085,529644,,1631,635,860,2251,3421,881,,289573,117668,3586,,,5,66,,,,242,1445,10630
962072678997,135,2762,3067,2024-06-04T16:52:24.000Z,381,33,Persistence,T1078;T1098,BenignPositive,,,User,Impacted,98799,138268,360606,160396,39016,63116,36565,33026,153085,529644,,1631,635,860,2251,3421,881,,289573,117668,3586,,,5,66,,,,242,1445,10630
1348619735023,57,1234,90730,2024-06-05T16:16:46.000Z,46,8387,Exfiltration,,BenignPositive,,,File,Impacted,98799,138268,360606,160396,441377,673934,425863,453297,153085,529644,,1631,635,860,2251,3421,881,,4391,787,3586,,,5,66,,,,242,1445,10630
1099511629422,0,10140,127123,2024-06-03T04:06:44.000Z,7,6,InitialAccess,,TruePositive,,,User,Impacted,98799,138268,360606,160396,3020,4037,3021,3182,153085,529644,,1631,635,860,2251,3421,881,,289573,117668,3586,,,5,66,,,,242,1445,10630
1692217117337,40,859,427442,2024-06-13T03:22:15.000Z,2,2,CommandAndControl,,BenignPositive,,,Url,Related,98799,138268,360606,1,441377,673934,425863,453297,153085,529644,,1631,635,860,2251,3421,881,,289573,117668,3586,,,5,66,,Suspicious,Suspicious,242,1445,10630
386547060046,62,482175,1388150,2024-06-09T01:03:27.000Z,5,39,SuspiciousActivity,,TruePositive,,,CloudApplication,Impacted,98799,138268,360606,160396,441377,673934,425863,453297,153085,529644,,1631,635,860,0,0,881,,289573,117668,3586,,,5,66,,,,242,1445,10630
1271310321413,0,173,1318356,2024-06-04T13:17:56.000Z,14,12,CredentialAccess,T1110;T1110.003;T1110.001,TruePositive,,,CloudLogonRequest,Related,98799,138268,360606,160396,441377,673934,425863,453297,153085,529644,,1631,635,860,2251,3421,881,,289573,117668,3586,,,5,66,,,,242,1445,10630
1640677508916,45,1306,16840,2024-06-11T20:46:09.000Z,6,5,InitialAccess,T1566,FalsePositive,,,MailCluster,Related,98799,138268,360606,160396,441377,673934,425863,453297,153085,529644,1023366453.0,1631,635,860,2251,3421,881,,289573,117668,3586,,,5,66,,,,242,1445,10630
1331439863612,0,89,1250586,2024-06-07T17:03:09.000Z,0,0,InitialAccess,T1078;T1078.004,TruePositive,,,User,Impacted,98799,138268,360606,160396,5340,7582,5396,5772,153085,529644,,1631,635,860,2251,3421,881,,289573,117668,3586,,,5,66,,,,242,1445,10630
146028890028,134,109517,156158,2024-06-08T21:34:26.000Z,1,1,InitialAccess,T1566.002,BenignPositive,,,MailCluster,Related,98799,138268,360606,160396,441377,673934,425863,453297,153085,529644,,1631,635,860,2251,3421,881,,289573,117668,3586,,,5,66,,,Suspicious,242,1445,10630
489626276763,4,2703,501,2024-05-28T09:58:48.000Z,8,7,InitialAccess,T1133,FalsePositive,,,Machine,Impacted,98799,138268,360606,160396,441377,673934,425863,453297,887,529644,,1631,635,860,2251,3421,881,,289573,117668,3586,,,5,66,,,,242,1445,10630
1305670062855,4,2640,327,2024-05-29T23:53:19.000Z,8,7,InitialAccess,T1133,FalsePositive,,,Machine,Impacted,98799,138268,360606,160396,441377,673934,425863,453297,132,529644,,1631,635,860,2251,3421,881,,289573,117668,3586,,,5,66,,,,242,1445,10630
335007450153,16,203353,791879,2024-06-05T15:01:39.000Z,24,912,Exfiltration,,BenignPositive,,,MailMessage,Impacted,98799,138268,360606,160396,441377,268594,425863,453297,153085,413640,,1631,635,860,2251,3421,881,,289573,117668,3586,,,5,66,,,,242,1445,10630
979252547402,14,4140,2975,2024-06-01T19:51:43.000Z,29,20,Impact,,TruePositive,,,Ip,Related,98799,138268,67,160396,441377,673934,425863,453297,153085,529644,,1631,635,860,2251,3421,881,,289573,117668,3586,,,5,66,,,,242,1445,10630
77309412053,82,3212,753,2024-06-06T08:04:59.000Z,1,1,InitialAccess,T1566.002,TruePositive,,,Mailbox,Impacted,98799,138268,360606,160396,4879,3290,4820,5157,153085,529644,,1631,635,860,2251,3421,881,,289573,117668,3586,,,5,66,,,,242,1445,10630
446676600164,159,12375,207621,2024-06-03T08:56:04.000Z,2,2,CommandAndControl,,FalsePositive,,,Machine,Impacted,12746,138268,360606,160396,441377,673934,425863,453297,20884,529644,,1631,635,860,2251,3421,881,,289573,117668,3586,,,0,0,,Suspicious,Suspicious,242,1445,10630
1382979474539,123,674,1413709,2024-06-14T05:08:09.000Z,5,404,SuspiciousActivity,,TruePositive,,,User,Impacted,98799,138268,360606,160396,23210,37194,23085,25118,153085,529644,,1631,635,860,2251,3421,881,,289573,117668,3586,,,5,66,,,,242,1445,10630
1374389537383,604,716,708221,2024-06-06T18:48:28.000Z,2,2,CommandAndControl,,TruePositive,,,Url,Related,98799,138268,360606,0,441377,673934,425863,453297,153085,529644,,1631,635,860,2251,3421,881,,289573,117668,3586,,,5,66,,Suspicious,Suspicious,242,1445,10630
1013612281872,6,1781,1179,2024-05-20T15:50:33.000Z,17,1305,Impact,,BenignPositive,,,Ip,Related,98799,138268,206101,160396,441377,673934,425863,453297,153085,529644,,1631,635,860,2251,3421,881,,289573,117668,3586,,,5,66,,,,242,1445,10630
867583398342,2150,54389,219265,2024-06-08T23:27:18.000Z,1,1,InitialAccess,T1566.002,BenignPositive,,,Mailbox,Impacted,98799,138268,360606,160396,48863,41200,49661,51963,153085,529644,,1631,635,860,2251,3421,881,,289573,117668,3586,,,5,66,,,NoThreatsFound,242,1445,10630
1554778163918,245,55929,717225,2024-06-04T22:55:51.000Z,3,4,SuspiciousActivity,,TruePositive,,,Url,Related,98799,138268,360606,1291,441377,673934,425863,453297,153085,529644,,1631,635,860,2251,3421,881,,289573,117668,3586,,,5,66,,Suspicious,Suspicious,242,1445,10630
953482740432,60,110,4309,2024-06-11T14:12:54.000Z,51,2790,Exfiltration,,FalsePositive,,,MailMessage,Impacted,98799,138268,360606,160396,441377,2743,425863,453297,153085,5634,,1631,635,860,2251,3421,881,,289573,117668,3586,,,5,66,,,,242,1445,10630
601295424615,74,2866,419242,2024-06-03T06:14:40.000Z,36,191,Malware,,BenignPositive,,,User,Impacted,98799,138268,360606,160396,107223,182362,112882,121072,153085,529644,,1631,635,860,2251,3421,881,,289573,117668,3586,,,5,66,,Suspicious,Suspicious,242,1445,10630
300647711565,352,1200,1371855,2024-06-05T19:25:07.000Z,9,248,Execution,,TruePositive,,,CloudApplication,Impacted,98799,138268,360606,160396,441377,673934,425863,453297,153085,529644,,1631,635,860,3,3,881,,289573,117668,3586,,,5,66,,,,242,1445,10630
644245096174,0,81,914081,2024-06-05T03:14:57.000Z,4,3,InitialAccess,,TruePositive,,,Ip,Related,98799,138268,3,160396,441377,673934,425863,453297,153085,529644,,1631,635,860,2251,3421,881,,289573,117668,3586,,,5,66,,,,4,4,12
1331439866290,53,87271,1545321,2024-05-25T09:36:10.000Z,3972,184,Exfiltration,T1030,BenignPositive,,,User,Impacted,98799,138268,360606,160396,198145,324441,192043,206319,153085,529644,,1631,635,860,2251,3421,881,,289573,117668,3586,,,5,66,,,,242,1445,10630
1073741828470,92,1340,282718,2024-06-12T22:31:22.000Z,2,2,CommandAndControl,,BenignPositive,,,Machine,Impacted,745,138268,360606,160396,441377,673934,425863,453297,2044,529644,,1631,635,860,2251,3421,881,,289573,117668,3586,,,0,0,,Suspicious,Suspicious,242,1445,10630
1159641172187,119,26,3261,2024-06-14T10:48:38.000Z,28,19,InitialAccess,T1566,FalsePositive,,,MailMessage,Related,98799,138268,360606,160396,441377,113,425863,453297,153085,9344,,1631,635,860,2251,3421,881,,289573,117668,3586,,,5,66,,,,242,1445,10630
798863918156,310,119947,456224,2024-06-06T14:21:01.000Z,6,5,InitialAccess,T1566,TruePositive,,,MailCluster,Related,98799,138268,360606,160396,441377,673934,425863,453297,153085,529644,4278942140.0,1631,635,860,2251,3421,881,,289573,117668,3586,,,5,66,,,Suspicious,242,1445,10630
25769805653,131,10992,37042,2024-06-13T06:15:11.000Z,6,5,InitialAccess,T1566,BenignPositive,,,Ip,Related,98799,138268,90,160396,441377,673934,425863,453297,153085,529644,,1631,635,860,2251,3421,881,,289573,117668,3586,,,5,66,,,NoThreatsFound,242,1445,10630
601295424398,50,0,310594,2024-06-12T07:27:04.000Z,14,12,CredentialAccess,T1110;T1110.003;T1110.001,TruePositive,,,Ip,Related,98799,138268,1103,160396,441377,673934,425863,453297,153085,529644,,1631,635,860,2251,3421,881,,289573,117668,3586,,,5,66,,,,0,1,1
1503238555908,102,302,1110676,2024-06-13T01:05:27.000Z,108,72791,Exfiltration,,BenignPositive,,,Ip,Related,98799,138268,520,160396,441377,673934,425863,453297,153085,529644,,1631,635,860,2251,3421,881,,289573,117668,3586,,,5,66,,,,242,1445,10630
1623497642851,4,1650,322,2024-05-20T21:59:55.000Z,8,7,InitialAccess,T1133,FalsePositive,,,Machine,Impacted,98799,138268,360606,160396,441377,673934,425863,453297,356,529644,,1631,635,860,2251,3421,881,,289573,117668,3586,,,5,66,,,,242,1445,10630
326417515018,77,86476,117721,2024-06-05T12:57:43.000Z,6,5,InitialAccess,T1566,BenignPositive,,,MailMessage,Related,98799,138268,360606,160396,441377,8146,425863,453297,153085,40386,,1631,635,860,2251,3421,881,,289573,117668,3586,,,5,66,,,,242,1445,10630
1632087575238,29,60938,63118,2024-06-03T07:09:02.000Z,1,1,InitialAccess,T1566.002,BenignPositive,,,Url,Related,98799,138268,360606,62205,441377,673934,425863,453297,153085,529644,,1631,635,860,2251,3421,881,,289573,117668,3586,,,5,66,,,NoThreatsFound,242,1445,10630
1374389535421,22,146,981479,2024-06-08T12:20:57.000Z,4,3,InitialAccess,,TruePositive,,,Ip,Related,98799,138268,190,160396,441377,673934,425863,453297,153085,529644,,1631,635,860,2251,3421,881,,289573,117668,3586,,,5,66,,,,41,61,72
1520418424539,0,311,68860,2024-06-05T04:50:25.000Z,0,0,InitialAccess,T1078;T1078.004,TruePositive,,,User,Impacted,98799,138268,360606,160396,1426,1958,1427,1511,153085,529644,,1631,635,860,2251,3421,881,,289573,117668,3586,,,5,66,,,,242,1445,10630
1125281433373,0,80,101767,2024-06-04T17:47:48.000Z,4,3,InitialAccess,,TruePositive,,,CloudLogonRequest,Related,98799,138268,360606,160396,441377,673934,425863,453297,153085,529644,,1631,635,860,2251,3421,881,,289573,117668,3586,,,5,66,,,,242,1445,10630
1408749277312,10,1697,273,2024-05-21T10:57:05.000Z,12,41,Impact,,TruePositive,,,Ip,Related,98799,138268,11901,160396,441377,673934,425863,453297,153085,529644,,1631,635,860,2251,3421,881,,289573,117668,3586,,,5,66,,,,242,1445,10630
644245097569,74,40856,683062,2024-06-04T19:04:29.000Z,2,2,CommandAndControl,,BenignPositive,,,Url,Related,98799,138268,360606,196,441377,673934,425863,453297,153085,529644,,1631,635,860,2251,3421,881,,289573,117668,3586,,,5,66,,Suspicious,Suspicious,242,1445,10630
283467846222,81,295791,789963,2024-06-13T23:46:46.000Z,65,69004,Exfiltration,,BenignPositive,,,MailMessage,Impacted,98799,138268,360606,160396,441377,217267,425863,453297,153085,127620,,1631,635,860,2251,3421,881,,289573,117668,3586,,,5,66,,,,242,1445,10630
1606317773771,46,117969,672397,2024-06-15T20:51:12.000Z,297,291,Impact,,BenignPositive,,,GenericEntity,Related,98799,138268,360606,160396,441377,673934,425863,453297,153085,529644,,1631,635,860,2251,3421,881,,289573,117668,3586,,,5,66,,,,242,1445,10630
1417339209601,2399,21524,51384,2024-06-09T14:29:28.000Z,1,1,InitialAccess,T1566.002,TruePositive,,,MailMessage,Related,98799,138268,360606,160396,441377,40656,425863,453297,153085,52291,,1631,635,860,2251,3421,881,,289573,117668,3586,,,5,66,Inbound,,NoThreatsFound,242,1445,10630
1125281434888,51,128235,296405,2024-06-06T08:01:01.000Z,39,26,Execution,T1559;T1106;T1059.005,BenignPositive,,,Process,Related,98799,4,360606,160396,441377,673934,425863,453297,153085,529644,,1631,635,860,2251,3421,881,,3,6,3586,,,5,66,,,,242,1445,10630
1460288884061,2,18981,13047,2024-06-06T06:08:41.000Z,15,13,Exfiltration,,BenignPositive,,,User,Impacted,98799,138268,360606,160396,12070,4890,11803,13084,153085,529644,,1631,635,860,2251,3421,881,,289573,117668,3586,,,5,66,,,,242,1445,10630
1606317770465,0,92,832388,2024-06-08T22:15:41.000Z,0,0,InitialAccess,T1078;T1078.004,TruePositive,,,User,Impacted,98799,138268,360606,160396,1590,2144,1590,1677,153085,529644,,1631,635,860,2251,3421,881,,289573,117668,3586,,,5,66,,,,242,1445,10630
712964576126,112,48746,67078,2024-06-12T01:06:26.000Z,28,19,InitialAccess,T1566,BenignPositive,,,Mailbox,Impacted,98799,138268,360606,160396,68273,71259,71928,82562,153085,529644,,1631,635,860,2251,3421,881,,289573,117668,3586,,,5,66,,,,242,1445,10630
721554509745,108,194773,1496193,2024-06-03T11:28:18.000Z,13,11,InitialAccess,T1566,BenignPositive,,,Mailbox,Impacted,98799,138268,360606,160396,47687,45407,41832,46487,153085,529644,,1631,635,860,2251,3421,881,,289573,117668,3586,,,5,66,,,,242,1445,10630
1676,145,175641,919321,2024-06-04T17:31:43.000Z,0,0,InitialAccess,T1078;T1078.004,TruePositive,,,CloudLogonSession,Related,98799,138268,360606,160396,441377,673934,425863,453297,153085,529644,,1631,635,860,2251,3421,881,,289573,117668,3586,,,5,66,,,,242,1445,10630
678604836772,109,97625,1124045,2024-06-06T19:07:59.000Z,75,72738,Exfiltration,,BenignPositive,,,User,Impacted,98799,138268,360606,160396,20923,33993,21054,22700,153085,529644,,1631,635,860,2251,3421,881,,289573,117668,3586,,,5,66,,,,242,1445,10630
575525620940,118,2743,464376,2024-06-14T04:05:23.000Z,88,24,CredentialAccess,,BenignPositive,,,User,Impacted,98799,138268,360606,160396,4784,6195,4809,4848,153085,529644,,1631,635,860,2251,3421,881,,289573,117668,3586,,,5,66,,,,242,1445,10630
154618827275,9,1832,277939,2024-06-15T00:53:11.000Z,2,2,CommandAndControl,,BenignPositive,,,Url,Related,98799,138268,360606,10584,441377,673934,425863,453297,153085,529644,,1631,635,860,2251,3421,881,,289573,117668,3586,,,5,66,,Suspicious,Suspicious,242,1445,10630
1322849930366,51,3095,297845,2024-06-16T23:51:05.000Z,39,26,Execution,T1559;T1106;T1059.005,BenignPositive,,,Machine,Impacted,570,138268,360606,160396,441377,673934,425863,453297,1748,529644,,1631,635,860,2251,3421,881,,289573,117668,3586,,,5,66,,,,242,1445,10630
1400159341254,8,11606,629439,2024-06-16T06:36:41.000Z,3,4,SuspiciousActivity,,TruePositive,,,Ip,Related,98799,138268,9004,160396,441377,673934,425863,453297,153085,529644,,1631,635,860,2251,3421,881,,289573,117668,3586,,,5,66,,Suspicious,Suspicious,242,1445,10630
1477468751572,220,55544,134089,2024-06-05T04:02:59.000Z,178,24324,Exfiltration,,FalsePositive,,,Machine,Impacted,128,138268,360606,160396,441377,673934,425863,453297,852,529644,,1631,635,860,2251,3421,881,,289573,117668,3586,,,5,66,,,,242,1445,10630
1460288884566,14,630,34098,2024-05-28T07:45:40.000Z,143,117,Impact,,TruePositive,,,Ip,Related,98799,138268,10422,160396,441377,673934,425863,453297,153085,529644,,1631,635,860,2251,3421,881,,289573,117668,3586,,,5,66,,,,242,1445,10630
1030792151423,64,14294,370126,2024-06-11T11:46:33.000Z,159,65,Exfiltration,T1041,BenignPositive,,,File,Related,98799,138268,360606,160396,441377,673934,425863,453297,153085,529644,,1631,635,860,2251,3421,881,,212913,90199,3586,,,5,66,,,,242,1445,10630
249108107031,12,1790,1316,2024-05-20T08:20:29.000Z,16,1267,Impact,,BenignPositive,,,Ip,Related,98799,138268,2628,160396,441377,673934,425863,453297,153085,529644,,1631,635,860,2251,3421,881,,289573,117668,3586,,,5,66,,,,242,1445,10630
1185410977280,2,8072,2645,2024-06-11T08:49:12.000Z,18,14,Exfiltration,,BenignPositive,,,File,Impacted,98799,138268,360606,160396,441377,673934,425863,453297,153085,529644,,1631,635,860,2251,3421,881,,135262,59603,3586,,,5,66,,,,242,1445,10630
386547058110,983,41003,1047247,2024-06-11T21:03:55.000Z,0,0,InitialAccess,T1078;T1078.004,FalsePositive,,,Ip,Related,98799,138268,111374,160396,441377,673934,425863,453297,153085,529644,,1631,635,860,2251,3421,881,,289573,117668,3586,,,5,66,,,,74,194,247
592705487918,47,621,8516,2024-06-07T09:01:30.000Z,57,29,CommandAndControl,T1046;T1071;T1210,FalsePositive,,,Url,Related,98799,138268,360606,3949,441377,673934,425863,453297,153085,529644,,1631,635,860,2251,3421,881,,289573,117668,3586,,,5,66,,,,242,1445,10630
850403528484,12,1690,1288,2024-05-24T15:08:46.000Z,16,69,Impact,,BenignPositive,,,Ip,Related,98799,138268,8051,160396,441377,673934,425863,453297,153085,529644,,1631,635,860,2251,3421,881,,289573,117668,3586,,,5,66,,,,242,1445,10630
223338301643,52,1025,3260,2024-06-08T01:51:45.000Z,1,1,InitialAccess,T1566.002,TruePositive,,,Mailbox,Impacted,98799,138268,360606,160396,441377,161638,425863,453297,153085,529644,,1631,635,860,2251,3421,881,,289573,117668,3586,,,5,66,,,,242,1445,10630
1030792152970,627,98775,82143,2024-06-12T17:13:20.000Z,6,5,InitialAccess,T1566,BenignPositive,,,MailCluster,Related,98799,138268,360606,160396,441377,673934,425863,453297,153085,529644,1953517600.0,1631,635,860,2251,3421,881,,289573,117668,3586,,,5,66,,,NoThreatsFound,242,1445,10630
575525618701,238,1876,1581607,2024-06-03T09:53:56.000Z,126,33945,Ransomware,,TruePositive,,,Machine,Impacted,156,138268,360606,160396,441377,673934,425863,453297,22,529644,,1631,635,860,2251,3421,881,,289573,117668,3586,,,0,0,,Suspicious,Suspicious,242,1445,10630
369367189171,388,372625,1695337,2024-06-05T04:49:13.000Z,746,1024,Discovery,,BenignPositive,,,Machine,Impacted,46384,138268,360606,160396,441377,673934,425863,453297,63230,529644,,1631,635,860,2251,3421,881,,289573,117668,3586,,,5,66,,,,242,1445,10630
674,217,139405,481024,2024-06-11T11:48:12.000Z,715,961,PrivilegeEscalation,T1068,BenignPositive,,,Machine,Impacted,55806,138268,360606,160396,441377,673934,425863,453297,60183,529644,,1631,635,860,2251,3421,881,,289573,117668,3586,,,5,66,,,,242,1445,10630
609885358104,49,58235,741484,2024-06-12T14:10:37.000Z,2,2,CommandAndControl,,TruePositive,,,Url,Related,98799,138268,360606,302,441377,673934,425863,453297,153085,529644,,1631,635,860,2251,3421,881,,289573,117668,3586,,,5,66,,Suspicious,Suspicious,242,1445,10630
1563368097504,0,82,485984,2024-06-05T05:03:22.000Z,14,12,CredentialAccess,T1110;T1110.003;T1110.001,TruePositive,,,CloudLogonRequest,Related,98799,138268,360606,160396,441377,673934,425863,453297,153085,529644,,1631,635,860,2251,3421,881,,289573,117668,3586,,,5,66,,,,242,1445,10630
601295422607,16,218690,431285,2024-06-04T20:07:52.000Z,24,37,Exfiltration,,BenignPositive,,,MailMessage,Impacted,98799,138268,360606,160396,441377,242957,425863,453297,153085,361114,,1631,635,860,2251,3421,881,,289573,117668,3586,,,5,66,,,,242,1445,10630
1108101564151,0,418,509162,2024-06-03T04:19:43.000Z,7,6,InitialAccess,,TruePositive,,,CloudLogonRequest,Related,98799,138268,360606,160396,441377,673934,425863,453297,153085,529644,,1631,635,860,2251,3421,881,,289573,117668,3586,,,5,66,,,,242,1445,10630
1391569405884,122,6595,696509,2024-06-15T17:08:11.000Z,2,2,CommandAndControl,,FalsePositive,,,Url,Related,98799,138268,360606,974,441377,673934,425863,453297,153085,529644,,1631,635,860,2251,3421,881,,289573,117668,3586,,,5,66,,Suspicious,Suspicious,242,1445,10630
670014902751,615,25927,80701,2024-06-13T18:21:14.000Z,6,5,InitialAccess,T1566,BenignPositive,,,File,Related,98799,42048,360606,160396,441377,673934,425863,453297,153085,529644,,1631,635,860,2251,3421,881,,21800,117668,3586,,,5,66,,,,242,1445,10630
369367191181,3,135117,275844,2024-06-10T18:13:03.000Z,2,2,CommandAndControl,,BenignPositive,,,User,Impacted,98799,138268,360606,160396,15819,25352,15891,16870,153085,529644,,1631,635,860,2251,3421,881,,289573,117668,3586,,,5,66,,Suspicious,Suspicious,242,1445,10630
601295424398,50,0,331866,2024-06-12T02:17:36.000Z,7,6,InitialAccess,,TruePositive,,,CloudLogonRequest,Related,98799,138268,360606,160396,441377,673934,425863,453297,153085,529644,,1631,635,860,2251,3421,881,,289573,117668,3586,,,5,66,,,,242,1445,10630
901943135377,648,51203,554976,2024-06-04T14:28:45.000Z,5,2745,SuspiciousActivity,,BenignPositive,,,CloudApplication,Impacted,98799,138268,360606,160396,441377,673934,425863,453297,153085,529644,,1631,635,860,1,1,881,,289573,117668,3586,,,5,66,,,,242,1445,10630
1700807052353,33,20632,24113,2024-05-28T21:03:03.000Z,131,113,Impact,,BenignPositive,,,User,Impacted,98799,138268,360606,160396,27477,27320,27914,30136,153085,529644,,1631,635,860,2251,3421,881,,289573,117668,3586,,,5,66,,,,242,1445,10630
1374389539396,9,11545,13644,2024-06-04T10:13:42.000Z,40,6882,Exfiltration,,BenignPositive,,,MailMessage,Impacted,98799,138268,360606,160396,441377,187519,425863,453297,153085,2777,,1631,635,860,2251,3421,881,,289573,117668,3586,,,5,66,,,,242,1445,10630
987842478960,18,387410,1125393,2024-06-04T03:27:55.000Z,181,15262,Exfiltration,,FalsePositive,,,User,Impacted,98799,138268,360606,160396,49785,86446,50929,54450,153085,529644,,1631,635,860,2251,3421,881,,289573,117668,3586,,,5,66,,,,242,1445,10630
60129543883,26,26572,351909,2024-06-14T07:52:19.000Z,126,3649,Ransomware,,BenignPositive,,,File,Related,98799,2836,360606,160396,441377,673934,425863,453297,153085,529644,,1631,635,860,2251,3421,881,QilinCrypt,7004,7614,3586,,,5,66,,Suspicious,Malicious,242,1445,10630
103079216768,70,26674,50040,2024-06-09T01:24:46.000Z,1,1,InitialAccess,T1566.002,BenignPositive,,,Mailbox,Impacted,98799,138268,360606,160396,9233,6718,9334,9871,153085,529644,,1631,635,860,2251,3421,881,,289573,117668,3586,,,5,66,,,,242,1445,10630
1151051240541,96,1544,987,2024-06-13T02:36:03.000Z,27,18,Discovery,T1087;T1087.002,FalsePositive,,,Machine,Related,98799,138268,360606,160396,441377,673934,425863,453297,51303,529644,,1631,635,860,2251,3421,881,,289573,117668,3586,,Destination,5,66,,,,242,1445,10630
962072677401,314,514738,565634,2024-06-06T23:19:34.000Z,5,2194,SuspiciousActivity,,BenignPositive,,,Ip,Related,98799,138268,39877,160396,441377,673934,425863,453297,153085,529644,,1631,635,860,2251,3421,881,,289573,117668,3586,,Contextual,5,66,,,,242,1445,10630
515396080349,4,762,357,2024-05-30T13:17:53.000Z,8,7,InitialAccess,T1133,FalsePositive,,,Machine,Impacted,98799,138268,360606,160396,441377,673934,425863,453297,89,529644,,1631,635,860,2251,3421,881,,289573,117668,3586,,,5,66,,,,242,1445,10630
1056561955332,77,4316,12981,2024-06-05T13:27:34.000Z,1,1,InitialAccess,T1566.002,BenignPositive,,,MailCluster,Related,98799,138268,360606,160396,441377,673934,425863,453297,153085,529644,2620580447.0,1631,635,860,2251,3421,881,,289573,117668,3586,,,5,66,,,Malicious,242,1445,10630
481036339668,375,3213,2233,2024-06-02T17:59:54.000Z,203,170,Collection,T1005,FalsePositive,,,Machine,Impacted,71469,138268,360606,160396,441377,673934,425863,453297,126312,529644,,1631,635,860,2251,3421,881,,289573,117668,3586,,,5,66,,,,242,1445,10630
566935683667,58,9163,3047,2024-06-11T17:32:08.000Z,11,9,InitialAccess,T1566,BenignPositive,,,MailMessage,Related,98799,138268,360606,160396,441377,16968,425863,453297,153085,240298,,1631,635,860,2251,3421,881,,289573,117668,3586,,,5,66,,,,242,1445,10630
1400159342188,3,79132,750877,2024-06-07T06:04:34.000Z,2,2,CommandAndControl,,BenignPositive,,,User,Impacted,98799,138268,360606,160396,10294,15916,10285,11067,153085,529644,,1631,635,860,2251,3421,881,,289573,117668,3586,,,5,66,,Suspicious,Suspicious,242,1445,10630
489626273554,0,131,544577,2024-06-08T20:12:13.000Z,0,0,InitialAccess,T1078;T1078.004,TruePositive,,,Ip,Related,98799,138268,213,160396,441377,673934,425863,453297,153085,529644,,1631,635,860,2251,3421,881,,289573,117668,3586,,,5,66,,,,0,3,15
1374389539153,71,3003,660,2024-06-03T18:09:58.000Z,98,38,InitialAccess,,FalsePositive,,,Ip,Related,98799,138268,88733,160396,441377,673934,425863,453297,153085,529644,,1631,635,860,2251,3421,881,,289573,117668,3586,,,5,66,,,,242,1445,10630
137438953934,156,65468,50605,2024-06-03T07:50:03.000Z,1,1,InitialAccess,T1566.002,BenignPositive,,,MailCluster,Related,98799,138268,360606,160396,441377,673934,425863,453297,153085,529644,,1631,635,860,2251,3421,881,,289573,117668,3586,,,5,66,,,Malicious,242,1445,10630
146028890899,29,19624,15297,2024-06-04T01:21:25.000Z,101,78,CredentialAccess,,BenignPositive,,,User,Impacted,98799,138268,360606,160396,441377,673934,425863,23335,153085,529644,,1631,635,860,2251,3421,881,,289573,117668,3586,,,5,66,,,,242,1445,10630
1571958032814,28,15937,5297,2024-06-06T07:35:51.000Z,13,11,InitialAccess,T1566,TruePositive,,,Mailbox,Impacted,98799,138268,360606,160396,123974,153723,121320,141513,153085,529644,,1631,635,860,2251,3421,881,,289573,117668,3586,,,5,66,,,,242,1445,10630
1675037248281,34,31867,20393,2024-06-03T19:38:32.000Z,526,573,CredentialAccess,,FalsePositive,,,User,Impacted,98799,138268,360606,160396,256127,343446,227111,217541,153085,529644,,1631,635,860,2251,3421,881,,289573,117668,3586,,,5,66,,,,242,1445,10630
1340029796971,22,360,545760,2024-06-03T00:56:25.000Z,0,0,InitialAccess,T1078;T1078.004,TruePositive,,,Ip,Related,98799,138268,85183,160396,441377,673934,425863,453297,153085,529644,,1631,635,860,2251,3421,881,,289573,117668,3586,,,5,66,,,,26,65,75
489626273558,0,118,1322016,2024-06-11T18:54:29.000Z,0,0,InitialAccess,T1078;T1078.004,TruePositive,,,Ip,Related,98799,138268,298,160396,441377,673934,425863,453297,153085,529644,,1631,635,860,2251,3421,881,,289573,117668,3586,,,5,66,,,,9,33,32
1056561956414,436,1734,1078,2024-06-09T17:23:18.000Z,27,18,Discovery,T1087;T1087.002,BenignPositive,,,Machine,Related,98799,138268,360606,160396,441377,673934,425863,453297,102025,529644,,1631,635,860,2251,3421,881,,289573,117668,3586,,Destination,5,66,,,,242,1445,10630
1314259996752,108,135890,235056,2024-06-10T04:51:16.000Z,1,1,InitialAccess,T1566.002,BenignPositive,,,Mailbox,Impacted,98799,138268,360606,160396,169936,178512,129165,141102,153085,529644,,1631,635,860,2251,3421,881,,289573,117668,3586,,,5,66,,,Malicious,242,1445,10630
824633721916,129,263715,647371,2024-06-04T13:34:23.000Z,379,35079,Exfiltration,,BenignPositive,,,MailMessage,Impacted,98799,138268,360606,160396,441377,161629,425863,453297,153085,79804,,1631,635,860,2251,3421,881,,289573,117668,3586,,,5,66,,,,242,1445,10630
1202590845413,312,19567,195500,2024-06-06T14:17:35.000Z,3,4,SuspiciousActivity,,TruePositive,,,Machine,Impacted,646,138268,360606,160396,441377,673934,425863,453297,1871,529644,,1631,635,860,2251,3421,881,,289573,117668,3586,,,5,66,,Suspicious,Suspicious,242,1445,10630
790273984156,432,36606,87227,2024-06-04T03:01:57.000Z,274,264,Persistence,T1112;T1547.001,TruePositive,,,RegistryValue,Related,98799,138268,360606,160396,441377,673934,425863,453297,153085,529644,,686,22,466,2251,3421,881,,289573,117668,3586,,,5,66,,Suspicious,Suspicious,242,1445,10630
1297080125029,21,11268,109645,2024-06-08T01:03:25.000Z,3,4,SuspiciousActivity,,BenignPositive,,,Url,Related,98799,138268,360606,481,441377,673934,425863,453297,153085,529644,,1631,635,860,2251,3421,881,,289573,117668,3586,,,5,66,,Suspicious,Suspicious,242,1445,10630
1202590845037,49,173841,686255,2024-06-03T15:49:28.000Z,2,2,CommandAndControl,,TruePositive,,,Process,Related,98799,11,360606,160396,441377,673934,425863,453297,153085,529644,,1631,635,860,2251,3421,881,,0,2,3586,,,5,66,,Suspicious,Suspicious,242,1445,10630
1589137902230,29,124493,675377,2024-06-06T02:11:36.000Z,2316,6615,CredentialAccess,,BenignPositive,,,User,Impacted,98799,138268,360606,160396,245123,434446,290062,301989,153085,529644,,1631,635,860,2251,3421,881,,289573,117668,3586,,,5,66,,,,242,1445,10630
1219770716719,9,550989,634170,2024-06-13T10:56:11.000Z,31,229,Malware,,FalsePositive,,,File,Related,98799,1843,360606,160396,441377,673934,425863,453297,153085,529644,,1631,635,860,2251,3421,881,Donoff,27973,18,3586,,,5,66,,Suspicious,Malicious,242,1445,10630
558345752840,36,229537,1090957,2024-06-05T01:21:36.000Z,36,165,SuspiciousActivity,,FalsePositive,,,User,Impacted,98799,138268,360606,160396,351609,549756,323040,379223,153085,529644,,1631,635,860,2251,3421,881,,289573,117668,3586,,,5,66,,Suspicious,Suspicious,242,1445,10630
1056561956414,436,1734,1078,2024-06-09T17:23:18.000Z,27,18,Discovery,T1087;T1087.002,BenignPositive,,,Machine,Related,98799,138268,360606,160396,441377,673934,425863,453297,104322,529644,,1631,635,860,2251,3421,881,,289573,117668,3586,,Destination,5,66,,,,242,1445,10630
1709396985166,65,367568,1146247,2024-06-15T17:19:32.000Z,76,56,SuspiciousActivity,,FalsePositive,,,File,Related,98799,8,360606,160396,441377,673934,425863,453297,153085,529644,,1631,635,860,2251,3421,881,,9,0,3586,,,5,66,,,,242,1445,10630
609885356628,42,2,76607,2024-06-05T11:45:33.000Z,43,28,Malware,T1027;T1027.002;T1027.005;T1105;T1204.002,BenignPositive,,,Process,Related,98799,669,360606,160396,441377,673934,425863,453297,153085,529644,,1631,635,860,2251,3421,881,,736,11,3586,,,5,66,,Suspicious,Suspicious,242,1445,10630
51539609388,0,100,75292,2024-06-11T22:42:55.000Z,0,0,InitialAccess,T1078;T1078.004,TruePositive,,,CloudLogonRequest,Related,98799,138268,360606,160396,441377,673934,425863,453297,153085,529644,,1631,635,860,2251,3421,881,,289573,117668,3586,,,5,66,,,,242,1445,10630
1228360646961,11,432113,1060546,2024-06-13T15:27:29.000Z,4,3,InitialAccess,,FalsePositive,,,User,Impacted,98799,138268,360606,160396,110147,202136,113461,122628,153085,529644,,1631,635,860,2251,3421,881,,289573,117668,3586,,,5,66,,,,242,1445,10630
1271310321551,134,81457,116117,2024-06-04T20:44:22.000Z,6,5,InitialAccess,T1566,BenignPositive,,,Ip,Related,98799,138268,65375,160396,441377,673934,425863,453297,153085,529644,,1631,635,860,2251,3421,881,,289573,117668,3586,,,5,66,,,NoThreatsFound,242,1445,10630
326417516174,21,189215,259201,2024-06-04T15:09:45.000Z,3,4,SuspiciousActivity,,BenignPositive,,,User,Impacted,98799,138268,360606,160396,70519,119181,66992,81734,153085,529644,,1631,635,860,2251,3421,881,,289573,117668,3586,,,5,66,,Suspicious,Suspicious,242,1445,10630
962072675970,1,320,126169,2024-06-03T07:11:05.000Z,7,6,InitialAccess,,TruePositive,,,User,Impacted,98799,138268,360606,160396,1038,1429,1033,1103,153085,529644,,1631,635,860,2251,3421,881,,289573,117668,3586,,,5,66,,,,242,1445,10630
962072674996,397,116430,239824,2024-06-12T20:12:13.000Z,10,8,InitialAccess,T1566.001,BenignPositive,,,Mailbox,Impacted,98799,138268,360606,160396,166441,132661,121610,156125,153085,529644,,1631,635,860,2251,3421,881,,289573,117668,3586,,,5,66,,,Malicious,242,1445,10630
94489284367,1600,159757,828751,2024-06-13T16:37:43.000Z,443,472,SuspiciousActivity,,FalsePositive,,,CloudLogonRequest,Related,98799,138268,360606,160396,441377,673934,425863,453297,153085,529644,,1631,635,860,2251,3421,881,,289573,117668,3586,,,5,66,,,,242,1445,10630
944892808565,35,276,391462,2024-06-07T22:41:59.000Z,4,3,InitialAccess,,TruePositive,,,User,Impacted,98799,138268,360606,160396,1809,2425,1808,1911,153085,529644,,1631,635,860,2251,3421,881,,289573,117668,3586,,,5,66,,,,242,1445,10630
1331439863718,1103,200078,1588006,2024-06-04T01:21:48.000Z,31,768,Malware,,BenignPositive,,,File,Related,98799,9950,360606,160396,441377,673934,425863,453297,153085,529644,,1631,635,860,2251,3421,881,Donoff,11106,15824,3586,,,5,66,,Suspicious,Malicious,242,1445,10630
884763263551,43,152157,82642,2024-06-06T13:11:22.000Z,172,111,CredentialAccess,T1110,BenignPositive,,,User,Impacted,98799,138268,360606,160396,3002,3990,3007,3150,153085,529644,,1631,635,860,2251,3421,881,,289573,117668,3586,,,5,66,,,,242,1445,10630
249108104923,0,265,326805,2024-06-03T10:46:33.000Z,0,0,InitialAccess,T1078;T1078.004,TruePositive,,,User,Impacted,98799,138268,360606,160396,260,353,253,288,153085,529644,,1631,635,860,2251,3421,881,,289573,117668,3586,,,5,66,,,,242,1445,10630
377957126174,10,2091,145,2024-05-21T08:47:16.000Z,12,51,Impact,,TruePositive,,,Ip,Related,98799,138268,831,160396,441377,673934,425863,453297,153085,529644,,1631,635,860,2251,3421,881,,289573,117668,3586,,,5,66,,,,242,1445,10630
1219770713815,0,117,1202029,2024-06-08T21:45:57.000Z,0,0,InitialAccess,T1078;T1078.004,TruePositive,,,CloudLogonRequest,Related,98799,138268,360606,160396,441377,673934,425863,453297,153085,529644,,1631,635,860,2251,3421,881,,289573,117668,3586,,,5,66,,,,242,1445,10630
515396079873,386,956,27,2024-06-05T17:58:01.000Z,1,1,InitialAccess,T1566.002,FalsePositive,,,Mailbox,Impacted,98799,138268,360606,160396,94987,103594,107058,101595,153085,529644,,1631,635,860,2251,3421,881,,289573,117668,3586,,,5,66,,,,242,1445,10630
1529008362509,46,162632,1538342,2024-06-04T13:38:21.000Z,2046,5165,SuspiciousActivity,T1595;T1590,BenignPositive,,,Process,Related,98799,138268,360606,160396,441377,673934,425863,453297,153085,529644,,1631,635,860,2251,3421,881,,289573,117668,3586,,,5,66,,,,242,1445,10630
489626273554,0,131,397525,2024-06-08T14:32:39.000Z,0,0,InitialAccess,T1078;T1078.004,TruePositive,,,CloudLogonSession,Related,98799,138268,360606,160396,441377,673934,425863,453297,153085,529644,,1631,635,860,2251,3421,881,,289573,117668,3586,,,5,66,,,,242,1445,10630
1657857378048,0,115,904591,2024-06-07T17:42:25.000Z,0,0,InitialAccess,T1078;T1078.004,TruePositive,,,Ip,Related,98799,138268,32,160396,441377,673934,425863,453297,153085,529644,,1631,635,860,2251,3421,881,,289573,117668,3586,,,5,66,,,,4,42,43
1597727838178,10,2712,464,2024-05-26T14:35:58.000Z,12,782,Impact,,TruePositive,,,Ip,Related,98799,138268,63192,160396,441377,673934,425863,453297,153085,529644,,1631,635,860,2251,3421,881,,289573,117668,3586,,,5,66,,,,242,1445,10630
575525621511,3,30733,14614,2024-06-12T18:02:36.000Z,1,1,InitialAccess,T1566.002,BenignPositive,,,Mailbox,Impacted,98799,138268,360606,160396,75747,61980,77302,71258,153085,529644,,1631,635,860,2251,3421,881,,289573,117668,3586,,,5,66,,,,242,1445,10630
764504182780,20,3081,676,2024-06-04T18:14:29.000Z,49,35,CommandAndControl,T1046;T1030;T1071;T1071.001,BenignPositive,,,Ip,Related,98799,138268,67806,160396,441377,673934,425863,453297,153085,529644,,1631,635,860,2251,3421,881,,289573,117668,3586,,,5,66,,,,242,1445,10630
1529008361886,182,24684,28158,2024-06-03T14:58:33.000Z,111,90,Exfiltration,,BenignPositive,,,File,Impacted,98799,138268,360606,160396,441377,673934,425863,453297,153085,529644,,1631,635,860,2251,3421,881,,31667,1715,3586,,,5,66,,,,242,1445,10630
171798695887,14,219,1847,2024-05-26T16:17:17.000Z,41,781,Impact,,TruePositive,,,Ip,Related,98799,138268,1494,160396,441377,673934,425863,453297,153085,529644,,1631,635,860,2251,3421,881,,289573,117668,3586,,,5,66,,,,242,1445,10630
1443109015236,12,195866,465719,2024-06-06T11:29:03.000Z,74,55,CommandAndControl,T1071;T1048,BenignPositive,,,Url,Related,98799,138268,360606,6,441377,673934,425863,453297,153085,529644,,1631,635,860,2251,3421,881,,289573,117668,3586,,,5,66,,,,242,1445,10630
360777255054,13,13904,9464,2024-06-05T15:19:11.000Z,34,905,Exfiltration,,BenignPositive,,,File,Impacted,98799,473,360606,160396,441377,673934,425863,453297,153085,529644,,1631,635,860,2251,3421,881,,525,5,3586,,,5,66,,,,242,1445,10630
472446404605,31,7997,33361,2024-06-06T21:04:47.000Z,226,9981,Exfiltration,,BenignPositive,,,User,Impacted,98799,138268,360606,160396,34878,10421,34619,38872,153085,529644,,1631,635,860,2251,3421,881,,289573,117668,3586,,,5,66,,,,242,1445,10630
472446403857,546,836,46522,2024-06-07T14:03:52.000Z,405,429,CredentialAccess,T1003.001;T1021.002;T1550.002;T1570,FalsePositive,,,Process,Related,98799,70,360606,160396,441377,673934,425863,453297,153085,529644,,1631,635,860,2251,3421,881,,19,3,3586,,,5,66,,Suspicious,Suspicious,242,1445,10630
188978565506,53,1788,1566,2024-06-08T11:26:03.000Z,177,141,InitialAccess,T1190,FalsePositive,,,Ip,Related,98799,138268,76860,160396,441377,673934,425863,453297,153085,529644,,1631,635,860,2251,3421,881,,289573,117668,3586,,,5,66,,,,242,1445,10630
515396078640,74,57701,262023,2024-06-07T06:48:18.000Z,36,191,Malware,,BenignPositive,,,Url,Related,98799,138268,360606,6386,441377,673934,425863,453297,153085,529644,,1631,635,860,2251,3421,881,,289573,117668,3586,,,5,66,,Suspicious,Suspicious,242,1445,10630
996432414381,26,5989,19739,2024-06-08T12:37:55.000Z,43,28,Malware,T1027;T1204.002,BenignPositive,,,User,Impacted,98799,138268,360606,160396,2,13,2,2,153085,529644,,1631,635,860,2251,3421,881,,289573,117668,3586,,,5,66,,Suspicious,Suspicious,242,1445,10630
712964576226,46,263473,672335,2024-06-13T04:43:48.000Z,297,291,Impact,,BenignPositive,,,Malware,Related,98799,138268,360606,160396,441377,673934,425863,453297,153085,529644,,1631,635,860,2251,3421,881,,289573,117668,3586,,,5,66,,,,242,1445,10630
627065226551,1006,549608,145170,2024-06-14T07:07:24.000Z,742,10389,Exfiltration,,,ContainAccount,change user password.,User,Impacted,98799,138268,360606,160396,27101,43336,27193,29269,153085,529644,,1631,635,860,2251,3421,881,,289573,117668,3586,,,5,66,,,,242,1445,10630
1185410975682,39,1221,7454,2024-06-14T21:42:14.000Z,6,5,InitialAccess,T1566,BenignPositive,,,Mailbox,Impacted,98799,138268,360606,160396,16002,13535,15945,17332,153085,529644,,1631,635,860,2251,3421,881,,289573,117668,3586,,,5,66,,,NoThreatsFound,242,1445,10630
386547059328,435,83863,362410,2024-06-05T11:36:59.000Z,10,8,InitialAccess,T1566.001,BenignPositive,,,File,Related,98799,132672,360606,160396,441377,673934,425863,453297,153085,529644,,1631,635,860,2251,3421,881,,179055,117668,3586,,,5,66,,,,242,1445,10630
343597385541,0,140,321746,2024-06-10T03:13:49.000Z,7,6,InitialAccess,,TruePositive,,,CloudLogonRequest,Related,98799,138268,360606,160396,441377,673934,425863,453297,153085,529644,,1631,635,860,2251,3421,881,,289573,117668,3586,,,5,66,,,,242,1445,10630
1159641174879,4,284,362,2024-05-31T11:58:49.000Z,8,7,InitialAccess,T1133,FalsePositive,,,Machine,Impacted,98799,138268,360606,160396,441377,673934,425863,453297,250,529644,,1631,635,860,2251,3421,881,,289573,117668,3586,,,5,66,,,,242,1445,10630
429496729972,64,4746,3480,2024-06-11T11:11:03.000Z,366,155,Discovery,T1087,BenignPositive,,,User,Impacted,98799,138268,360606,160396,441377,673934,425863,388899,153085,529644,,1631,635,860,2251,3421,881,,289573,117668,3586,,,5,66,,,,242,1445,10630
68719479874,320,65593,276164,2024-06-04T21:56:11.000Z,2,2,CommandAndControl,,BenignPositive,,,Process,Related,98799,24,360606,160396,441377,673934,425863,453297,153085,529644,,1631,635,860,2251,3421,881,,17,23,3586,,,5,66,,Suspicious,Suspicious,242,1445,10630
274877907285,142,10056,434556,2024-06-07T13:06:47.000Z,112,16564,Exfiltration,,FalsePositive,,,User,Impacted,98799,138268,360606,160396,21812,35413,22177,23747,153085,529644,,1631,635,860,2251,3421,881,,289573,117668,3586,,,5,66,,,,242,1445,10630
1082331760221,41,24194,15378,2024-06-12T11:55:54.000Z,32,3432,Exfiltration,,TruePositive,,,MailMessage,Impacted,98799,138268,360606,160396,441377,224536,425863,453297,153085,1294,,1631,635,860,2251,3421,881,,289573,117668,3586,,,5,66,,,,242,1445,10630
730144442908,28,146047,45682,2024-06-07T16:54:52.000Z,1,1,InitialAccess,T1566.002,TruePositive,,,MailMessage,Related,98799,138268,360606,160396,441377,54505,425863,453297,153085,62584,,1631,635,860,2251,3421,881,,289573,117668,3586,,,5,66,Intraorg,,Malicious,242,1445,10630
953482742618,73,25358,16063,2024-06-03T09:54:36.000Z,80,2598,Exfiltration,,FalsePositive,,,MailMessage,Impacted,98799,138268,360606,160396,441377,196042,425863,453297,153085,2142,,1631,635,860,2251,3421,881,,289573,117668,3586,,,5,66,,,,242,1445,10630
1254130452179,26,57838,1094228,2024-06-14T21:57:49.000Z,44,71,SuspiciousActivity,,BenignPositive,,,File,Related,98799,19,360606,160396,441377,673934,425863,453297,153085,529644,,1631,635,860,2251,3421,881,,16,14,3586,,,5,66,,Suspicious,Suspicious,242,1445,10630
1065151893538,153,67907,283111,2024-06-11T16:12:51.000Z,2,2,CommandAndControl,,TruePositive,,,Machine,Impacted,45659,138268,360606,160396,441377,673934,425863,453297,86371,529644,,1631,635,860,2251,3421,881,,289573,117668,3586,,,0,0,,Suspicious,Suspicious,242,1445,10630
609885356628,42,2,1102283,2024-06-05T13:50:59.000Z,31,309,Malware,,BenignPositive,,,File,Related,98799,33977,360606,160396,441377,673934,425863,453297,153085,529644,,1631,635,860,2251,3421,881,Malgent,6,86433,3586,,,5,66,,Suspicious,Malicious,242,1445,10630
1563368097501,0,195,1256488,2024-06-07T12:16:58.000Z,0,0,InitialAccess,T1078;T1078.004,TruePositive,,,User,Impacted,98799,138268,360606,160396,4305,5997,4315,4641,153085,529644,,1631,635,860,2251,3421,881,,289573,117668,3586,,,5,66,,,,242,1445,10630
1511828489994,0,166,167181,2024-06-07T07:15:46.000Z,4,3,InitialAccess,,TruePositive,,,Ip,Related,98799,138268,65771,160396,441377,673934,425863,453297,153085,529644,,1631,635,860,2251,3421,881,,289573,117668,3586,,,5,66,,,,5,1445,10630
163208761028,72,242,404589,2024-06-04T12:15:55.000Z,0,0,InitialAccess,T1078;T1078.004,TruePositive,,,Ip,Related,98799,138268,74,160396,441377,673934,425863,453297,153085,529644,,1631,635,860,2251,3421,881,,289573,117668,3586,,,5,66,,,,10,7,4
575525619493,0,98,1250763,2024-06-10T13:35:47.000Z,0,0,InitialAccess,T1078;T1078.004,TruePositive,,,User,Impacted,98799,138268,360606,160396,1500,2036,1492,1579,153085,529644,,1631,635,860,2251,3421,881,,289573,117668,3586,,,5,66,,,,242,1445,10630
1176821043151,353,513,1194909,2024-06-09T04:39:44.000Z,0,0,InitialAccess,T1078;T1078.004,TruePositive,,,Ip,Related,98799,138268,56,160396,441377,673934,425863,453297,153085,529644,,1631,635,860,2251,3421,881,,289573,117668,3586,,,5,66,,,,1,0,0
1047972021950,70,54025,31234,2024-06-11T11:34:50.000Z,1,1,InitialAccess,T1566.002,BenignPositive,,,Mailbox,Impacted,98799,138268,360606,160396,53143,50203,54009,57679,153085,529644,,1631,635,860,2251,3421,881,,289573,117668,3586,,,5,66,,,NoThreatsFound,242,1445,10630
1425929146599,30,30808,24378,2024-06-05T13:36:06.000Z,37,10990,Exfiltration,,FalsePositive,,,MailMessage,Impacted,98799,138268,360606,160396,441377,14375,425863,453297,153085,16217,,1631,635,860,2251,3421,881,,289573,117668,3586,,,5,66,,,,242,1445,10630
292057777342,215,122675,460418,2024-06-07T01:58:11.000Z,13,11,InitialAccess,T1566,BenignPositive,,,MailMessage,Related,98799,138268,360606,160396,441377,208589,425863,453297,153085,126257,,1631,635,860,2251,3421,881,,289573,117668,3586,,,5,66,Inbound,,Malicious,242,1445,10630
1666447311459,93,9,0,2024-06-12T01:27:49.000Z,27,18,Discovery,T1087;T1087.002,FalsePositive,,,User,Impacted,98799,138268,360606,160396,280836,673934,425863,231248,153085,529644,,1631,635,860,2251,3421,881,,289573,117668,3586,,Suspicious,5,66,,,,242,1445,10630
1099511627846,67,67197,94521,2024-06-14T17:05:11.000Z,1,1,InitialAccess,T1566.002,BenignPositive,,,Mailbox,Impacted,98799,138268,360606,160396,441377,63306,299168,453297,153085,529644,,1631,635,860,2251,3421,881,,289573,117668,3586,,,5,66,,,NoThreatsFound,242,1445,10630
627065226884,70,43781,16156,2024-06-09T18:10:49.000Z,1,1,InitialAccess,T1566.002,BenignPositive,,,Mailbox,Impacted,98799,138268,360606,160396,5649,3539,5673,6090,153085,529644,,1631,635,860,2251,3421,881,,289573,117668,3586,,,5,66,,,NoThreatsFound,242,1445,10630
850403524934,379,700,2656,2024-06-05T16:11:21.000Z,28,19,InitialAccess,T1566,FalsePositive,,,Ip,Related,98799,138268,10275,160396,441377,673934,425863,453297,153085,529644,,1631,635,860,2251,3421,881,,289573,117668,3586,,,5,66,,,NoThreatsFound,242,1445,10630
1073741825632,41,16373,11028,2024-06-14T14:15:34.000Z,32,5816,Exfiltration,,TruePositive,,,MailMessage,Impacted,98799,138268,360606,160396,441377,242043,425863,453297,153085,13661,,1631,635,860,2251,3421,881,,289573,117668,3586,,,5,66,,,,242,1445,10630
893353197602,6,18211,446900,2024-06-06T19:42:17.000Z,13,11,InitialAccess,T1566,BenignPositive,,,MailMessage,Related,98799,138268,360606,160396,441377,58290,425863,453297,153085,154923,,1631,635,860,2251,3421,881,,289573,117668,3586,,,5,66,Inbound,,Malicious,242,1445,10630
1254130453842,85,1062,30250,2024-06-10T17:23:15.000Z,69,10902,Exfiltration,,BenignPositive,,,Ip,Related,98799,138268,115,160396,441377,673934,425863,453297,153085,529644,,1631,635,860,2251,3421,881,,289573,117668,3586,,,5,66,,,,242,1445,10630
412316863222,29,4294,2643,2024-06-10T01:05:20.000Z,249,233,SuspiciousActivity,,BenignPositive,,,Machine,Impacted,98799,138268,360606,160396,441377,673934,425863,453297,46206,529644,,1631,635,860,2251,3421,881,,289573,117668,3586,,,5,66,,,,242,1445,10630
1486058685434,47,4111,5372,2024-06-14T11:34:05.000Z,57,29,CommandAndControl,T1046;T1071;T1210,FalsePositive,,,Url,Related,98799,138268,360606,478,441377,673934,425863,453297,153085,529644,,1631,635,860,2251,3421,881,,289573,117668,3586,,,5,66,,,,242,1445,10630
901943134422,52,972,89,2024-05-22T21:46:10.000Z,99,669,CommandAndControl,T1568;T1008,BenignPositive,,,Ip,Related,98799,138268,136713,160396,441377,673934,425863,453297,153085,529644,,1631,635,860,2251,3421,881,,289573,117668,3586,,,5,66,,,,242,1445,10630
721554506202,151,22479,14657,2024-06-12T15:44:22.000Z,113,91,InitialAccess,,BenignPositive,,,Ip,Related,98799,138268,101684,160396,441377,673934,425863,453297,153085,529644,,1631,635,860,2251,3421,881,,289573,117668,3586,,,5,66,,,,242,1445,10630
549755818661,103,324,40843,2024-06-04T13:34:29.000Z,11,9,InitialAccess,T1566,BenignPositive,,,Mailbox,Impacted,98799,138268,360606,160396,168752,172598,147710,165450,153085,529644,,1631,635,860,2251,3421,881,,289573,117668,3586,,,5,66,,,,242,1445,10630
858993461891,424,2288,1581988,2024-06-03T16:47:44.000Z,107,2504,DefenseEvasion,,FalsePositive,,,File,Related,98799,413,360606,160396,441377,673934,425863,453297,153085,529644,,1631,635,860,2251,3421,881,FlashHelper,438,327,3586,,,5,66,,Suspicious,Suspicious,242,1445,10630
1640677509377,52,2338,89,2024-05-22T21:46:10.000Z,99,669,CommandAndControl,T1568;T1008,BenignPositive,,,Ip,Related,98799,138268,106356,160396,441377,673934,425863,453297,153085,529644,,1631,635,860,2251,3421,881,,289573,117668,3586,,,5,66,,,,242,1445,10630
395136993613,48,10882,554431,2024-06-04T06:22:56.000Z,9,45,Execution,,BenignPositive,,,User,Impacted,98799,138268,360606,160396,231,319,222,257,153085,529644,,1631,635,860,2251,3421,881,,289573,117668,3586,,,5,66,,,,242,1445,10630
704374637571,125,13157,23714,2024-06-12T10:58:33.000Z,322,10689,Exfiltration,,BenignPositive,,,File,Impacted,98799,138268,360606,160396,441377,673934,425863,453297,153085,529644,,1631,635,860,2251,3421,881,,64301,2542,3586,,,5,66,,,,242,1445,10630
1022202219342,34,282120,626732,2024-06-14T08:46:54.000Z,3,4,SuspiciousActivity,,BenignPositive,,,Ip,Related,98799,138268,3583,160396,441377,673934,425863,453297,153085,529644,,1631,635,860,2251,3421,881,,289573,117668,3586,,,5,66,,Suspicious,Suspicious,242,1445,10630
1056561955132,11,431465,837387,2024-06-13T09:38:05.000Z,4,3,InitialAccess,,FalsePositive,,,CloudLogonRequest,Related,98799,138268,360606,160396,441377,673934,425863,453297,153085,529644,,1631,635,860,2251,3421,881,,289573,117668,3586,,,5,66,,,,242,1445,10630
1288490192878,10,240,171,2024-05-23T07:47:01.000Z,12,409,Impact,,TruePositive,,,Ip,Related,98799,138268,139,160396,441377,673934,425863,453297,153085,529644,,1631,635,860,2251,3421,881,,289573,117668,3586,,,5,66,,,,242,1445,10630
420906799568,53,5112,1946,2024-06-02T09:36:23.000Z,266,76,Persistence,T1078;T1098,FalsePositive,,,User,Impacted,98799,138268,360606,160396,75457,115701,72173,76818,153085,529644,,1631,635,860,2251,3421,881,,289573,117668,3586,,,5,66,,,,242,1445,10630
1357209668309,8,28189,201115,2024-06-12T04:21:17.000Z,3,4,SuspiciousActivity,,TruePositive,,,Machine,Impacted,111,138268,360606,160396,441377,673934,425863,453297,703,529644,,1631,635,860,2251,3421,881,,289573,117668,3586,,,5,66,,Suspicious,Suspicious,242,1445,10630
644245095781,187,670,741,2024-06-04T17:07:14.000Z,1,1,InitialAccess,T1566.002,FalsePositive,,,Mailbox,Impacted,98799,138268,360606,160396,127892,141287,155625,125685,153085,529644,,1631,635,860,2251,3421,881,,289573,117668,3586,,,5,66,,,,242,1445,10630
206158432367,335,1011,114442,2024-06-12T14:31:50.000Z,260,250,InitialAccess,T1566,TruePositive,,,MailMessage,Related,98799,138268,360606,160396,441377,51163,425863,453297,153085,32516,,1631,635,860,2251,3421,881,,289573,117668,3586,,,5,66,,,,242,1445,10630
1425929146582,4428,6248,1010613,2024-06-04T23:47:10.000Z,0,0,InitialAccess,T1078;T1078.004,FalsePositive,,,CloudLogonSession,Related,98799,138268,360606,160396,441377,673934,425863,453297,153085,529644,,1631,635,860,2251,3421,881,,289573,117668,3586,,,5,66,,,,242,1445,10630
798863918481,187,648,11,2024-06-04T15:41:03.000Z,1,1,InitialAccess,T1566.002,FalsePositive,,,User,Impacted,98799,138268,360606,160396,90057,98289,89650,93297,153085,529644,,1631,635,860,2251,3421,881,,289573,117668,3586,,,5,66,,,,242,1445,10630
1047972020531,11,430831,880102,2024-06-13T14:05:50.000Z,0,0,InitialAccess,T1078;T1078.004,FalsePositive,,,Ip,Related,98799,138268,54733,160396,441377,673934,425863,453297,153085,529644,,1631,635,860,2251,3421,881,,289573,117668,3586,,,5,66,,,,2,2,14
1151051237171,0,727,102063,2024-06-07T12:28:11.000Z,0,0,InitialAccess,T1078;T1078.004,TruePositive,,,Ip,Related,98799,138268,5,160396,441377,673934,425863,453297,153085,529644,,1631,635,860,2251,3421,881,,289573,117668,3586,,,5,66,,,,0,16,17
1683627180787,82,10811,9204,2024-06-06T08:04:16.000Z,35,23,InitialAccess,T1566,TruePositive,,,User,Impacted,98799,138268,360606,160396,1540,856,1530,1619,153085,529644,,1631,635,860,2251,3421,881,,289573,117668,3586,,,5,66,,,,242,1445,10630
1563368097504,0,82,546343,2024-06-05T12:52:10.000Z,7,6,InitialAccess,,TruePositive,,,CloudLogonRequest,Related,98799,138268,360606,160396,441377,673934,425863,453297,153085,529644,,1631,635,860,2251,3421,881,,289573,117668,3586,,,5,66,,,,242,1445,10630
1529008360823,2,12164,3834,2024-06-06T18:15:27.000Z,18,14,Exfiltration,,BenignPositive,,,File,Impacted,98799,138268,360606,160396,441377,673934,425863,453297,153085,529644,,1631,635,860,2251,3421,881,,19719,2691,3586,,,5,66,,,,242,1445,10630
764504183163,78,91496,120013,2024-06-14T14:06:50.000Z,1,1,InitialAccess,T1566.002,BenignPositive,,,Mailbox,Impacted,98799,138268,360606,160396,441377,115521,425863,453297,153085,529644,,1631,635,860,2251,3421,881,,289573,117668,3586,,,5,66,,,,242,1445,10630
85899350900,126,928,29923,2024-06-09T02:54:38.000Z,0,0,InitialAccess,T1078;T1078.004,TruePositive,,,CloudLogonSession,Related,98799,138268,360606,160396,441377,673934,425863,453297,153085,529644,,1631,635,860,2251,3421,881,,289573,117668,3586,,,5,66,,,,242,1445,10630
962072678763,191,128337,235160,2024-06-07T00:45:51.000Z,10,8,InitialAccess,T1566.001,BenignPositive,,,Mailbox,Impacted,98799,138268,360606,160396,171315,155748,157748,129751,153085,529644,,1631,635,860,2251,3421,881,,289573,117668,3586,,,5,66,,,NoThreatsFound,242,1445,10630
566935684727,1,54,383723,2024-06-04T16:34:46.000Z,0,0,InitialAccess,T1078;T1078.004,TruePositive,,,Ip,Related,98799,138268,229,160396,441377,673934,425863,453297,153085,529644,,1631,635,860,2251,3421,881,,289573,117668,3586,,,5,66,,,,0,1,1
309237649430,10,208,258,2024-05-21T06:08:36.000Z,12,420,Impact,,TruePositive,,,Ip,Related,98799,138268,946,160396,441377,673934,425863,453297,153085,529644,,1631,635,860,2251,3421,881,,289573,117668,3586,,,5,66,,,,242,1445,10630
1279900258097,1291,139835,459638,2024-06-14T23:30:14.000Z,13,11,InitialAccess,T1566,BenignPositive,,,MailMessage,Related,98799,138268,360606,160396,441377,207231,425863,453297,153085,119521,,1631,635,860,2251,3421,881,,289573,117668,3586,,,5,66,,,,242,1445,10630
755914246136,31,60762,134071,2024-06-05T17:04:04.000Z,89,30910,Exfiltration,,BenignPositive,,,User,Impacted,98799,138268,360606,160396,48655,6449,50426,52612,153085,529644,,1631,635,860,2251,3421,881,,289573,117668,3586,,,5,66,,,,242,1445,10630
1511828490223,227,29759,31079,2024-06-09T15:36:42.000Z,1,1,InitialAccess,T1566.002,TruePositive,,,MailCluster,Related,98799,138268,360606,160396,441377,673934,425863,453297,153085,529644,2897507016.0,1631,635,860,2251,3421,881,,289573,117668,3586,,,5,66,,,Suspicious,242,1445,10630
721554510137,53,340,3117,2024-06-04T08:36:18.000Z,116,94,InitialAccess,T1190;T1133,FalsePositive,,,Url,Related,98799,138268,360606,45589,441377,673934,425863,453297,153085,529644,,1631,635,860,2251,3421,881,,289573,117668,3586,,,5,66,,,,242,1445,10630
1374389536545,0,267,53339,2024-06-08T10:17:24.000Z,4,3,InitialAccess,,TruePositive,,,User,Impacted,98799,138268,360606,160396,469,623,461,504,153085,529644,,1631,635,860,2251,3421,881,,289573,117668,3586,,,5,66,,,,242,1445,10630
850403525745,16,78148,353701,2024-06-09T19:51:06.000Z,24,37,Exfiltration,,BenignPositive,,,MailMessage,Impacted,98799,138268,360606,160396,441377,192809,425863,453297,153085,325871,,1631,635,860,2251,3421,881,,289573,117668,3586,,,5,66,,,,242,1445,10630
1219770713815,0,117,520267,2024-06-09T02:49:59.000Z,0,0,InitialAccess,T1078;T1078.004,TruePositive,,,User,Impacted,98799,138268,360606,160396,5742,8292,5791,6234,153085,529644,,1631,635,860,2251,3421,881,,289573,117668,3586,,,5,66,,,,242,1445,10630
60129543978,45,27011,156475,2024-06-09T01:55:16.000Z,1,1,InitialAccess,T1566.002,BenignPositive,,,MailMessage,Related,98799,138268,360606,160396,441377,80498,425863,453297,153085,156976,,1631,635,860,2251,3421,881,,289573,117668,3586,,,5,66,,,,242,1445,10630
901943135668,2,10170,7720,2024-06-11T08:12:22.000Z,18,14,Exfiltration,,BenignPositive,,,File,Impacted,98799,138268,360606,160396,441377,673934,425863,453297,153085,529644,,1631,635,860,2251,3421,881,,70068,60823,3586,,,5,66,,,,242,1445,10630
463856469751,0,183,1000932,2024-06-04T13:12:14.000Z,0,0,InitialAccess,T1078;T1078.004,TruePositive,,,Ip,Related,98799,138268,418,160396,441377,673934,425863,453297,153085,529644,,1631,635,860,2251,3421,881,,289573,117668,3586,,,5,66,,,,1,0,0
919123005748,191,35416,159053,2024-06-10T01:26:13.000Z,1,1,InitialAccess,T1566.002,BenignPositive,,,MailMessage,Related,98799,138268,360606,160396,441377,48796,425863,453297,153085,112843,,1631,635,860,2251,3421,881,,289573,117668,3586,,,5,66,Intraorg,,NoThreatsFound,242,1445,10630
1099511632519,152,107424,809761,2024-06-13T14:32:32.000Z,0,0,InitialAccess,T1078;T1078.004,FalsePositive,,,CloudLogonSession,Related,98799,138268,360606,160396,441377,673934,425863,453297,153085,529644,,1631,635,860,2251,3421,881,,289573,117668,3586,,,5,66,,,,242,1445,10630
858993463444,555,43273,257373,2024-06-03T15:42:29.000Z,312,310,DefenseEvasion,T1055;T1055.001;T1055.002;T1055.003;T1055.004;T1055.005;T1055.012,FalsePositive,,,File,Related,98799,83,360606,160396,441377,673934,425863,453297,153085,529644,,1631,635,860,2251,3421,881,,90,69,3586,,,5,66,,Suspicious,Suspicious,242,1445,10630
1537598296915,133,60360,258370,2024-06-03T20:10:25.000Z,3,4,SuspiciousActivity,,BenignPositive,,,Url,Related,98799,138268,360606,88,441377,673934,425863,453297,153085,529644,,1631,635,860,2251,3421,881,,289573,117668,3586,,,5,66,,Suspicious,Suspicious,242,1445,10630
1666447314164,59,126769,604068,2024-06-03T16:13:04.000Z,3,4,SuspiciousActivity,,BenignPositive,,,Url,Related,98799,138268,360606,199,441377,673934,425863,453297,153085,529644,,1631,635,860,2251,3421,881,,289573,117668,3586,,,5,66,,,,242,1445,10630
206158430535,11,432426,811757,2024-06-13T14:31:10.000Z,4,3,InitialAccess,,FalsePositive,,,Ip,Related,98799,138268,165050,160396,441377,673934,425863,453297,153085,529644,,1631,635,860,2251,3421,881,,289573,117668,3586,,,5,66,,,,13,24,25
489626271745,25,123,437729,2024-06-06T13:35:16.000Z,30,27202,Exfiltration,,BenignPositive,,,MailMessage,Impacted,98799,138268,360606,160396,441377,245000,425863,453297,153085,46648,,1631,635,860,2251,3421,881,,289573,117668,3586,,,5,66,,,,242,1445,10630
180388630551,24,7286,2304,2024-06-11T14:59:01.000Z,1,1,InitialAccess,T1566.002,TruePositive,,,MailMessage,Related,98799,138268,360606,160396,441377,170268,425863,453297,153085,240453,,1631,635,860,2251,3421,881,,289573,117668,3586,,,5,66,,,,242,1445,10630
1142461302554,0,97,503736,2024-06-10T07:58:45.000Z,0,0,InitialAccess,T1078;T1078.004,TruePositive,,,Ip,Related,98799,138268,2928,160396,441377,673934,425863,453297,153085,529644,,1631,635,860,2251,3421,881,,289573,117668,3586,,,5,66,,,,1,0,0
609885356651,17,45655,91675,2024-06-07T01:32:46.000Z,20,7411,Exfiltration,,FalsePositive,,,User,Impacted,98799,138268,360606,160396,230,318,221,256,153085,529644,,1631,635,860,2251,3421,881,,289573,117668,3586,,,5,66,,,,242,1445,10630
893353201144,1129,59964,367110,2024-06-07T05:43:22.000Z,28,19,InitialAccess,T1566,TruePositive,,,Ip,Related,98799,138268,130395,160396,441377,673934,425863,453297,153085,529644,,1631,635,860,2251,3421,881,,289573,117668,3586,,,5,66,,,NoThreatsFound,242,1445,10630
730144444844,458,24754,20119,2024-06-03T07:43:04.000Z,1,1,InitialAccess,T1566.002,TruePositive,,,MailMessage,Related,98799,138268,360606,160396,441377,65545,425863,453297,153085,59033,,1631,635,860,2251,3421,881,,289573,117668,3586,,,5,66,Inbound,,NoThreatsFound,242,1445,10630
1537598292736,290,6850,3100,2024-06-05T22:35:22.000Z,150,124,CredentialAccess,,FalsePositive,,,User,Impacted,98799,138268,360606,160396,17809,30168,17665,19628,153085,529644,,1631,635,860,2251,3421,881,,289573,117668,3586,,,5,66,,,,242,1445,10630
1047972022159,87,687,745046,2024-06-09T12:34:19.000Z,2,2,CommandAndControl,,FalsePositive,,,Machine,Impacted,23612,138268,360606,160396,441377,673934,425863,453297,30929,529644,,1631,635,860,2251,3421,881,,289573,117668,3586,,,0,0,,Suspicious,Suspicious,242,1445,10630
25769807975,141,21023,151709,2024-06-06T20:33:12.000Z,115,93,Execution,,BenignPositive,,,File,Related,98799,138268,360606,160396,441377,673934,425863,453297,153085,529644,,1631,635,860,2251,3421,881,,86,117668,3586,,,5,66,,,,242,1445,10630
1374389539153,71,3003,660,2024-06-03T18:09:58.000Z,98,38,InitialAccess,,FalsePositive,,,Ip,Related,98799,138268,83969,160396,441377,673934,425863,453297,153085,529644,,1631,635,860,2251,3421,881,,289573,117668,3586,,,5,66,,,,242,1445,10630
901943133951,0,204,103867,2024-06-03T15:25:54.000Z,4,3,InitialAccess,,TruePositive,,,User,Impacted,98799,138268,360606,160396,18246,30921,19272,20330,153085,529644,,1631,635,860,2251,3421,881,,289573,117668,3586,,,5,66,,,,242,1445,10630
1005022348936,7,627,826,2024-05-30T18:05:25.000Z,22,10,Impact,,FalsePositive,,,Ip,Related,98799,138268,1275,160396,441377,673934,425863,453297,153085,529644,,1631,635,860,2251,3421,881,,289573,117668,3586,,,5,66,,,,242,1445,10630
1262720387558,28,346,4077,2024-06-03T12:47:26.000Z,1,1,InitialAccess,T1566.002,FalsePositive,,,Mailbox,Impacted,98799,138268,360606,160396,20134,19136,20469,22272,153085,529644,,1631,635,860,2251,3421,881,,289573,117668,3586,,,5,66,,,,242,1445,10630
790273983154,171,171609,63966,2024-06-07T13:32:51.000Z,202,15472,Exfiltration,,BenignPositive,,,User,Impacted,98799,138268,360606,160396,194412,73031,181476,180127,153085,529644,,1631,635,860,2251,3421,881,,289573,117668,3586,,,5,66,,,,242,1445,10630
910533068436,1,217,322668,2024-06-07T05:32:21.000Z,0,0,InitialAccess,T1078;T1078.004,TruePositive,,,Ip,Related,98799,138268,14,160396,441377,673934,425863,453297,153085,529644,,1631,635,860,2251,3421,881,,289573,117668,3586,,,5,66,,,,14,32,30
429496734082,53,374,149,2024-06-04T19:00:43.000Z,61,44,InitialAccess,T1190;T1133,FalsePositive,,,Ip,Related,98799,138268,127209,160396,441377,673934,425863,453297,153085,529644,,1631,635,860,2251,3421,881,,289573,117668,3586,,,5,66,,,,242,1445,10630
42949678081,96,3918,2449,2024-06-16T02:10:07.000Z,27,18,Discovery,T1087;T1087.002,BenignPositive,,,Machine,Related,98799,138268,360606,160396,441377,673934,425863,453297,86938,529644,,1631,635,860,2251,3421,881,,289573,117668,3586,,Destination,5,66,,,,242,1445,10630
309237650023,66,540835,341391,2024-06-08T00:23:52.000Z,5,34,SuspiciousActivity,,TruePositive,,,Ip,Related,98799,138268,1062,160396,441377,673934,425863,453297,153085,529644,,1631,635,860,2251,3421,881,,289573,117668,3586,,Contextual,5,66,,,,242,1445,10630
730144441697,161,27634,663159,2024-06-03T15:54:50.000Z,11,9,InitialAccess,T1566,BenignPositive,,,User,Impacted,98799,138268,360606,160396,259080,271268,278041,244325,153085,529644,,1631,635,860,2251,3421,881,,289573,117668,3586,,,5,66,,,,242,1445,10630
240518172030,2,9212,3089,2024-06-04T18:00:05.000Z,15,13,Exfiltration,,BenignPositive,,,MailMessage,Impacted,98799,138268,360606,160396,441377,10,425863,453297,153085,9784,,1631,635,860,2251,3421,881,,289573,117668,3586,,,5,66,,,,242,1445,10630
386547061254,78,54605,16102,2024-06-13T01:49:24.000Z,1,1,InitialAccess,T1566.002,BenignPositive,,,MailMessage,Related,98799,138268,360606,160396,441377,2490,425863,453297,153085,182923,,1631,635,860,2251,3421,881,,289573,117668,3586,,,5,66,,,,242,1445,10630
1125281433244,7,3425,819,2024-05-30T12:18:21.000Z,21,67,Impact,,FalsePositive,,,Ip,Related,98799,138268,3756,160396,441377,673934,425863,453297,153085,529644,,1631,635,860,2251,3421,881,,289573,117668,3586,,,5,66,,,,242,1445,10630
1194000913116,81,86851,790141,2024-06-04T18:29:21.000Z,65,67407,Exfiltration,,BenignPositive,,,MailMessage,Impacted,98799,138268,360606,160396,441377,427246,425863,453297,153085,135377,,1631,635,860,2251,3421,881,,289573,117668,3586,,,5,66,,,,242,1445,10630
386547061678,428,25217,139634,2024-06-09T00:29:51.000Z,1,1,InitialAccess,T1566.002,BenignPositive,,,Url,Related,98799,138268,360606,682,441377,673934,425863,453297,153085,529644,,1631,635,860,2251,3421,881,,289573,117668,3586,,,5,66,,,NoThreatsFound,242,1445,10630
25769806671,75,37,507268,2024-06-07T06:00:23.000Z,0,0,InitialAccess,T1078;T1078.004,TruePositive,,,User,Impacted,98799,138268,360606,160396,5537,7860,5579,5945,153085,529644,,1631,635,860,2251,3421,881,,289573,117668,3586,,,5,66,,,,242,1445,10630
1228360650756,20,563,831,2024-05-29T18:03:36.000Z,49,35,CommandAndControl,T1046;T1030;T1071;T1071.001,BenignPositive,,,Ip,Related,98799,138268,132359,160396,441377,673934,425863,453297,153085,529644,,1631,635,860,2251,3421,881,,289573,117668,3586,,,5,66,,,,242,1445,10630
438086667891,3,63702,691833,2024-06-11T07:44:25.000Z,2,2,CommandAndControl,,BenignPositive,,,Machine,Impacted,1322,138268,360606,160396,441377,673934,425863,453297,3016,529644,,1631,635,860,2251,3421,881,,289573,117668,3586,,,0,0,,Suspicious,Suspicious,242,1445,10630
1503238556833,154,98407,1464687,2024-06-05T13:59:06.000Z,25,17,InitialAccess,,BenignPositive,,,MailMessage,Related,98799,138268,360606,160396,441377,40912,425863,453297,153085,329334,,1631,635,860,2251,3421,881,,289573,117668,3586,,,5,66,,,,242,1445,10630
369367187708,11,424395,965039,2024-06-13T03:59:04.000Z,0,0,InitialAccess,T1078;T1078.004,FalsePositive,,,User,Impacted,98799,138268,360606,160396,258,351,248,285,153085,529644,,1631,635,860,2251,3421,881,,289573,117668,3586,,,5,66,,,,242,1445,10630
171798692872,56,47707,28548,2024-06-08T08:24:14.000Z,27,18,Discovery,T1087;T1087.002,BenignPositive,,,User,Impacted,98799,138268,360606,160396,49397,83192,49045,52190,153085,529644,,1631,635,860,2251,3421,881,,289573,117668,3586,,Suspicious,5,66,,,,242,1445,10630
1391569408951,162,50818,1514796,2024-06-03T22:35:51.000Z,25,17,InitialAccess,,TruePositive,,,User,Impacted,98799,138268,360606,160396,2237,8041,2249,2366,153085,529644,,1631,635,860,2251,3421,881,,289573,117668,3586,,,5,66,,,,242,1445,10630
1082331762600,14,3909,2846,2024-05-24T01:08:38.000Z,29,20,Impact,,TruePositive,,,Ip,Related,98799,138268,12457,160396,441377,673934,425863,453297,153085,529644,,1631,635,860,2251,3421,881,,289573,117668,3586,,,5,66,,,,242,1445,10630
1486058685859,225,64205,696210,2024-06-07T05:16:25.000Z,2,2,CommandAndControl,,TruePositive,,,Url,Related,98799,138268,360606,16,441377,673934,425863,453297,153085,529644,,1631,635,860,2251,3421,881,,289573,117668,3586,,,5,66,,Suspicious,Suspicious,242,1445,10630
1125281433280,432,21736,1152628,2024-06-06T17:14:59.000Z,1326,1929,Persistence,T1098;T1078,FalsePositive,,,User,Impacted,98799,138268,360606,160396,6096,8797,6090,6561,153085,529644,,1631,635,860,2251,3421,881,,289573,117668,3586,,,5,66,,,,242,1445,10630
712964573560,5,358400,397092,2024-06-04T12:41:03.000Z,4,3,InitialAccess,,TruePositive,,,User,Impacted,98799,138268,360606,160396,2470,3309,2467,2614,153085,529644,,1631,635,860,2251,3421,881,,289573,117668,3586,,,5,66,,,,242,1445,10630
1675037248270,255,736,246369,2024-06-06T16:45:21.000Z,2,2,CommandAndControl,,TruePositive,,,Process,Related,98799,2,360606,160396,441377,673934,425863,453297,153085,529644,,1631,635,860,2251,3421,881,,1,1,3586,,,5,66,,Suspicious,Suspicious,242,1445,10630
910533067562,107,49896,63186,2024-06-09T02:28:44.000Z,1,1,InitialAccess,T1566.002,TruePositive,,,User,Impacted,98799,138268,360606,160396,29679,26384,29761,19532,153085,529644,,1631,635,860,2251,3421,881,,289573,117668,3586,,,5,66,,,,242,1445,10630
790273984131,7,3237,723,2024-05-31T06:46:27.000Z,21,409,Impact,,FalsePositive,,,Ip,Related,98799,138268,23796,160396,441377,673934,425863,453297,153085,529644,,1631,635,860,2251,3421,881,,289573,117668,3586,,,5,66,,,,242,1445,10630
1374389536423,1,39,965898,2024-06-05T03:13:12.000Z,0,0,InitialAccess,T1078;T1078.004,TruePositive,,,Ip,Related,98799,138268,5016,160396,441377,673934,425863,453297,153085,529644,,1631,635,860,2251,3421,881,,289573,117668,3586,,,5,66,,,,3,79,82
489626273558,0,118,394699,2024-06-10T23:42:49.000Z,4,3,InitialAccess,,TruePositive,,,CloudLogonRequest,Related,98799,138268,360606,160396,441377,673934,425863,453297,153085,529644,,1631,635,860,2251,3421,881,,289573,117668,3586,,,5,66,,,,242,1445,10630
1279900254885,17,223,46795,2024-06-05T20:58:18.000Z,20,2667,Exfiltration,,FalsePositive,,,User,Impacted,98799,138268,360606,160396,3639,4864,3610,3812,153085,529644,,1631,635,860,2251,3421,881,,289573,117668,3586,,,5,66,,,,242,1445,10630
1340029799702,2,6856,12096,2024-06-13T02:46:55.000Z,15,13,Exfiltration,,BenignPositive,,,MailMessage,Impacted,98799,138268,360606,160396,441377,9,425863,453297,153085,29796,,1631,635,860,2251,3421,881,,289573,117668,3586,,,5,66,,,,242,1445,10630
137438957378,14,4285,2797,2024-05-26T04:52:11.000Z,29,20,Impact,,TruePositive,,,Ip,Related,98799,138268,137,160396,441377,673934,425863,453297,153085,529644,,1631,635,860,2251,3421,881,,289573,117668,3586,,,5,66,,,,242,1445,10630
343597385541,0,140,172443,2024-06-11T10:53:24.000Z,0,0,InitialAccess,T1078;T1078.004,TruePositive,,,User,Impacted,98799,138268,360606,160396,527,705,523,569,153085,529644,,1631,635,860,2251,3421,881,,289573,117668,3586,,,5,66,,,,242,1445,10630
463856469551,41,136441,133398,2024-06-05T13:38:31.000Z,32,30609,Exfiltration,,TruePositive,,,User,Impacted,98799,138268,360606,160396,150418,219109,167689,142553,153085,529644,,1631,635,860,2251,3421,881,,289573,117668,3586,,,5,66,,,,242,1445,10630
738734376703,0,34690,163750,2024-06-03T19:15:52.000Z,4,3,InitialAccess,,TruePositive,,,Ip,Related,98799,138268,17684,160396,441377,673934,425863,453297,153085,529644,,1631,635,860,2251,3421,881,,289573,117668,3586,,,5,66,,,,5,1445,10630
1657857380002,3,300159,272676,2024-06-06T01:58:13.000Z,2,2,CommandAndControl,,BenignPositive,,,Url,Related,98799,138268,360606,7,441377,673934,425863,453297,153085,529644,,1631,635,860,2251,3421,881,,289573,117668,3586,,,5,66,,Suspicious,Suspicious,242,1445,10630
8589939601,37,190,4170,2024-06-12T21:49:54.000Z,97,1508,Exfiltration,,FalsePositive,,,MailMessage,Impacted,98799,138268,360606,160396,441377,10285,425863,453297,153085,24,,1631,635,860,2251,3421,881,,289573,117668,3586,,,5,66,,,,242,1445,10630
42949673302,636,24681,1394052,2024-06-10T18:25:37.000Z,5,80,SuspiciousActivity,,FalsePositive,,,CloudApplication,Impacted,98799,138268,360606,160396,441377,673934,425863,453297,153085,529644,,1631,635,860,3,3,881,,289573,117668,3586,,,5,66,,,,242,1445,10630
1082331760268,1,358,326526,2024-06-07T08:55:37.000Z,0,0,InitialAccess,T1078;T1078.004,TruePositive,,,CloudLogonRequest,Related,98799,138268,360606,160396,441377,673934,425863,453297,153085,529644,,1631,635,860,2251,3421,881,,289573,117668,3586,,,5,66,,,,242,1445,10630
85899350900,126,928,53606,2024-06-06T20:12:18.000Z,7,6,InitialAccess,,TruePositive,,,CloudLogonRequest,Related,98799,138268,360606,160396,441377,673934,425863,453297,153085,529644,,1631,635,860,2251,3421,881,,289573,117668,3586,,,5,66,,,,242,1445,10630
1065151892741,2,134535,155108,2024-06-15T00:16:12.000Z,1,1,InitialAccess,T1566.002,BenignPositive,,,User,Impacted,98799,138268,360606,160396,19138,7126,18870,20521,153085,529644,,1631,635,860,2251,3421,881,,289573,117668,3586,,,5,66,,,,242,1445,10630
1228360649110,5,306,35512,2024-06-04T10:03:32.000Z,4,3,InitialAccess,,TruePositive,,,Ip,Related,98799,138268,386,160396,441377,673934,425863,453297,153085,529644,,1631,635,860,2251,3421,881,,289573,117668,3586,,,5,66,,,,19,138,163
1700807052576,35,139,1166093,2024-06-09T18:07:11.000Z,7,6,InitialAccess,,TruePositive,,,User,Impacted,98799,138268,360606,160396,6223,8999,6235,6706,153085,529644,,1631,635,860,2251,3421,881,,289573,117668,3586,,,5,66,,,,242,1445,10630
25769805646,134,57854,300502,2024-06-12T16:29:33.000Z,10,8,InitialAccess,T1566.001,BenignPositive,,,File,Related,98799,59529,360606,160396,441377,673934,425863,453297,153085,529644,,1631,635,860,2251,3421,881,,19228,117668,3586,,,5,66,,,,242,1445,10630
1322849927264,6,2503,1598,2024-06-01T20:15:02.000Z,17,396,Impact,,BenignPositive,,,Ip,Related,98799,138268,95,160396,441377,673934,425863,453297,153085,529644,,1631,635,860,2251,3421,881,,289573,117668,3586,,,5,66,,,,242,1445,10630
670014902999,4,2795,535,2024-05-26T16:43:45.000Z,8,7,InitialAccess,T1133,FalsePositive,,,Machine,Impacted,98799,138268,360606,160396,441377,673934,425863,453297,117,529644,,1631,635,860,2251,3421,881,,289573,117668,3586,,,5,66,,,,242,1445,10630
197568496194,42,33754,51949,2024-06-04T15:16:30.000Z,31,1720,Malware,,BenignPositive,,,File,Related,98799,4140,360606,160396,441377,673934,425863,453297,153085,529644,,1631,635,860,2251,3421,881,Dynamer,6,19346,3586,,,5,66,,Suspicious,Malicious,242,1445,10630
1348619733163,13,64417,52363,2024-06-14T18:19:06.000Z,142,18740,Exfiltration,,BenignPositive,,,File,Impacted,98799,138268,360606,160396,441377,673934,425863,453297,153085,529644,,1631,635,860,2251,3421,881,,126667,13916,3586,,,5,66,,,,242,1445,10630
489626275781,208,526,637516,2024-06-04T13:48:38.000Z,85,63,Discovery,T1007;T1016;T1018;T1047;T1049;T1087;T1135;T1497.001,FalsePositive,,,Machine,Impacted,4561,138268,360606,160396,441377,673934,425863,453297,8025,529644,,1631,635,860,2251,3421,881,,289573,117668,3586,,,0,0,,Suspicious,Suspicious,242,1445,10630
781684048371,732,55649,1431993,2024-06-05T04:16:00.000Z,133,380,Malware,,BenignPositive,,,File,Related,98799,4443,360606,160396,441377,673934,425863,453297,153085,529644,,1631,635,860,2251,3421,881,Agent,815,782,3586,,,5,66,,Suspicious,Malicious,242,1445,10630
1279900254391,11,407028,1008169,2024-06-05T06:32:15.000Z,0,0,InitialAccess,T1078;T1078.004,FalsePositive,,,CloudLogonRequest,Related,98799,138268,360606,160396,441377,673934,425863,453297,153085,529644,,1631,635,860,2251,3421,881,,289573,117668,3586,,,5,66,,,,242,1445,10630
575525622381,9,801,417173,2024-06-14T10:17:46.000Z,190,161,Execution,T1569.002,FalsePositive,,,Process,Related,98799,1110,360606,160396,441377,673934,425863,453297,153085,529644,,1631,635,860,2251,3421,881,,1120,859,3586,,,5,66,,Suspicious,Suspicious,242,1445,10630
1082331760268,1,358,315596,2024-06-07T06:28:18.000Z,7,6,InitialAccess,,TruePositive,,,Ip,Related,98799,138268,364,160396,441377,673934,425863,453297,153085,529644,,1631,635,860,2251,3421,881,,289573,117668,3586,,,5,66,,,,1,0,0
335007450359,161,57335,139235,2024-06-05T18:13:19.000Z,11,9,InitialAccess,T1566,BenignPositive,,,User,Impacted,98799,138268,360606,160396,95149,104950,99953,12610,153085,529644,,1631,635,860,2251,3421,881,,289573,117668,3586,,,5,66,,,,242,1445,10630
1503238557760,24,462631,1368990,2024-06-05T01:00:23.000Z,5,50,SuspiciousActivity,,BenignPositive,,,User,Impacted,98799,138268,360606,160396,111190,196428,111192,119592,153085,529644,,1631,635,860,2251,3421,881,,289573,117668,3586,,,5,66,,,,242,1445,10630
171798691841,25,103,145596,2024-06-04T12:15:15.000Z,30,10887,Exfiltration,,BenignPositive,,,MailMessage,Impacted,98799,138268,360606,160396,441377,3364,425863,453297,153085,115964,,1631,635,860,2251,3421,881,,289573,117668,3586,,,5,66,,,,242,1445,10630
1632087573206,462,755,41522,2024-06-10T21:44:39.000Z,509,25,Impact,,BenignPositive,,,User,Impacted,98799,138268,360606,160396,85908,149051,86707,26070,153085,529644,,1631,635,860,2251,3421,881,,289573,117668,3586,,,5,66,,,,242,1445,10630
197568498042,5,317,123969,2024-06-04T12:30:54.000Z,0,0,InitialAccess,T1078;T1078.004,TruePositive,,,CloudLogonRequest,Related,98799,138268,360606,160396,441377,673934,425863,453297,153085,529644,,1631,635,860,2251,3421,881,,289573,117668,3586,,,5,66,,,,242,1445,10630
1443109014989,203,200356,690141,2024-06-03T11:43:36.000Z,2,2,CommandAndControl,,BenignPositive,,,Machine,Impacted,66329,138268,360606,160396,441377,673934,425863,453297,131954,529644,,1631,635,860,2251,3421,881,,289573,117668,3586,,,0,0,,Suspicious,Suspicious,242,1445,10630
1571958032148,262,13981,26147,2024-06-05T07:04:46.000Z,1,1,InitialAccess,T1566.002,BenignPositive,,,Mailbox,Impacted,98799,138268,360606,160396,15507,12800,15721,17201,153085,529644,,1631,635,860,2251,3421,881,,289573,117668,3586,,,5,66,,,NoThreatsFound,242,1445,10630
103079218135,1232,22593,537962,2024-06-09T05:50:40.000Z,0,0,InitialAccess,T1078;T1078.004,TruePositive,,,Ip,Related,98799,138268,1,160396,441377,673934,425863,453297,153085,529644,,1631,635,860,2251,3421,881,,289573,117668,3586,,,5,66,,,,15,13,10
292057778799,40,313966,691761,2024-06-05T22:20:45.000Z,2,2,CommandAndControl,,BenignPositive,,,Process,Related,98799,0,360606,160396,441377,673934,425863,453297,153085,529644,,1631,635,860,2251,3421,881,,0,2,3586,,,5,66,,Suspicious,Suspicious,242,1445,10630
17179871693,5,3037,108244,2024-06-09T04:17:57.000Z,0,0,InitialAccess,T1078;T1078.004,TruePositive,,,Ip,Related,98799,138268,9452,160396,441377,673934,425863,453297,153085,529644,,1631,635,860,2251,3421,881,,289573,117668,3586,,,5,66,,,,4,1445,10630
77309411410,67,24697,12612,2024-06-14T05:14:10.000Z,28,19,InitialAccess,T1566,BenignPositive,,,Mailbox,Impacted,98799,138268,360606,160396,70026,74079,68852,71938,153085,529644,,1631,635,860,2251,3421,881,,289573,117668,3586,,,5,66,,,,242,1445,10630
94489283649,94,75025,275337,2024-06-03T12:02:16.000Z,2,2,CommandAndControl,,BenignPositive,,,Url,Related,98799,138268,360606,300,441377,673934,425863,453297,153085,529644,,1631,635,860,2251,3421,881,,289573,117668,3586,,,5,66,,Suspicious,Suspicious,242,1445,10630
188978565113,108,58899,147728,2024-06-12T00:14:38.000Z,1,1,InitialAccess,T1566.002,BenignPositive,,,Mailbox,Impacted,98799,138268,360606,160396,57800,64412,51785,56747,153085,529644,,1631,635,860,2251,3421,881,,289573,117668,3586,,,5,66,,,NoThreatsFound,242,1445,10630
463856471755,12,2172,1151,2024-05-30T17:07:33.000Z,16,396,Impact,,BenignPositive,,,Ip,Related,98799,138268,1763,160396,441377,673934,425863,453297,153085,529644,,1631,635,860,2251,3421,881,,289573,117668,3586,,,5,66,,,,242,1445,10630
850403524612,25,63180,16496,2024-06-10T18:26:05.000Z,30,3862,Exfiltration,,BenignPositive,,,User,Impacted,98799,138268,360606,160396,35859,55809,35991,37439,153085,529644,,1631,635,860,2251,3421,881,,289573,117668,3586,,,5,66,,,,242,1445,10630
807453853010,65,363666,1140202,2024-06-06T17:02:53.000Z,76,56,SuspiciousActivity,,FalsePositive,,,File,Related,98799,8,360606,160396,441377,673934,425863,453297,153085,529644,,1631,635,860,2251,3421,881,,9,0,3586,,,5,66,,,,242,1445,10630
858993463896,81,163321,428099,2024-06-06T13:57:05.000Z,65,51518,Exfiltration,,BenignPositive,,,MailMessage,Impacted,98799,138268,360606,160396,441377,271336,425863,453297,153085,121820,,1631,635,860,2251,3421,881,,289573,117668,3586,,,5,66,,,,242,1445,10630
309237649585,1206,62514,473406,2024-06-13T22:59:39.000Z,3,4,SuspiciousActivity,,BenignPositive,,,Url,Related,98799,138268,360606,3097,441377,673934,425863,453297,153085,529644,,1631,635,860,2251,3421,881,,289573,117668,3586,,,5,66,,,,242,1445,10630
635655162983,110,998,1288730,2024-06-09T13:38:15.000Z,7,6,InitialAccess,,TruePositive,,,CloudLogonRequest,Related,98799,138268,360606,160396,441377,673934,425863,453297,153085,529644,,1631,635,860,2251,3421,881,,289573,117668,3586,,,5,66,,,,242,1445,10630
360777254636,0,213,528899,2024-06-09T01:49:19.000Z,0,0,InitialAccess,T1078;T1078.004,TruePositive,,,Ip,Related,98799,138268,257,160396,441377,673934,425863,453297,153085,529644,,1631,635,860,2251,3421,881,,289573,117668,3586,,,5,66,,,,0,3,15
1700807053092,195,30920,173944,2024-06-07T06:00:34.000Z,0,0,InitialAccess,T1078;T1078.004,FalsePositive,,,User,Impacted,98799,138268,360606,160396,1190,1617,1190,1250,153085,529644,,1631,635,860,2251,3421,881,,289573,117668,3586,,,5,66,,,,242,1445,10630
532575946483,0,370,164761,2024-06-13T17:28:16.000Z,0,0,InitialAccess,T1078;T1078.004,TruePositive,,,Ip,Related,98799,138268,359,160396,441377,673934,425863,453297,153085,529644,,1631,635,860,2251,3421,881,,289573,117668,3586,,,5,66,,,,15,66,62
936302872565,19,6378,2179,2024-05-28T14:50:37.000Z,23,16,CommandAndControl,,BenignPositive,,,Url,Related,98799,138268,360606,585,441377,673934,425863,453297,153085,529644,,1631,635,860,2251,3421,881,,289573,117668,3586,,,5,66,,,,242,1445,10630
1116691499064,49,188579,737694,2024-06-06T15:55:52.000Z,2,2,CommandAndControl,,TruePositive,,,Url,Related,98799,138268,360606,5,441377,673934,425863,453297,153085,529644,,1631,635,860,2251,3421,881,,289573,117668,3586,,,5,66,,Suspicious,Suspicious,242,1445,10630
541165883005,3,177149,623475,2024-06-12T18:49:38.000Z,3,4,SuspiciousActivity,,BenignPositive,,,Process,Related,98799,1,360606,160396,441377,673934,425863,453297,153085,529644,,1631,635,860,2251,3421,881,,1,1,3586,,,5,66,,Suspicious,Suspicious,242,1445,10630
60129544250,49,188375,688680,2024-06-04T07:44:37.000Z,2,2,CommandAndControl,,TruePositive,,,Url,Related,98799,138268,360606,435,441377,673934,425863,453297,153085,529644,,1631,635,860,2251,3421,881,,289573,117668,3586,,,5,66,,Suspicious,Suspicious,242,1445,10630
1520418426798,322,81404,277097,2024-06-11T16:09:18.000Z,2,2,CommandAndControl,,BenignPositive,,,Process,Related,98799,0,360606,160396,441377,673934,425863,453297,153085,529644,,1631,635,860,2251,3421,881,,0,46906,3586,,,5,66,,Suspicious,Suspicious,242,1445,10630
867583394591,177,5084,1155031,2024-06-05T11:18:15.000Z,193,486,SuspiciousActivity,,TruePositive,,,Process,Related,98799,138268,360606,160396,441377,673934,425863,453297,153085,529644,,1631,635,860,2251,3421,881,,289573,117668,3586,,,5,66,,,,242,1445,10630
910533071784,112,265468,598725,2024-06-12T11:25:00.000Z,2,2,CommandAndControl,,BenignPositive,,,Url,Related,98799,138268,360606,10,441377,673934,425863,453297,153085,529644,,1631,635,860,2251,3421,881,,289573,117668,3586,,,5,66,,Suspicious,Suspicious,242,1445,10630
523986012820,40,848,192338,2024-06-04T19:35:34.000Z,3,4,SuspiciousActivity,,BenignPositive,,,Url,Related,98799,138268,360606,10,441377,673934,425863,453297,153085,529644,,1631,635,860,2251,3421,881,,289573,117668,3586,,,5,66,,Suspicious,Suspicious,242,1445,10630
1133871367940,0,292,387439,2024-06-03T18:36:14.000Z,0,0,InitialAccess,T1078;T1078.004,TruePositive,,,CloudLogonSession,Related,98799,138268,360606,160396,441377,673934,425863,453297,153085,529644,,1631,635,860,2251,3421,881,,289573,117668,3586,,,5,66,,,,242,1445,10630
1082331760463,163,723,3430,2024-06-05T23:39:27.000Z,10,8,InitialAccess,T1566.001,FalsePositive,,,MailMessage,Related,98799,138268,360606,160396,441377,76390,425863,453297,153085,258,,1631,635,860,2251,3421,881,,289573,117668,3586,,,5,66,,,,242,1445,10630
1159641174752,559,142676,835064,2024-06-12T12:20:18.000Z,19,15,InitialAccess,,FalsePositive,,,Ip,Related,98799,138268,1538,160396,441377,673934,425863,453297,153085,529644,,1631,635,860,2251,3421,881,,289573,117668,3586,,,5,66,,,,0,3,15
764504179088,160,292930,250720,2024-06-05T17:03:50.000Z,2,2,CommandAndControl,,FalsePositive,,,Machine,Impacted,62451,138268,360606,160396,441377,673934,425863,453297,81814,529644,,1631,635,860,2251,3421,881,,289573,117668,3586,,,0,0,,Suspicious,Suspicious,242,1445,10630
1151051237981,1143,157054,680348,2024-06-12T05:21:38.000Z,73,54,InitialAccess,T1078;T1078.004,BenignPositive,,,User,Impacted,98799,138268,360606,160396,214447,439644,294711,306899,153085,529644,,1631,635,860,2251,3421,881,,289573,117668,3586,,,5,66,,,,242,1445,10630
1056561956489,7,3405,803,2024-05-26T01:20:51.000Z,21,273,Impact,,FalsePositive,,,Ip,Related,98799,138268,89,160396,441377,673934,425863,453297,153085,529644,,1631,635,860,2251,3421,881,,289573,117668,3586,,,5,66,,,,242,1445,10630
369367190994,1497,73972,570872,2024-06-08T09:37:07.000Z,9,74,Execution,,BenignPositive,,,File,Related,98799,138268,360606,160396,441377,673934,425863,453297,153085,529644,,1631,635,860,2251,3421,881,,95810,117668,3586,,,5,66,,,,242,1445,10630
137438957375,14,1687,172,2024-05-23T12:18:20.000Z,41,679,Impact,,TruePositive,,,Ip,Related,98799,138268,3453,160396,441377,673934,425863,453297,153085,529644,,1631,635,860,2251,3421,881,,289573,117668,3586,,,5,66,,,,242,1445,10630
1683627183908,533,9523,7385,2024-06-10T23:05:01.000Z,464,24,CredentialAccess,T1110;T1078,BenignPositive,,,Ip,Related,98799,138268,344913,160396,441377,673934,425863,453297,153085,529644,,1631,635,860,2251,3421,881,,289573,117668,3586,,,5,66,,,,242,1445,10630
1563368098213,28,227882,60797,2024-06-06T20:39:00.000Z,13,11,InitialAccess,T1566,TruePositive,,,Mailbox,Impacted,98799,138268,360606,160396,87922,59211,93519,105695,153085,529644,,1631,635,860,2251,3421,881,,289573,117668,3586,,,5,66,,,,242,1445,10630
1597727836869,204,596,29956,2024-06-03T12:13:26.000Z,44,71,SuspiciousActivity,,FalsePositive,,,Process,Related,98799,4378,360606,160396,441377,673934,425863,453297,153085,529644,,1631,635,860,2251,3421,881,,68,39046,3586,,,5,66,,Suspicious,Suspicious,242,1445,10630
1133871367943,0,218,320546,2024-06-05T20:01:30.000Z,0,0,InitialAccess,T1078;T1078.004,TruePositive,,,CloudLogonRequest,Related,98799,138268,360606,160396,441377,673934,425863,453297,153085,529644,,1631,635,860,2251,3421,881,,289573,117668,3586,,,5,66,,,,242,1445,10630
670014902999,4,2795,535,2024-05-26T16:43:45.000Z,8,7,InitialAccess,T1133,FalsePositive,,,Machine,Impacted,98799,138268,360606,160396,441377,673934,425863,453297,135,529644,,1631,635,860,2251,3421,881,,289573,117668,3586,,,5,66,,,,242,1445,10630
970662612910,57,802,208779,2024-06-04T02:04:52.000Z,46,11499,Exfiltration,,BenignPositive,,,Machine,Impacted,98799,138268,360606,160396,441377,673934,425863,453297,1238,529644,,1631,635,860,2251,3421,881,,289573,117668,3586,,,5,66,,,,242,1445,10630
1125281433373,0,80,180987,2024-06-05T18:13:57.000Z,0,0,InitialAccess,T1078;T1078.004,TruePositive,,,User,Impacted,98799,138268,360606,160396,3215,4306,3204,3397,153085,529644,,1631,635,860,2251,3421,881,,289573,117668,3586,,,5,66,,,,242,1445,10630
601295424398,50,0,330302,2024-06-14T08:54:28.000Z,14,12,CredentialAccess,T1110;T1110.003;T1110.001,TruePositive,,,CloudLogonRequest,Related,98799,138268,360606,160396,441377,673934,425863,453297,153085,529644,,1631,635,860,2251,3421,881,,289573,117668,3586,,,5,66,,,,242,1445,10630
1443109014578,63,363,965402,2024-06-04T13:49:11.000Z,0,0,InitialAccess,T1078;T1078.004,TruePositive,,,CloudLogonRequest,Related,98799,138268,360606,160396,441377,673934,425863,453297,153085,529644,,1631,635,860,2251,3421,881,,289573,117668,3586,,,5,66,,,,242,1445,10630
42949675938,499,74226,221442,2024-06-09T12:40:06.000Z,1,1,InitialAccess,T1566.002,FalsePositive,,,User,Impacted,98799,138268,360606,160396,9654,7264,9855,10579,153085,529644,,1631,635,860,2251,3421,881,,289573,117668,3586,,,5,66,,,,242,1445,10630
455266535024,1,41,1310363,2024-06-08T22:13:21.000Z,14,12,CredentialAccess,T1110;T1110.003;T1110.001,TruePositive,,,Ip,Related,98799,138268,7,160396,441377,673934,425863,453297,153085,529644,,1631,635,860,2251,3421,881,,289573,117668,3586,,,5,66,,,,4,21,23
1288490192486,3,44107,610354,2024-06-06T11:59:35.000Z,3,4,SuspiciousActivity,,BenignPositive,,,Url,Related,98799,138268,360606,101,441377,673934,425863,453297,153085,529644,,1631,635,860,2251,3421,881,,289573,117668,3586,,,5,66,,,,242,1445,10630
257698039361,32,545227,1637785,2024-06-06T02:11:25.000Z,438,466,Persistence,T1541;T1546,BenignPositive,,,Url,Related,98799,138268,360606,117411,441377,673934,425863,453297,153085,529644,,1631,635,860,2251,3421,881,,289573,117668,3586,,,5,66,,,,242,1445,10630
1417339210862,717,50721,216956,2024-06-13T13:09:36.000Z,10,8,InitialAccess,T1566.001,BenignPositive,,,MailMessage,Related,98799,138268,360606,160396,441377,68930,425863,453297,153085,171684,,1631,635,860,2251,3421,881,,289573,117668,3586,,,5,66,Inbound,,NoThreatsFound,242,1445,10630
1082331760255,21,27904,262169,2024-06-07T06:18:06.000Z,3,4,SuspiciousActivity,,BenignPositive,,,Ip,Related,98799,138268,40142,160396,441377,673934,425863,453297,153085,529644,,1631,635,860,2251,3421,881,,289573,117668,3586,,,5,66,,Suspicious,Suspicious,242,1445,10630
188978563636,375,1110,735,2024-06-09T20:56:56.000Z,203,170,Collection,T1005,FalsePositive,,,Machine,Impacted,8239,138268,360606,160396,441377,673934,425863,453297,12320,529644,,1631,635,860,2251,3421,881,,289573,117668,3586,,,5,66,,,,242,1445,10630
188978565640,155,59,1193384,2024-06-07T03:27:20.000Z,0,0,InitialAccess,T1078;T1078.004,TruePositive,,,CloudLogonRequest,Related,98799,138268,360606,160396,441377,673934,425863,453297,153085,529644,,1631,635,860,2251,3421,881,,289573,117668,3586,,,5,66,,,,242,1445,10630
678604833163,304,102938,139670,2024-06-10T23:12:51.000Z,1,1,InitialAccess,T1566.002,TruePositive,,,Mailbox,Impacted,98799,138268,360606,160396,17627,17488,18092,19293,153085,529644,,1631,635,860,2251,3421,881,,289573,117668,3586,,,5,66,,,,242,1445,10630
1597727835355,117,24655,73657,2024-06-04T15:45:19.000Z,0,0,InitialAccess,T1078;T1078.004,TruePositive,,,CloudLogonSession,Related,98799,138268,360606,160396,441377,673934,425863,453297,153085,529644,,1631,635,860,2251,3421,881,,289573,117668,3586,,,5,66,,,,242,1445,10630
1245540516524,17,589,132749,2024-06-11T22:50:46.000Z,20,506,Exfiltration,,FalsePositive,,,User,Impacted,98799,138268,360606,160396,274,373,264,300,153085,529644,,1631,635,860,2251,3421,881,,289573,117668,3586,,,5,66,,,,242,1445,10630
1589137904404,37,434,15230,2024-06-13T03:44:13.000Z,70,7515,Exfiltration,,FalsePositive,,,User,Impacted,98799,138268,360606,160396,109299,68371,108232,113440,153085,529644,,1631,635,860,2251,3421,881,,289573,117668,3586,,,5,66,,,,242,1445,10630
807453852003,181,8624,12662,2024-06-11T19:59:53.000Z,31,436,Malware,,BenignPositive,,,File,Related,98799,1159,360606,160396,441377,673934,425863,453297,153085,529644,,1631,635,860,2251,3421,881,Phonzy,817,100815,3586,,,5,66,,Suspicious,Malicious,242,1445,10630
257698039475,7,2914,611,2024-05-26T10:35:33.000Z,21,279,Impact,,FalsePositive,,,Ip,Related,98799,138268,934,160396,441377,673934,425863,453297,153085,529644,,1631,635,860,2251,3421,881,,289573,117668,3586,,,5,66,,,,242,1445,10630
1331439863448,1030,79794,1157997,2024-06-13T23:22:02.000Z,1728,3537,CredentialAccess,,BenignPositive,ContainAccount,update stsrefreshtokenvalidfrom timestamp.,User,Impacted,98799,138268,360606,160396,379063,506029,318367,353441,153085,529644,,1631,635,860,2251,3421,881,,289573,117668,3586,,,5,66,,,,242,1445,10630
1022202218697,13,13416,9431,2024-06-13T17:09:06.000Z,34,3051,Exfiltration,,BenignPositive,,,File,Impacted,98799,370,360606,160396,441377,673934,425863,453297,153085,529644,,1631,635,860,2251,3421,881,,394,5,3586,,,5,66,,,,242,1445,10630
8589938734,322,216621,714130,2024-06-03T14:49:44.000Z,2,2,CommandAndControl,,BenignPositive,,,Url,Related,98799,138268,360606,2,441377,673934,425863,453297,153085,529644,,1631,635,860,2251,3421,881,,289573,117668,3586,,,5,66,,Suspicious,Suspicious,242,1445,10630
231928238407,461,94607,1521193,2024-06-07T15:03:35.000Z,11,9,InitialAccess,T1566,FalsePositive,,,MailMessage,Related,98799,138268,360606,160396,441377,57,425863,453297,153085,485900,,1631,635,860,2251,3421,881,,289573,117668,3586,,,5,66,,,,242,1445,10630
1065151892929,3,112221,258129,2024-06-03T14:36:49.000Z,36,564,SuspiciousActivity,,BenignPositive,,,Url,Related,98799,138268,360606,10342,441377,673934,425863,453297,153085,529644,,1631,635,860,2251,3421,881,,289573,117668,3586,,,5,66,,Suspicious,Suspicious,242,1445,10630
1047972022159,87,687,759699,2024-06-12T15:33:15.000Z,2,2,CommandAndControl,,FalsePositive,,,Url,Related,98799,138268,360606,4,441377,673934,425863,453297,153085,529644,,1631,635,860,2251,3421,881,,289573,117668,3586,,,5,66,,Suspicious,Suspicious,242,1445,10630
197568500579,268,251,620947,2024-06-11T15:58:58.000Z,3,4,SuspiciousActivity,,TruePositive,,,Url,Related,98799,138268,360606,489,441377,673934,425863,453297,153085,529644,,1631,635,860,2251,3421,881,,289573,117668,3586,,,5,66,,,,242,1445,10630
34359742234,3,193445,276536,2024-06-13T04:39:29.000Z,2,2,CommandAndControl,,BenignPositive,,,Url,Related,98799,138268,360606,72,441377,673934,425863,453297,153085,529644,,1631,635,860,2251,3421,881,,289573,117668,3586,,,5,66,,Suspicious,Suspicious,242,1445,10630
1529008358173,350,20379,453535,2024-06-07T15:35:15.000Z,13,11,InitialAccess,T1566,BenignPositive,,,MailMessage,Related,98799,138268,360606,160396,441377,73314,425863,453297,153085,61885,,1631,635,860,2251,3421,881,,289573,117668,3586,,,5,66,,,,242,1445,10630
403726931118,96,9548,206713,2024-06-05T21:01:22.000Z,239,27097,Malware,,BenignPositive,,,File,Related,98799,2246,360606,160396,441377,673934,425863,453297,153085,529644,,1631,635,860,2251,3421,881,Depriz,47564,1178,3586,,,5,66,,Suspicious,Malicious,242,1445,10630
94489282569,39,170182,1434899,2024-06-10T17:51:24.000Z,87,2226,Discovery,T1010;T1059.001;T1518,BenignPositive,,,Process,Related,98799,430,360606,160396,441377,673934,425863,453297,153085,529644,,1631,635,860,2251,3421,881,,443,215,3586,,,5,66,,Suspicious,Suspicious,242,1445,10630
884763264752,0,11769,125632,2024-06-03T08:46:38.000Z,7,6,InitialAccess,,TruePositive,,,Ip,Related,98799,138268,64,160396,441377,673934,425863,453297,153085,529644,,1631,635,860,2251,3421,881,,289573,117668,3586,,,5,66,,,,1,0,0
1657857380199,68,507133,658666,2024-06-14T02:22:13.000Z,35,23,InitialAccess,T1566,BenignPositive,,,User,Impacted,98799,138268,360606,160396,1317,5251,1309,1374,153085,529644,,1631,635,860,2251,3421,881,,289573,117668,3586,,,5,66,,,,242,1445,10630
1589137902620,212,439,1723,2024-06-06T08:22:22.000Z,28,19,InitialAccess,T1566,FalsePositive,,,User,Impacted,98799,138268,360606,160396,56018,56696,53000,57101,153085,529644,,1631,635,860,2251,3421,881,,289573,117668,3586,,,5,66,,,,242,1445,10630
1314259996931,153,878,197287,2024-06-08T00:28:22.000Z,3,4,SuspiciousActivity,,TruePositive,,,User,Impacted,98799,138268,360606,160396,265789,422415,295676,290808,153085,529644,,1631,635,860,2251,3421,881,,289573,117668,3586,,,5,66,,Suspicious,Suspicious,242,1445,10630
60129542498,298,14866,338350,2024-06-04T23:44:40.000Z,5,129,SuspiciousActivity,,BenignPositive,,,Ip,Related,98799,138268,668,160396,441377,673934,425863,453297,153085,529644,,1631,635,860,2251,3421,881,,289573,117668,3586,,Contextual,5,66,,,,242,1445,10630
558345751551,55,179387,625517,2024-06-13T14:25:12.000Z,3,4,SuspiciousActivity,,TruePositive,,,Url,Related,98799,138268,360606,3475,441377,673934,425863,453297,153085,529644,,1631,635,860,2251,3421,881,,289573,117668,3586,,,5,66,,,,242,1445,10630
360777254628,0,560,183219,2024-06-04T09:43:29.000Z,7,6,InitialAccess,,TruePositive,,,User,Impacted,98799,138268,360606,160396,205,286,196,230,153085,529644,,1631,635,860,2251,3421,881,,289573,117668,3586,,,5,66,,,,242,1445,10630
1511828489994,0,166,530544,2024-06-06T06:53:41.000Z,7,6,InitialAccess,,TruePositive,,,User,Impacted,98799,138268,360606,160396,2989,3972,2991,3141,153085,529644,,1631,635,860,2251,3421,881,,289573,117668,3586,,,5,66,,,,242,1445,10630
1365799602089,467,83455,298310,2024-06-10T19:56:46.000Z,10,8,InitialAccess,T1566.001,BenignPositive,,,Mailbox,Impacted,98799,138268,360606,160396,77946,66800,78813,81626,153085,529644,,1631,635,860,2251,3421,881,,289573,117668,3586,,,5,66,,,NoThreatsFound,242,1445,10630
231928235286,44,7039,11468,2024-06-06T13:25:07.000Z,78,57,Exfiltration,,BenignPositive,,,MailMessage,Impacted,98799,138268,360606,160396,441377,324,425863,453297,153085,15669,,1631,635,860,2251,3421,881,,289573,117668,3586,,,5,66,,,,242,1445,10630
274877910752,431,129950,1484898,2024-06-04T07:23:33.000Z,238,215,InitialAccess,,BenignPositive,,,User,Impacted,98799,138268,360606,160396,3729,2700,3730,6,153085,529644,,1631,635,860,2251,3421,881,,289573,117668,3586,,,5,66,,,,242,1445,10630
824633721225,687,39313,119490,2024-06-14T03:39:36.000Z,6,5,InitialAccess,T1566,BenignPositive,,,Mailbox,Impacted,98799,138268,360606,160396,59642,59077,60305,66627,153085,529644,,1631,635,860,2251,3421,881,,289573,117668,3586,,,5,66,,,,242,1445,10630
498216207550,16,110699,90962,2024-06-13T13:22:57.000Z,24,73,Exfiltration,,BenignPositive,,,MailMessage,Impacted,98799,138268,360606,160396,441377,658157,425863,453297,153085,338656,,1631,635,860,2251,3421,881,,289573,117668,3586,,,5,66,,,,242,1445,10630
747324310581,140,215945,356218,2024-06-12T16:43:10.000Z,123,43692,Exfiltration,,FalsePositive,,,MailMessage,Impacted,98799,138268,360606,160396,441377,493185,425863,453297,153085,41719,,1631,635,860,2251,3421,881,,289573,117668,3586,,,5,66,,,,242,1445,10630
1279900254256,6,2480,1327,2024-05-27T08:19:37.000Z,17,173,Impact,,BenignPositive,,,Ip,Related,98799,138268,11324,160396,441377,673934,425863,453297,153085,529644,,1631,635,860,2251,3421,881,,289573,117668,3586,,,5,66,,,,242,1445,10630
1151051235651,11,435660,852697,2024-06-15T16:40:06.000Z,0,0,InitialAccess,T1078;T1078.004,FalsePositive,,,User,Impacted,98799,138268,360606,160396,3099,4135,3099,3260,153085,529644,,1631,635,860,2251,3421,881,,289573,117668,3586,,,5,66,,,,242,1445,10630
1245540518343,5,500761,321657,2024-06-03T12:15:21.000Z,0,0,InitialAccess,T1078;T1078.004,TruePositive,,,Ip,Related,98799,138268,196,160396,441377,673934,425863,453297,153085,529644,,1631,635,860,2251,3421,881,,289573,117668,3586,,,5,66,,,,37,64,65
824633722969,19,5878,4301,2024-05-26T22:58:10.000Z,23,16,CommandAndControl,,BenignPositive,,,Url,Related,98799,138268,360606,266,441377,673934,425863,453297,153085,529644,,1631,635,860,2251,3421,881,,289573,117668,3586,,,5,66,,,,242,1445,10630
1365799601712,41,54742,33120,2024-06-14T11:40:21.000Z,32,14087,Exfiltration,,TruePositive,,,File,Impacted,98799,138268,360606,160396,441377,673934,425863,453297,153085,529644,,1631,635,860,2251,3421,881,,162653,0,3586,,,5,66,,,,242,1445,10630
85899348069,52,1791,141351,2024-06-04T11:36:34.000Z,229,204,InitialAccess,,BenignPositive,,,Machine,Impacted,12056,138268,360606,160396,441377,673934,425863,453297,16472,529644,,1631,635,860,2251,3421,881,,289573,117668,3586,,,5,66,,,,242,1445,10630
1279900256988,575,3978,2485,2024-06-08T07:30:33.000Z,27,18,Discovery,T1087;T1087.002,BenignPositive,,,Machine,Related,98799,138268,360606,160396,441377,673934,425863,453297,82317,529644,,1631,635,860,2251,3421,881,,289573,117668,3586,,Destination,5,66,,,,242,1445,10630
1279900257763,2,15070,11286,2024-06-12T03:45:30.000Z,18,14,Exfiltration,,BenignPositive,,,File,Impacted,98799,138268,360606,160396,441377,673934,425863,453297,153085,529644,,1631,635,860,2251,3421,881,,237631,111444,3586,,,5,66,,,,242,1445,10630
1348619731542,43,908,7760,2024-06-16T13:21:52.000Z,1,1,InitialAccess,T1566.002,BenignPositive,,,MailMessage,Related,98799,138268,360606,160396,441377,6296,425863,453297,153085,277899,,1631,635,860,2251,3421,881,,289573,117668,3586,,,5,66,,,,242,1445,10630
532575946483,0,370,177537,2024-06-13T18:24:59.000Z,0,0,InitialAccess,T1078;T1078.004,TruePositive,,,CloudLogonSession,Related,98799,138268,360606,160396,441377,673934,425863,453297,153085,529644,,1631,635,860,2251,3421,881,,289573,117668,3586,,,5,66,,,,242,1445,10630
944892807030,2706,54847,818546,2024-06-11T16:57:55.000Z,0,0,InitialAccess,T1078;T1078.004,FalsePositive,,,Ip,Related,98799,138268,153740,160396,441377,673934,425863,453297,153085,529644,,1631,635,860,2251,3421,881,,289573,117668,3586,,,5,66,,,,17,38,3216
515396077944,5,501384,125591,2024-06-05T06:07:54.000Z,0,0,InitialAccess,T1078;T1078.004,TruePositive,,,User,Impacted,98799,138268,360606,160396,12,24,10,13,153085,529644,,1631,635,860,2251,3421,881,,289573,117668,3586,,,5,66,,,,242,1445,10630
833223660020,508,1135,473639,2024-06-15T22:40:26.000Z,3,4,SuspiciousActivity,,BenignPositive,,,Url,Related,98799,138268,360606,1763,441377,673934,425863,453297,153085,529644,,1631,635,860,2251,3421,881,,289573,117668,3586,,,5,66,,Suspicious,Suspicious,242,1445,10630
953482740449,290,716,2473,2024-06-06T22:20:59.000Z,150,124,CredentialAccess,,FalsePositive,,,User,Impacted,98799,138268,360606,160396,17812,29760,17766,13317,153085,529644,,1631,635,860,2251,3421,881,,289573,117668,3586,,,5,66,,,,242,1445,10630
609885357203,16,41092,153262,2024-06-10T14:31:15.000Z,24,200,Exfiltration,,BenignPositive,,,MailMessage,Impacted,98799,138268,360606,160396,441377,210573,425863,453297,153085,443022,,1631,635,860,2251,3421,881,,289573,117668,3586,,,5,66,,,,242,1445,10630
1529008359426,31,180,23112,2024-06-07T16:22:31.000Z,45,1618,Exfiltration,,BenignPositive,,,File,Impacted,98799,7227,360606,160396,441377,673934,425863,453297,153085,529644,,1631,635,860,2251,3421,881,,7714,269,3586,,,5,66,,,,242,1445,10630
773094114970,1,432,103520,2024-06-11T09:35:29.000Z,0,0,InitialAccess,T1078;T1078.004,TruePositive,,,CloudLogonSession,Related,98799,138268,360606,160396,441377,673934,425863,453297,153085,529644,,1631,635,860,2251,3421,881,,289573,117668,3586,,,5,66,,,,242,1445,10630
1477468754968,46,3456,734,2024-06-06T17:00:31.000Z,64,42,CommandAndControl,T1568;T1008,FalsePositive,,,Ip,Related,98799,138268,4766,160396,441377,673934,425863,453297,153085,529644,,1631,635,860,2251,3421,881,,289573,117668,3586,,,5,66,,,,242,1445,10630
1486058686400,19,5805,2148,2024-05-27T07:10:05.000Z,23,16,CommandAndControl,,BenignPositive,,,Ip,Related,98799,138268,3853,160396,441377,673934,425863,453297,153085,529644,,1631,635,860,2251,3421,881,,289573,117668,3586,,,5,66,,,,242,1445,10630
171798694457,649,8995,691065,2024-06-13T22:14:25.000Z,2,2,CommandAndControl,,BenignPositive,,,Machine,Impacted,10877,138268,360606,160396,441377,673934,425863,453297,17142,529644,,1631,635,860,2251,3421,881,,289573,117668,3586,,,0,0,,Suspicious,Suspicious,242,1445,10630
1176821042275,210,1176,920,2024-06-09T18:35:24.000Z,27,18,Discovery,T1087;T1087.002,FalsePositive,,,User,Impacted,98799,138268,360606,160396,339277,673934,425863,426684,153085,529644,,1631,635,860,2251,3421,881,,289573,117668,3586,,Suspicious,5,66,,,,242,1445,10630
1357209670473,133,20583,419324,2024-06-03T18:42:13.000Z,3,4,SuspiciousActivity,,BenignPositive,,,Url,Related,98799,138268,360606,88,441377,673934,425863,453297,153085,529644,,1631,635,860,2251,3421,881,,289573,117668,3586,,,5,66,,Suspicious,Suspicious,242,1445,10630
25769805405,1,529,75230,2024-06-03T06:57:01.000Z,4,3,InitialAccess,,TruePositive,,,Ip,Related,98799,138268,64621,160396,441377,673934,425863,453297,153085,529644,,1631,635,860,2251,3421,881,,289573,117668,3586,,,5,66,,,,0,3,20
120259085868,1,318,322305,2024-06-07T17:22:56.000Z,7,6,InitialAccess,,TruePositive,,,Ip,Related,98799,138268,188,160396,441377,673934,425863,453297,153085,529644,,1631,635,860,2251,3421,881,,289573,117668,3586,,,5,66,,,,1,0,0
1632087574518,31,516,30793,2024-06-05T18:38:10.000Z,89,6851,Exfiltration,,BenignPositive,,,MailMessage,Impacted,98799,138268,360606,160396,441377,134778,425863,453297,153085,3633,,1631,635,860,2251,3421,881,,289573,117668,3586,,,5,66,,,,242,1445,10630
335007451218,13,3448,4886,2024-06-05T20:13:47.000Z,34,464,Exfiltration,,BenignPositive,,,File,Impacted,98799,620,360606,160396,441377,673934,425863,453297,153085,529644,,1631,635,860,2251,3421,881,,685,7,3586,,,5,66,,,,242,1445,10630
1357209667315,0,174,534150,2024-06-04T04:28:17.000Z,0,0,InitialAccess,T1078;T1078.004,TruePositive,,,User,Impacted,98799,138268,360606,160396,492,651,484,530,153085,529644,,1631,635,860,2251,3421,881,,289573,117668,3586,,,5,66,,,,242,1445,10630
841813593857,557,238532,984113,2024-06-07T19:53:59.000Z,4,3,InitialAccess,,FalsePositive,,,CloudLogonRequest,Related,98799,138268,360606,160396,441377,673934,425863,453297,153085,529644,,1631,635,860,2251,3421,881,,289573,117668,3586,,,5,66,,,,242,1445,10630
644245098292,68,1584,1482473,2024-06-11T14:06:06.000Z,35,23,InitialAccess,T1566,BenignPositive,,,User,Impacted,98799,138268,360606,160396,1927,6766,1904,1634,153085,529644,,1631,635,860,2251,3421,881,,289573,117668,3586,,,5,66,,,,242,1445,10630
283467843350,0,367,69005,2024-06-05T03:30:39.000Z,0,0,InitialAccess,T1078;T1078.004,TruePositive,,,User,Impacted,98799,138268,360606,160396,7766,11567,7782,8406,153085,529644,,1631,635,860,2251,3421,881,,289573,117668,3586,,,5,66,,,,242,1445,10630
1159641173967,14,3745,2921,2024-05-23T05:49:50.000Z,29,20,Impact,,TruePositive,,,Ip,Related,98799,138268,2103,160396,441377,673934,425863,453297,153085,529644,,1631,635,860,2251,3421,881,,289573,117668,3586,,,5,66,,,,242,1445,10630
721554510137,53,340,2709,2024-06-04T08:52:26.000Z,116,94,InitialAccess,T1190;T1133,FalsePositive,,,Url,Related,98799,138268,360606,3035,441377,673934,425863,453297,153085,529644,,1631,635,860,2251,3421,881,,289573,117668,3586,,,5,66,,,,242,1445,10630
773094118224,481,91782,100075,2024-06-15T03:40:13.000Z,1,1,InitialAccess,T1566.002,BenignPositive,,,Url,Related,98799,138268,360606,76673,441377,673934,425863,453297,153085,529644,,1631,635,860,2251,3421,881,,289573,117668,3586,,,5,66,,,NoThreatsFound,242,1445,10630
919123003474,147,133782,343353,2024-06-09T23:35:37.000Z,5,221,SuspiciousActivity,,TruePositive,,,CloudApplication,Impacted,98799,138268,360606,160396,441377,673934,425863,453297,153085,529644,,1631,635,860,3,3,881,,289573,117668,3586,,,5,66,,,,242,1445,10630
1022202221055,9,336,21943,2024-06-05T15:15:48.000Z,90,5107,Exfiltration,,BenignPositive,,,User,Impacted,98799,138268,360606,160396,116,164,108,134,153085,529644,,1631,635,860,2251,3421,881,,289573,117668,3586,,,5,66,,,,242,1445,10630
1245540520427,542,92981,620589,2024-06-11T14:53:23.000Z,3,3219,SuspiciousActivity,,TruePositive,,,Process,Related,98799,1,360606,160396,441377,673934,425863,453297,153085,529644,,1631,635,860,2251,3421,881,,1,1,3586,,,5,66,,Suspicious,Suspicious,242,1445,10630
764504182979,976,3428,895549,2024-06-10T04:18:49.000Z,0,0,InitialAccess,T1078;T1078.004,FalsePositive,,,User,Impacted,98799,138268,360606,160396,386760,518203,416410,360641,153085,529644,,1631,635,860,2251,3421,881,,289573,117668,3586,,,5,66,,,,242,1445,10630
936302872198,1,46,489658,2024-06-05T04:43:59.000Z,7,6,InitialAccess,,TruePositive,,,Ip,Related,98799,138268,229,160396,441377,673934,425863,453297,153085,529644,,1631,635,860,2251,3421,881,,289573,117668,3586,,,5,66,,,,0,1,1
171798696048,24,467709,572119,2024-06-09T02:43:26.000Z,5,21,SuspiciousActivity,,TruePositive,,,Ip,Related,98799,138268,4155,160396,441377,673934,425863,453297,153085,529644,,1631,635,860,2251,3421,881,,289573,117668,3586,,Contextual,5,66,,,,242,1445,10630
1443109013265,0,303,43370,2024-06-04T23:27:15.000Z,0,0,InitialAccess,T1078;T1078.004,TruePositive,,,CloudLogonSession,Related,98799,138268,360606,160396,441377,673934,425863,453297,153085,529644,,1631,635,860,2251,3421,881,,289573,117668,3586,,,5,66,,,,242,1445,10630
85899346031,11,401604,1014124,2024-06-03T04:43:51.000Z,4,3,InitialAccess,,FalsePositive,,,CloudLogonRequest,Related,98799,138268,360606,160396,441377,673934,425863,453297,153085,529644,,1631,635,860,2251,3421,881,,289573,117668,3586,,,5,66,,,,242,1445,10630
1374389536423,1,39,74596,2024-06-04T19:27:27.000Z,4,3,InitialAccess,,TruePositive,,,Ip,Related,98799,138268,7,160396,441377,673934,425863,453297,153085,529644,,1631,635,860,2251,3421,881,,289573,117668,3586,,,5,66,,,,4,21,23
360777254392,32,1199,201150,2024-06-12T02:25:22.000Z,3,4,SuspiciousActivity,,BenignPositive,,,Process,Related,98799,266,360606,160396,441377,673934,425863,453297,153085,529644,,1631,635,860,2251,3421,881,,157,188,3586,,,5,66,,Suspicious,Suspicious,242,1445,10630
111669152214,5,31,1314918,2024-06-10T05:06:09.000Z,0,0,InitialAccess,T1078;T1078.004,TruePositive,,,CloudLogonRequest,Related,98799,138268,360606,160396,441377,673934,425863,453297,153085,529644,,1631,635,860,2251,3421,881,,289573,117668,3586,,,5,66,,,,242,1445,10630
455266535554,13,13265,9441,2024-06-13T19:15:12.000Z,34,1010,Exfiltration,,BenignPositive,,,File,Impacted,98799,248,360606,160396,441377,673934,425863,453297,153085,529644,,1631,635,860,2251,3421,881,,269,5,3586,,,5,66,,,,242,1445,10630
1228360648674,19,649,2254,2024-06-01T11:08:37.000Z,23,16,CommandAndControl,,TruePositive,,,Url,Related,98799,138268,360606,2113,441377,673934,425863,453297,153085,529644,,1631,635,860,2251,3421,881,,289573,117668,3586,,,5,66,,,,242,1445,10630
206158434153,57,1091,428920,2024-06-12T01:14:20.000Z,46,5713,Exfiltration,,BenignPositive,,,Ip,Related,98799,138268,61,160396,441377,673934,425863,453297,153085,529644,,1631,635,860,2251,3421,881,,289573,117668,3586,,,5,66,,,,242,1445,10630
171798696142,286,608,59175,2024-06-05T14:35:20.000Z,6,5,InitialAccess,T1566,TruePositive,,,Mailbox,Impacted,98799,138268,360606,160396,69459,76174,64408,75002,153085,529644,,1631,635,860,2251,3421,881,,289573,117668,3586,,,5,66,,,,242,1445,10630
1108101564153,0,319,525606,2024-06-07T21:07:48.000Z,0,0,InitialAccess,T1078;T1078.004,TruePositive,,,CloudLogonRequest,Related,98799,138268,360606,160396,441377,673934,425863,453297,153085,529644,,1631,635,860,2251,3421,881,,289573,117668,3586,,,5,66,,,,242,1445,10630
515396078093,503,47595,427832,2024-06-13T10:10:12.000Z,1063,1874,Exfiltration,,BenignPositive,,,Url,Related,98799,138268,360606,396,441377,673934,425863,453297,153085,529644,,1631,635,860,2251,3421,881,,289573,117668,3586,,,5,66,,,,242,1445,10630
8589939601,37,190,3710,2024-06-13T08:02:12.000Z,97,1666,Exfiltration,,FalsePositive,,,MailMessage,Impacted,98799,138268,360606,160396,441377,31483,425863,453297,153085,26,,1631,635,860,2251,3421,881,,289573,117668,3586,,,5,66,,,,242,1445,10630
188978562676,21,90501,200071,2024-06-11T01:15:13.000Z,3,4,SuspiciousActivity,,BenignPositive,,,User,Impacted,98799,138268,360606,160396,7920,11880,8039,8587,153085,529644,,1631,635,860,2251,3421,881,,289573,117668,3586,,,5,66,,Suspicious,Suspicious,242,1445,10630
446676601891,73,93303,294856,2024-06-13T19:44:03.000Z,80,40059,Exfiltration,,FalsePositive,,,MailMessage,Impacted,98799,138268,360606,160396,441377,31572,425863,453297,153085,33436,,1631,635,860,2251,3421,881,,289573,117668,3586,,,5,66,,,,242,1445,10630
1245540516524,17,589,91716,2024-06-11T23:27:11.000Z,20,15911,Exfiltration,,FalsePositive,,,Mailbox,Related,98799,138268,360606,160396,441377,2,425863,453297,153085,529644,,1631,635,860,2251,3421,881,,289573,117668,3586,,,5,66,,,,242,1445,10630
1554778164689,231,2860,380926,2024-06-13T14:20:23.000Z,0,0,InitialAccess,T1078;T1078.004,BenignPositive,,,User,Impacted,98799,138268,360606,160396,774,1042,765,826,153085,529644,,1631,635,860,2251,3421,881,,289573,117668,3586,,,5,66,,,,242,1445,10630
1022202219978,2153,90201,1004159,2024-06-17T01:21:58.000Z,0,0,InitialAccess,T1078;T1078.004,FalsePositive,,,User,Impacted,98799,138268,360606,160396,363347,616866,391677,419019,153085,529644,,1631,635,860,2251,3421,881,,289573,117668,3586,,,5,66,,,,242,1445,10630
8589939772,46,263498,228282,2024-06-13T14:00:32.000Z,725,986,Execution,,BenignPositive,,,File,Related,98799,138268,360606,160396,441377,673934,425863,453297,153085,529644,,1631,635,860,2251,3421,881,,3528,1749,3586,,,5,66,,,,242,1445,10630
979252545422,175,178097,1408479,2024-06-13T01:42:08.000Z,9,266,Execution,,BenignPositive,,,User,Impacted,98799,138268,360606,160396,47078,71477,43796,44863,153085,529644,,1631,635,860,2251,3421,881,,289573,117668,3586,,,5,66,,,,242,1445,10630
609885357922,87,294625,279707,2024-06-10T13:27:16.000Z,2,2,CommandAndControl,,FalsePositive,,,User,Impacted,98799,138268,360606,160396,61246,105059,61271,66214,153085,529644,,1631,635,860,2251,3421,881,,289573,117668,3586,,,5,66,,Suspicious,Suspicious,242,1445,10630
111669152793,55,317595,772664,2024-06-10T19:59:34.000Z,2,2,CommandAndControl,,TruePositive,,,Url,Related,98799,138268,360606,16126,441377,673934,425863,453297,153085,529644,,1631,635,860,2251,3421,881,,289573,117668,3586,,,5,66,,Suspicious,Suspicious,242,1445,10630
1142461304980,153,3537,143320,2024-06-14T17:30:03.000Z,3,4,SuspiciousActivity,,TruePositive,,,Ip,Related,98799,138268,4867,160396,441377,673934,425863,453297,153085,529644,,1631,635,860,2251,3421,881,,289573,117668,3586,,,5,66,,Suspicious,Suspicious,242,1445,10630
1486058686271,131,35729,48113,2024-06-13T08:42:07.000Z,6,5,InitialAccess,T1566,BenignPositive,,,User,Impacted,98799,138268,360606,160396,24049,16890,24549,26476,153085,529644,,1631,635,860,2251,3421,881,,289573,117668,3586,,,5,66,,,,242,1445,10630
1606317771803,493,530,763470,2024-06-10T19:19:44.000Z,43,28,Malware,T1027;T1204.002,FalsePositive,,,Machine,Impacted,16140,138268,360606,160396,441377,673934,425863,453297,22888,529644,,1631,635,860,2251,3421,881,,289573,117668,3586,,,0,0,,Suspicious,Suspicious,242,1445,10630
60129543937,0,443,331627,2024-06-07T19:57:21.000Z,7,6,InitialAccess,,TruePositive,,,Ip,Related,98799,138268,985,160396,441377,673934,425863,453297,153085,529644,,1631,635,860,2251,3421,881,,289573,117668,3586,,,5,66,,,,21,80,291
1623497640494,728,85168,767972,2024-06-05T08:01:03.000Z,2,2,CommandAndControl,,BenignPositive,,,Process,Related,98799,7,360606,160396,441377,673934,425863,453297,153085,529644,,1631,635,860,2251,3421,881,,0,2,3586,,,5,66,,Suspicious,Suspicious,242,1445,10630
1632087577026,69,3295,2189,2024-06-07T16:22:18.000Z,968,1612,DefenseEvasion,,BenignPositive,,,User,Impacted,98799,138268,360606,160396,437522,534159,414848,370063,153085,529644,,1631,635,860,2251,3421,881,,289573,117668,3586,,,5,66,,,,242,1445,10630
575525619493,0,98,1307784,2024-06-10T10:37:39.000Z,7,6,InitialAccess,,TruePositive,,,CloudLogonRequest,Related,98799,138268,360606,160396,441377,673934,425863,453297,153085,529644,,1631,635,860,2251,3421,881,,289573,117668,3586,,,5,66,,,,242,1445,10630
1005022348451,16,23025,17128,2024-06-10T21:27:35.000Z,24,348,Exfiltration,,BenignPositive,,,User,Impacted,98799,138268,360606,160396,58841,101730,63741,64610,153085,529644,,1631,635,860,2251,3421,881,,289573,117668,3586,,,5,66,,,,242,1445,10630
652835030879,0,95,877534,2024-06-09T18:06:01.000Z,0,0,InitialAccess,T1078;T1078.004,TruePositive,,,CloudLogonRequest,Related,98799,138268,360606,160396,441377,673934,425863,453297,153085,529644,,1631,635,860,2251,3421,881,,289573,117668,3586,,,5,66,,,,242,1445,10630
1005022349499,13,92213,64988,2024-06-05T13:23:48.000Z,86,2166,Exfiltration,,BenignPositive,,,Machine,Impacted,98799,138268,360606,160396,441377,673934,425863,453297,128355,529644,,1631,635,860,2251,3421,881,,289573,117668,3586,,,5,66,,,,242,1445,10630
8589937955,1086,120688,923106,2024-06-04T08:53:52.000Z,19,15,InitialAccess,,FalsePositive,,,CloudLogonRequest,Related,98799,138268,360606,160396,441377,673934,425863,453297,153085,529644,,1631,635,860,2251,3421,881,,289573,117668,3586,,,5,66,,,,242,1445,10630
1125281435087,2,25615,7293,2024-06-12T06:31:39.000Z,15,13,Exfiltration,,BenignPositive,,,User,Impacted,98799,138268,360606,160396,36068,45484,35735,12,153085,529644,,1631,635,860,2251,3421,881,,289573,117668,3586,,,5,66,,,,242,1445,10630
1297080126189,741,21159,336198,2024-06-03T15:57:13.000Z,5,5043,SuspiciousActivity,,TruePositive,,,User,Impacted,98799,138268,360606,160396,7996,11760,7990,8530,153085,529644,,1631,635,860,2251,3421,881,,289573,117668,3586,,,5,66,,,,242,1445,10630
1297080124260,727,39602,146988,2024-06-13T02:48:35.000Z,1281,2483,CredentialAccess,,BenignPositive,,,OAuthApplication,Related,98799,138268,360606,160396,441377,673934,425863,453297,153085,529644,,1631,635,860,2251,83,21,,289573,117668,3586,,,5,66,,,,242,1445,10630
1580547969337,53,1768,75,2024-06-04T03:22:44.000Z,61,44,InitialAccess,T1190;T1133,FalsePositive,,,Ip,Related,98799,138268,73833,160396,441377,673934,425863,453297,153085,529644,,1631,635,860,2251,3421,881,,289573,117668,3586,,,5,66,,,,242,1445,10630
919123001345,25,45278,12449,2024-06-10T12:19:40.000Z,30,6361,Exfiltration,,BenignPositive,,,MailMessage,Impacted,98799,138268,360606,160396,441377,6792,425863,453297,153085,2604,,1631,635,860,2251,3421,881,,289573,117668,3586,,,5,66,,,,242,1445,10630
575525620819,228,3686,19353,2024-06-08T17:39:32.000Z,1,1,InitialAccess,T1566.002,BenignPositive,,,Mailbox,Impacted,98799,138268,360606,160396,23151,19525,23287,25676,153085,529644,,1631,635,860,2251,3421,881,,289573,117668,3586,,,5,66,,,NoThreatsFound,242,1445,10630
618475291118,77,162223,1438064,2024-06-05T20:56:26.000Z,133,2032,Malware,,BenignPositive,,,Machine,Impacted,30351,138268,360606,160396,441377,673934,425863,453297,41754,529644,,1631,635,860,2251,3421,881,,289573,117668,3586,,,0,0,,Suspicious,Suspicious,242,1445,10630
1692217119799,123,264003,554200,2024-06-04T05:59:32.000Z,73,54,InitialAccess,T1078;T1078.004,TruePositive,,,User,Impacted,98799,138268,360606,160396,413997,507092,363026,354107,153085,529644,,1631,635,860,2251,3421,881,,289573,117668,3586,,,5,66,,,,242,1445,10630
927712940812,38,257932,603277,2024-05-31T08:03:10.000Z,3,4,SuspiciousActivity,,BenignPositive,,,Ip,Related,98799,138268,288256,160396,441377,673934,425863,453297,153085,529644,,1631,635,860,2251,3421,881,,289573,117668,3586,,,5,66,,Suspicious,Suspicious,242,1445,10630
34359740290,45,80566,1480434,2024-06-11T17:59:13.000Z,25,17,InitialAccess,,FalsePositive,,,User,Impacted,98799,138268,360606,160396,74,200,68,83,153085,529644,,1631,635,860,2251,3421,881,,289573,117668,3586,,,5,66,,,,242,1445,10630
42949675224,52,180521,1540585,2024-06-16T05:35:09.000Z,215,88,CredentialAccess,T1110,BenignPositive,,,User,Impacted,98799,138268,360606,160396,441377,673934,425863,93,153085,529644,,1631,635,860,2251,3421,881,,289573,117668,3586,,,5,66,,,,242,1445,10630
1211180781783,386,780,825,2024-06-05T13:21:58.000Z,1,1,InitialAccess,T1566.002,FalsePositive,,,User,Impacted,98799,138268,360606,160396,7493,9614,7436,7955,153085,529644,,1631,635,860,2251,3421,881,,289573,117668,3586,,,5,66,,,,242,1445,10630
755914247614,231,183950,911999,2024-06-09T20:20:22.000Z,0,0,InitialAccess,T1078;T1078.004,FalsePositive,,,User,Impacted,98799,138268,360606,160396,12621,20107,12545,13454,153085,529644,,1631,635,860,2251,3421,881,,289573,117668,3586,,,5,66,,,,242,1445,10630
1700807052576,35,139,1055978,2024-06-08T15:06:10.000Z,4,3,InitialAccess,,TruePositive,,,CloudLogonRequest,Related,98799,138268,360606,160396,441377,673934,425863,453297,153085,529644,,1631,635,860,2251,3421,881,,289573,117668,3586,,,5,66,,,,242,1445,10630
231928236110,13,197077,765829,2024-06-04T15:40:57.000Z,2,2,CommandAndControl,,BenignPositive,,,Url,Related,98799,138268,360606,1834,441377,673934,425863,453297,153085,529644,,1631,635,860,2251,3421,881,,289573,117668,3586,,,5,66,,Suspicious,Suspicious,242,1445,10630
592705490213,928,99755,163859,2024-05-30T08:56:42.000Z,14,12,CredentialAccess,T1110;T1110.003;T1110.001,TruePositive,,,User,Impacted,98799,138268,360606,160396,34700,60382,34979,39001,153085,529644,,1631,635,860,2251,3421,881,,289573,117668,3586,,,5,66,,,,242,1445,10630
1709396987206,2,7540,11024,2024-06-04T20:30:32.000Z,15,13,Exfiltration,,BenignPositive,,,User,Impacted,98799,138268,360606,160396,15896,2362,15680,16616,153085,529644,,1631,635,860,2251,3421,881,,289573,117668,3586,,,5,66,,,,242,1445,10630
103079216882,2366,5748,556650,2024-06-05T00:51:58.000Z,5,49,SuspiciousActivity,,BenignPositive,,,User,Impacted,98799,138268,360606,160396,61896,108857,61872,68042,153085,529644,,1631,635,860,2251,3421,881,,289573,117668,3586,,,5,66,,,,242,1445,10630
1022202219314,34,249632,783655,2024-06-07T23:02:56.000Z,2,2,CommandAndControl,,BenignPositive,,,User,Impacted,98799,138268,360606,160396,30,44,425863,32,153085,529644,,1631,635,860,2251,3421,881,,289573,117668,3586,,,5,66,,Suspicious,Suspicious,242,1445,10630
1477468753132,97,21666,50139,2024-06-09T02:22:32.000Z,1,1,InitialAccess,T1566.002,TruePositive,,,User,Impacted,98799,138268,360606,160396,72953,61357,74665,69828,153085,529644,,1631,635,860,2251,3421,881,,289573,117668,3586,,,5,66,,,,242,1445,10630
1571958032719,223,53324,1130014,2024-06-06T19:36:59.000Z,537,70924,Exfiltration,,BenignPositive,,,MailMessage,Impacted,98799,138268,360606,160396,441377,499487,425863,453297,153085,119184,,1631,635,860,2251,3421,881,,289573,117668,3586,,,5,66,,,,242,1445,10630
180388630468,10,49,684,2024-05-23T16:52:25.000Z,12,893,Impact,,TruePositive,,,Ip,Related,98799,138268,1448,160396,441377,673934,425863,453297,153085,529644,,1631,635,860,2251,3421,881,,289573,117668,3586,,,5,66,,,,242,1445,10630
472446406731,86,900,1157546,2024-06-10T20:44:51.000Z,284,276,Impact,T1640,BenignPositive,,,User,Impacted,98799,138268,360606,160396,441377,673934,425863,678,153085,529644,,1631,635,860,2251,3421,881,,289573,117668,3586,,,5,66,,,,242,1445,10630
858993461662,132,53543,66718,2024-06-08T21:35:59.000Z,1,1,InitialAccess,T1566.002,BenignPositive,,,Url,Related,98799,138268,360606,3316,441377,673934,425863,453297,153085,529644,,1631,635,860,2251,3421,881,,289573,117668,3586,,,5,66,,,Malicious,242,1445,10630
1640677510342,33,5606,3725,2024-06-05T15:14:08.000Z,38,25,Impact,,BenignPositive,,,Url,Related,98799,138268,360606,107829,441377,673934,425863,453297,153085,529644,,1631,635,860,2251,3421,881,,289573,117668,3586,,,5,66,,,,242,1445,10630
1486058686089,26,5523,298110,2024-06-10T16:01:37.000Z,1582,3328,SuspiciousActivity,,BenignPositive,,,User,Impacted,98799,138268,360606,160396,2,13,2,2,153085,529644,,1631,635,860,2251,3421,881,,289573,117668,3586,,,5,66,,,,242,1445,10630
1709396988635,334,80459,232909,2024-06-12T19:46:13.000Z,1,1,InitialAccess,T1566.002,BenignPositive,,,User,Impacted,98799,138268,360606,160396,64537,62997,74117,73478,153085,529644,,1631,635,860,2251,3421,881,,289573,117668,3586,,,5,66,,,,242,1445,10630
1700807051880,8,38246,260951,2024-06-05T20:42:48.000Z,3,4,SuspiciousActivity,,TruePositive,,,Machine,Impacted,14,138268,360606,160396,441377,673934,425863,453297,14,529644,,1631,635,860,2251,3421,881,,289573,117668,3586,,,5,66,,Suspicious,Suspicious,242,1445,10630
188978563521,5,29,1305223,2024-06-05T22:09:46.000Z,0,0,InitialAccess,T1078;T1078.004,TruePositive,,,Ip,Related,98799,138268,94,160396,441377,673934,425863,453297,153085,529644,,1631,635,860,2251,3421,881,,289573,117668,3586,,,5,66,,,,3,5,24
1589137901123,7,5222,1726,2024-05-26T14:49:32.000Z,21,85,Impact,,FalsePositive,,,Ip,Related,98799,138268,11029,160396,441377,673934,425863,453297,153085,529644,,1631,635,860,2251,3421,881,,289573,117668,3586,,,5,66,,,,242,1445,10630
1589137902169,8,8629,719439,2024-06-06T02:57:48.000Z,3,4,SuspiciousActivity,,TruePositive,,,Machine,Impacted,115,138268,360606,160396,441377,673934,425863,453297,750,529644,,1631,635,860,2251,3421,881,,289573,117668,3586,,,5,66,,Suspicious,Suspicious,242,1445,10630
1039382089874,153,827,51988,2024-06-04T14:46:12.000Z,2,2,CommandAndControl,,TruePositive,,,User,Impacted,98799,138268,360606,160396,112230,201168,113327,122116,153085,529644,,1631,635,860,2251,3421,881,,289573,117668,3586,,,5,66,,Suspicious,Suspicious,242,1445,10630
515396075752,11,417449,1008467,2024-06-10T14:21:55.000Z,0,0,InitialAccess,T1078;T1078.004,FalsePositive,,,Ip,Related,98799,138268,11649,160396,441377,673934,425863,453297,153085,529644,,1631,635,860,2251,3421,881,,289573,117668,3586,,,5,66,,,,0,139,661
1047972022994,29,12427,16932,2024-06-04T15:06:31.000Z,101,78,CredentialAccess,,BenignPositive,,,User,Impacted,98799,138268,360606,160396,441377,673934,425863,9948,153085,529644,,1631,635,860,2251,3421,881,,289573,117668,3586,,,5,66,,,,242,1445,10630
60129542823,462,25716,7889,2024-06-13T03:03:50.000Z,458,76,Persistence,T1078;T1098,BenignPositive,,,User,Impacted,98799,138268,360606,160396,441377,63499,425863,40480,153085,529644,,1631,635,860,2251,3421,881,,289573,117668,3586,,,5,66,,,,242,1445,10630
1580547966521,1,44,176518,2024-06-04T09:24:35.000Z,7,6,InitialAccess,,TruePositive,,,User,Impacted,98799,138268,360606,160396,1705,2298,1704,1803,153085,529644,,1631,635,860,2251,3421,881,,289573,117668,3586,,,5,66,,,,242,1445,10630
25769806671,75,37,1201484,2024-06-07T01:54:00.000Z,0,0,InitialAccess,T1078;T1078.004,TruePositive,,,Ip,Related,98799,138268,459,160396,441377,673934,425863,453297,153085,529644,,1631,635,860,2251,3421,881,,289573,117668,3586,,,5,66,,,,1,0,0
1331439863612,0,89,516757,2024-06-08T03:41:02.000Z,0,0,InitialAccess,T1078;T1078.004,TruePositive,,,User,Impacted,98799,138268,360606,160396,4818,6767,4882,5172,153085,529644,,1631,635,860,2251,3421,881,,289573,117668,3586,,,5,66,,,,242,1445,10630
94489285401,38,341437,981474,2024-06-12T01:35:41.000Z,0,0,InitialAccess,T1078;T1078.004,TruePositive,,,CloudLogonRequest,Related,98799,138268,360606,160396,441377,673934,425863,453297,153085,529644,,1631,635,860,2251,3421,881,,289573,117668,3586,,,5,66,,,,242,1445,10630
369367192685,46,458,2444,2024-06-10T06:34:30.000Z,64,42,CommandAndControl,T1568;T1008,BenignPositive,,,Ip,Related,98799,138268,7183,160396,441377,673934,425863,453297,153085,529644,,1631,635,860,2251,3421,881,,289573,117668,3586,,,5,66,,,,242,1445,10630
884763266527,2,4282,7583,2024-06-06T18:01:47.000Z,18,14,Exfiltration,,BenignPositive,,,File,Impacted,98799,138268,360606,160396,441377,673934,425863,453297,153085,529644,,1631,635,860,2251,3421,881,,276803,10880,3586,,,5,66,,,,242,1445,10630
1692217117551,34,250036,473014,2024-06-12T16:24:50.000Z,3,4,SuspiciousActivity,,BenignPositive,,,Ip,Related,98799,138268,3469,160396,441377,673934,425863,453297,153085,529644,,1631,635,860,2251,3421,881,,289573,117668,3586,,,5,66,,Suspicious,Suspicious,242,1445,10630
1133871367940,0,292,390303,2024-06-03T11:05:06.000Z,4,3,InitialAccess,,TruePositive,,,Ip,Related,98799,138268,99,160396,441377,673934,425863,453297,153085,529644,,1631,635,860,2251,3421,881,,289573,117668,3586,,,5,66,,,,8,10,7
1511828490209,23,417,320759,2024-06-06T17:48:31.000Z,0,0,InitialAccess,T1078;T1078.004,TruePositive,,,Ip,Related,98799,138268,199,160396,441377,673934,425863,453297,153085,529644,,1631,635,860,2251,3421,881,,289573,117668,3586,,,5,66,,,,0,22,113
146028891970,109,47805,36159,2024-06-12T00:16:21.000Z,75,14856,Exfiltration,,BenignPositive,,,File,Impacted,98799,138268,360606,160396,441377,673934,425863,453297,153085,529644,,1631,635,860,2251,3421,881,,32778,63870,3586,,,5,66,,,,242,1445,10630
876173331269,34,70763,45013,2024-06-03T08:56:53.000Z,1,1,InitialAccess,T1566.002,BenignPositive,,,MailCluster,Related,98799,138268,360606,160396,441377,673934,425863,453297,153085,529644,,1631,635,860,2251,3421,881,,289573,117668,3586,,,5,66,,,Malicious,242,1445,10630
609885356628,42,2,83049,2024-06-05T10:43:32.000Z,43,28,Malware,T1027;T1204.002,BenignPositive,,,Process,Related,98799,44,360606,160396,441377,673934,425863,453297,153085,529644,,1631,635,860,2251,3421,881,,4,8,3586,,,5,66,,Suspicious,Suspicious,242,1445,10630
601295424398,50,0,312782,2024-06-13T12:23:00.000Z,14,12,CredentialAccess,T1110;T1110.003;T1110.001,TruePositive,,,User,Impacted,98799,138268,360606,160396,8274,12323,8403,8859,153085,529644,,1631,635,860,2251,3421,881,,289573,117668,3586,,,5,66,,,,242,1445,10630
609885356628,42,2,637495,2024-06-05T14:55:56.000Z,275,265,CredentialAccess,T1552.003,BenignPositive,,,File,Related,98799,170,360606,160396,441377,673934,425863,453297,153085,529644,,1631,635,860,2251,3421,881,Mimikatz,135,367,3586,,,5,66,,Suspicious,Malicious,242,1445,10630
1571958033783,2,20718,15353,2024-06-13T02:30:21.000Z,15,13,Exfiltration,,BenignPositive,,,MailMessage,Impacted,98799,138268,360606,160396,441377,18204,425863,453297,153085,100885,,1631,635,860,2251,3421,881,,289573,117668,3586,,,5,66,,,,242,1445,10630
1279900257548,51,70652,134977,2024-06-05T02:32:05.000Z,39,26,Execution,T1559;T1106;T1059.005,BenignPositive,,,User,Related,98799,138268,360606,160396,24165,40658,24599,25657,153085,529644,,1631,635,860,2251,3421,881,,289573,117668,3586,,,5,66,,,,242,1445,10630
893353198615,577,36331,76803,2024-06-03T17:00:20.000Z,43,28,Malware,T1027;T1027.002;T1027.005;T1105;T1204.002,BenignPositive,,,Process,Related,98799,31176,360606,160396,441377,673934,425863,453297,153085,529644,,1631,635,860,2251,3421,881,,42591,24436,3586,,,5,66,,Suspicious,Suspicious,242,1445,10630
1451698949781,12,4866,3456,2024-05-27T13:12:41.000Z,16,376,Impact,,BenignPositive,,,Ip,Related,98799,138268,1184,160396,441377,673934,425863,453297,153085,529644,,1631,635,860,2251,3421,881,,289573,117668,3586,,,5,66,,,,242,1445,10630
343597383694,6,102572,772961,2024-06-04T04:43:35.000Z,2,2,CommandAndControl,,BenignPositive,,,Process,Related,98799,11,360606,160396,441377,673934,425863,453297,153085,529644,,1631,635,860,2251,3421,881,,0,2,3586,,,5,66,,Suspicious,Suspicious,242,1445,10630
1434519079045,119,21606,7496,2024-06-14T13:59:29.000Z,28,19,InitialAccess,T1566,FalsePositive,,,User,Impacted,98799,138268,360606,160396,514,174,508,553,153085,529644,,1631,635,860,2251,3421,881,,289573,117668,3586,,,5,66,,,,242,1445,10630
489626274340,383,725,140008,2024-06-08T22:54:57.000Z,1,1,InitialAccess,T1566.002,FalsePositive,,,MailCluster,Related,98799,138268,360606,160396,441377,673934,425863,453297,153085,529644,2882097539.0,1631,635,860,2251,3421,881,,289573,117668,3586,,,5,66,,,Suspicious,242,1445,10630
695784705462,2,23114,6700,2024-06-06T09:35:05.000Z,18,14,Exfiltration,,BenignPositive,,,MailMessage,Impacted,98799,138268,360606,160396,441377,8,425863,453297,153085,9603,,1631,635,860,2251,3421,881,,289573,117668,3586,,,5,66,,,,242,1445,10630
807453853157,32,85545,306012,2024-06-05T16:07:23.000Z,1790,4089,DefenseEvasion,T1550,BenignPositive,,,Ip,Related,98799,138268,31789,160396,441377,673934,425863,453297,153085,529644,,1631,635,860,2251,3421,881,,289573,117668,3586,,,5,66,,,,242,1445,10630
1340029800039,201,187946,348148,2024-06-13T13:47:14.000Z,5,97,SuspiciousActivity,,BenignPositive,,,User,Impacted,98799,138268,360606,160396,11,23,9,11,153085,529644,,1631,635,860,2251,3421,881,,289573,117668,3586,,,5,66,,,,242,1445,10630
644245099513,96,477020,344677,2024-06-10T18:35:41.000Z,5,109,SuspiciousActivity,,FalsePositive,,,User,Impacted,98799,138268,360606,160396,441377,27833,425863,18119,153085,529644,,1631,635,860,2251,3421,881,,289573,117668,3586,,,5,66,,,,242,1445,10630
1228360648298,21,174412,198175,2024-06-09T06:00:06.000Z,3,4,SuspiciousActivity,,BenignPositive,,,Machine,Impacted,1664,138268,360606,160396,441377,673934,425863,453297,3442,529644,,1631,635,860,2251,3421,881,,289573,117668,3586,,,5,66,,Suspicious,Suspicious,242,1445,10630
1322849929379,13,155312,49253,2024-06-07T20:50:50.000Z,408,435,Exfiltration,,BenignPositive,,,File,Impacted,98799,67220,360606,160396,441377,673934,425863,453297,153085,529644,,1631,635,860,2251,3421,881,,130041,5215,3586,,,5,66,,,,242,1445,10630
77309411872,274,97836,635857,2024-06-11T01:34:06.000Z,87,145,Discovery,T1057;T1059.001,FalsePositive,,,Machine,Impacted,9914,138268,360606,160396,441377,673934,425863,453297,16182,529644,,1631,635,860,2251,3421,881,,289573,117668,3586,,,0,0,,Suspicious,Suspicious,242,1445,10630
1065151890487,140,115532,113571,2024-06-11T17:18:23.000Z,123,14403,Exfiltration,,FalsePositive,,,MailMessage,Impacted,98799,138268,360606,160396,441377,206565,425863,453297,153085,16215,,1631,635,860,2251,3421,881,,289573,117668,3586,,,5,66,,,,242,1445,10630
1219770712694,257,50315,761281,2024-06-12T20:47:41.000Z,274,264,Persistence,T1112;T1547.001,BenignPositive,,,RegistryValue,Related,98799,138268,360606,160396,441377,673934,425863,453297,153085,529644,,22,100,0,2251,3421,881,,289573,117668,3586,,,5,66,,Suspicious,Suspicious,242,1445,10630
721554507385,70,5890,2017,2024-06-14T02:03:31.000Z,1,1,InitialAccess,T1566.002,BenignPositive,,,Mailbox,Impacted,98799,138268,360606,160396,32265,31156,34482,36168,153085,529644,,1631,635,860,2251,3421,881,,289573,117668,3586,,,5,66,,,,242,1445,10630
1013612286823,276,284305,1300551,2024-06-04T00:26:55.000Z,7,6,InitialAccess,,FalsePositive,,,Ip,Related,98799,138268,401,160396,441377,673934,425863,453297,153085,529644,,1631,635,860,2251,3421,881,,289573,117668,3586,,,5,66,,,,1,0,0
919123002972,7,1070,3271,2024-06-02T22:52:32.000Z,22,10,Impact,,BenignPositive,,,Ip,Related,98799,138268,882,160396,441377,673934,425863,453297,153085,529644,,1631,635,860,2251,3421,881,,289573,117668,3586,,,5,66,,,,242,1445,10630
584115556346,20,1816,1392,2024-05-31T15:13:41.000Z,59,10,Impact,,BenignPositive,,,Ip,Related,98799,138268,713,160396,441377,673934,425863,453297,153085,529644,,1631,635,860,2251,3421,881,,289573,117668,3586,,,5,66,,,,242,1445,10630
51539611355,3,193798,699066,2024-06-14T09:29:14.000Z,2,2,CommandAndControl,,BenignPositive,,,Process,Related,98799,12,360606,160396,441377,673934,425863,453297,153085,529644,,1631,635,860,2251,3421,881,,10,13,3586,,,5,66,,Suspicious,Suspicious,242,1445,10630
919123004078,8,9667,262054,2024-06-07T01:45:45.000Z,3,4,SuspiciousActivity,,TruePositive,,,User,Impacted,98799,138268,360606,160396,417,547,408,445,153085,529644,,1631,635,860,2251,3421,881,,289573,117668,3586,,,5,66,,Suspicious,Suspicious,242,1445,10630
1151051239339,1370,69424,304936,2024-06-11T17:28:41.000Z,47,30,InitialAccess,T1566.002,FalsePositive,,,Mailbox,Impacted,98799,138268,360606,160396,48632,196505,48432,53628,153085,529644,,1631,635,860,2251,3421,881,,289573,117668,3586,,,5,66,,,NoThreatsFound,242,1445,10630
1073741824767,494,48660,140067,2024-06-08T19:28:52.000Z,1,1,InitialAccess,T1566.002,BenignPositive,,,Url,Related,98799,138268,360606,402,441377,673934,425863,453297,153085,529644,,1631,635,860,2251,3421,881,,289573,117668,3586,,,5,66,,,NoThreatsFound,242,1445,10630
1305670059887,39,235598,344384,2024-06-10T17:39:47.000Z,9,59,Execution,,TruePositive,,,File,Related,98799,22544,360606,160396,441377,673934,425863,453297,153085,529644,,1631,635,860,2251,3421,881,,27844,117668,3586,,,5,66,,,,242,1445,10630
841813594780,173,48715,269665,2024-06-03T10:44:40.000Z,2,2,CommandAndControl,,TruePositive,,,User,Impacted,98799,138268,360606,160396,35840,60304,35635,37640,153085,529644,,1631,635,860,2251,3421,881,,289573,117668,3586,,,5,66,,Suspicious,Suspicious,242,1445,10630
704374638309,0,94,498459,2024-06-08T08:21:11.000Z,7,6,InitialAccess,,TruePositive,,,Ip,Related,98799,138268,22,160396,441377,673934,425863,453297,153085,529644,,1631,635,860,2251,3421,881,,289573,117668,3586,,,5,66,,,,4,4,16
910533070197,2,10902,16237,2024-06-06T04:27:29.000Z,18,14,Exfiltration,,BenignPositive,,,User,Impacted,98799,138268,360606,160396,12803,7899,12443,13786,153085,529644,,1631,635,860,2251,3421,881,,289573,117668,3586,,,5,66,,,,242,1445,10630
1614907704757,149,30039,363527,2024-06-11T22:52:45.000Z,13,11,InitialAccess,T1566,BenignPositive,,,User,Impacted,98799,138268,360606,160396,290141,199265,236952,301576,153085,529644,,1631,635,860,2251,3421,881,,289573,117668,3586,,,5,66,,,,242,1445,10630
1073741825802,0,315,525859,2024-06-07T15:36:07.000Z,0,0,InitialAccess,T1078;T1078.004,TruePositive,,,Ip,Related,98799,138268,14,160396,441377,673934,425863,453297,153085,529644,,1631,635,860,2251,3421,881,,289573,117668,3586,,,5,66,,,,14,32,30
1623497638143,11,419572,976416,2024-06-11T06:29:19.000Z,4,3,InitialAccess,,FalsePositive,,,Ip,Related,98799,138268,100609,160396,441377,673934,425863,453297,153085,529644,,1631,635,860,2251,3421,881,,289573,117668,3586,,,5,66,,,,7,8,6
790273983148,217,74024,80349,2024-06-13T12:34:58.000Z,1,1,InitialAccess,T1566.002,BenignPositive,,,Url,Related,98799,138268,360606,53021,441377,673934,425863,453297,153085,529644,,1631,635,860,2251,3421,881,,289573,117668,3586,,,5,66,,,Malicious,242,1445,10630
584115554029,45,76823,1297460,2024-06-04T05:44:27.000Z,14,12,CredentialAccess,T1110;T1110.003;T1110.001,BenignPositive,,,Ip,Related,98799,138268,95359,160396,441377,673934,425863,453297,153085,529644,,1631,635,860,2251,3421,881,,289573,117668,3586,,,5,66,,,,2,90,140
1554778163710,1138,70634,216405,2024-06-07T16:34:58.000Z,1835,4252,Discovery,,BenignPositive,,,User,Impacted,98799,138268,360606,160396,292764,384824,279154,255938,153085,529644,,1631,635,860,2251,3421,881,,289573,117668,3586,,,5,66,,,,242,1445,10630
644245096545,271,257,44480,2024-06-11T05:49:14.000Z,144,2393,Exfiltration,,FalsePositive,,,Machine,Impacted,4997,138268,360606,160396,441377,673934,425863,453297,8770,529644,,1631,635,860,2251,3421,881,,289573,117668,3586,,,5,66,,,,242,1445,10630
352187320254,158,10352,15560,2024-06-12T02:47:56.000Z,1,1,InitialAccess,T1566.002,FalsePositive,,,User,Impacted,98799,138268,360606,160396,46972,41445,45744,46505,153085,529644,,1631,635,860,2251,3421,881,,289573,117668,3586,,,5,66,,,,242,1445,10630
283467843350,0,367,69375,2024-06-04T20:46:03.000Z,7,6,InitialAccess,,TruePositive,,,CloudLogonRequest,Related,98799,138268,360606,160396,441377,673934,425863,453297,153085,529644,,1631,635,860,2251,3421,881,,289573,117668,3586,,,5,66,,,,242,1445,10630
850403526513,134,149265,157704,2024-06-10T20:02:31.000Z,1,1,InitialAccess,T1566.002,BenignPositive,,,MailCluster,Related,98799,138268,360606,160396,441377,673934,425863,453297,153085,529644,,1631,635,860,2251,3421,881,,289573,117668,3586,,,5,66,,,Malicious,242,1445,10630
343597385405,296,31432,93181,2024-06-04T11:18:48.000Z,200,176,SuspiciousActivity,,BenignPositive,,,User,Impacted,98799,138268,360606,160396,34938,58383,36137,38295,153085,529644,,1631,635,860,2251,3421,881,,289573,117668,3586,,,5,66,,,,242,1445,10630
249108104923,0,265,1166184,2024-06-02T06:51:42.000Z,14,12,CredentialAccess,T1110;T1110.003;T1110.001,TruePositive,,,Ip,Related,98799,138268,474,160396,441377,673934,425863,453297,153085,529644,,1631,635,860,2251,3421,881,,289573,117668,3586,,,5,66,,,,22,57,181
910533069555,367,97650,511439,2024-06-05T06:50:36.000Z,7,6,InitialAccess,,TruePositive,,,User,Impacted,98799,138268,360606,160396,5668,8097,5678,6115,153085,529644,,1631,635,860,2251,3421,881,,289573,117668,3586,,,5,66,,,,242,1445,10630
1417339211763,10,1988,64,2024-05-27T05:10:56.000Z,12,180,Impact,,TruePositive,,,Ip,Related,98799,138268,2789,160396,441377,673934,425863,453297,153085,529644,,1631,635,860,2251,3421,881,,289573,117668,3586,,,5,66,,,,242,1445,10630
575525619493,0,98,395149,2024-06-10T07:01:03.000Z,4,3,InitialAccess,,TruePositive,,,User,Impacted,98799,138268,360606,160396,2382,3159,2369,2532,153085,529644,,1631,635,860,2251,3421,881,,289573,117668,3586,,,5,66,,,,242,1445,10630
1614907706640,596,7659,286862,2024-06-07T00:38:13.000Z,2,2,CommandAndControl,,BenignPositive,,,Machine,Impacted,12363,138268,360606,160396,441377,673934,425863,453297,20589,529644,,1631,635,860,2251,3421,881,,289573,117668,3586,,,0,0,,Suspicious,Suspicious,242,1445,10630
214748368946,178,795,309193,2024-06-03T17:56:02.000Z,0,0,InitialAccess,T1078;T1078.004,TruePositive,,,CloudLogonRequest,Related,98799,138268,360606,160396,441377,673934,425863,453297,153085,529644,,1631,635,860,2251,3421,881,,289573,117668,3586,,,5,66,,,,242,1445,10630
1391569406172,119,8964,3111,2024-06-14T12:51:47.000Z,28,19,InitialAccess,T1566,FalsePositive,,,MailMessage,Related,98799,138268,360606,160396,441377,113,425863,453297,153085,7349,,1631,635,860,2251,3421,881,,289573,117668,3586,,,5,66,,,,242,1445,10630
266287973884,41,30131,18851,2024-06-12T15:29:06.000Z,32,9012,Exfiltration,,TruePositive,,,File,Impacted,98799,138268,360606,160396,441377,673934,425863,453297,153085,529644,,1631,635,860,2251,3421,881,,105486,0,3586,,,5,66,,,,242,1445,10630
506806144919,20,477,834,2024-06-06T22:30:49.000Z,49,35,CommandAndControl,T1046;T1030;T1071;T1071.001,FalsePositive,,,Ip,Related,98799,138268,32010,160396,441377,673934,425863,453297,153085,529644,,1631,635,860,2251,3421,881,,289573,117668,3586,,,5,66,,,,242,1445,10630
481036338894,0,239,414504,2024-06-07T16:49:10.000Z,4,3,InitialAccess,,TruePositive,,,CloudLogonRequest,Related,98799,138268,360606,160396,441377,673934,425863,453297,153085,529644,,1631,635,860,2251,3421,881,,289573,117668,3586,,,5,66,,,,242,1445,10630
1133871368654,28,227703,1525954,2024-06-03T12:40:31.000Z,25,17,InitialAccess,,TruePositive,,,User,Impacted,98799,138268,360606,160396,2047,1370,2044,2168,153085,529644,,1631,635,860,2251,3421,881,,289573,117668,3586,,,5,66,,,,242,1445,10630
1365799603515,2,3652,2925,2024-06-07T12:19:27.000Z,18,14,Exfiltration,,BenignPositive,,,MailMessage,Impacted,98799,138268,360606,160396,441377,10,425863,453297,153085,10686,,1631,635,860,2251,3421,881,,289573,117668,3586,,,5,66,,,,242,1445,10630
231928237886,14,4097,2954,2024-06-01T00:16:55.000Z,29,20,Impact,,TruePositive,,,Ip,Related,98799,138268,9629,160396,441377,673934,425863,453297,153085,529644,,1631,635,860,2251,3421,881,,289573,117668,3586,,,5,66,,,,242,1445,10630
1425929142524,11,427025,937767,2024-06-13T06:52:03.000Z,0,0,InitialAccess,T1078;T1078.004,FalsePositive,,,CloudLogonRequest,Related,98799,138268,360606,160396,441377,673934,425863,453297,153085,529644,,1631,635,860,2251,3421,881,,289573,117668,3586,,,5,66,,,,242,1445,10630
1005022350348,254,7041,15481,2024-06-04T08:41:18.000Z,208,195,Exfiltration,,BenignPositive,,,User,Impacted,98799,138268,360606,160396,26,39,24,29,153085,529644,,1631,635,860,2251,3421,881,,289573,117668,3586,,,5,66,,,,242,1445,10630
25769806763,124,5123,5463,2024-06-14T04:24:55.000Z,1,1,InitialAccess,T1566.002,FalsePositive,,,File,Related,98799,8741,360606,160396,441377,673934,425863,453297,153085,529644,,1631,635,860,2251,3421,881,,2057,117668,3586,,,5,66,,,,242,1445,10630
429496730004,304,80424,296266,2024-06-05T22:37:29.000Z,856,1228,InitialAccess,T1566,BenignPositive,,,MailCluster,Related,98799,138268,360606,160396,441377,673934,425863,453297,153085,529644,4177197948.0,1631,635,860,2251,3421,881,,289573,117668,3586,,,5,66,,,,242,1445,10630
377957123784,701,186186,680671,2024-06-15T21:34:08.000Z,152,462,SuspiciousActivity,,BenignPositive,,,Ip,Related,98799,138268,225994,160396,441377,673934,425863,453297,153085,529644,,1631,635,860,2251,3421,881,,289573,117668,3586,,,5,66,,,,242,1445,10630
755914247222,121,81684,557966,2024-06-04T21:09:00.000Z,5,66,SuspiciousActivity,,TruePositive,,,CloudApplication,Impacted,98799,138268,360606,160396,441377,673934,425863,453297,153085,529644,,1631,635,860,0,0,881,,289573,117668,3586,,,5,66,,,,242,1445,10630
1322849929250,49,161458,55297,2024-06-06T12:38:09.000Z,3,4,SuspiciousActivity,,TruePositive,,,Ip,Related,98799,138268,105911,160396,441377,673934,425863,453297,153085,529644,,1631,635,860,2251,3421,881,,289573,117668,3586,,,5,66,,Suspicious,Suspicious,242,1445,10630
1546188231773,198,12125,4399,2024-06-13T21:46:04.000Z,119,99,SuspiciousActivity,,BenignPositive,,,User,Impacted,98799,138268,360606,160396,441377,673934,425863,6816,153085,529644,,1631,635,860,2251,3421,881,,289573,117668,3586,,,5,66,,,,242,1445,10630
549755818022,10,2251,46,2024-05-26T09:35:41.000Z,12,178,Impact,,TruePositive,,,Ip,Related,98799,138268,6967,160396,441377,673934,425863,453297,153085,529644,,1631,635,860,2251,3421,881,,289573,117668,3586,,,5,66,,,,242,1445,10630
335007449198,515,1519,31716,2024-06-10T14:55:13.000Z,13,11,InitialAccess,T1566,TruePositive,,,User,Impacted,98799,138268,360606,160396,12883,12294,12482,12716,153085,529644,,1631,635,860,2251,3421,881,,289573,117668,3586,,,5,66,,,,242,1445,10630
1073741825805,0,96,1185886,2024-06-10T04:16:59.000Z,0,0,InitialAccess,T1078;T1078.004,TruePositive,,,Ip,Related,98799,138268,21,160396,441377,673934,425863,453297,153085,529644,,1631,635,860,2251,3421,881,,289573,117668,3586,,,5,66,,,,0,9,18
1400159340454,39,539,7667,2024-06-14T23:38:23.000Z,6,5,InitialAccess,T1566,BenignPositive,,,MailMessage,Related,98799,138268,360606,160396,441377,12094,425863,453297,153085,3914,,1631,635,860,2251,3421,881,,289573,117668,3586,,,5,66,,,,242,1445,10630
274877906944,25,104,22857,2024-06-07T15:07:49.000Z,30,7361,Exfiltration,,BenignPositive,,,MailMessage,Impacted,98799,138268,360606,160396,441377,11858,425863,453297,153085,42514,,1631,635,860,2251,3421,881,,289573,117668,3586,,,5,66,,,,242,1445,10630
1700807050825,41,91697,64353,2024-06-07T16:28:07.000Z,32,21605,Exfiltration,,TruePositive,,,User,Impacted,98799,138268,360606,160396,396624,520150,410600,361753,153085,529644,,1631,635,860,2251,3421,881,,289573,117668,3586,,,5,66,,,,242,1445,10630
386547060218,2,18406,12676,2024-06-14T14:31:34.000Z,15,13,Exfiltration,,BenignPositive,,,MailMessage,Impacted,98799,138268,360606,160396,441377,7555,425863,453297,153085,169851,,1631,635,860,2251,3421,881,,289573,117668,3586,,,5,66,,,,242,1445,10630
1297080125683,349,557,4118,2024-06-07T09:14:26.000Z,31,2699,Malware,,BenignPositive,,,File,Related,98799,19561,360606,160396,441377,673934,425863,453297,153085,529644,,1631,635,860,2251,3421,881,Kuluoz,73744,51869,3586,,,5,66,,Suspicious,Malicious,242,1445,10630
206158430958,127,108,1185894,2024-06-09T04:20:20.000Z,0,0,InitialAccess,T1078;T1078.004,TruePositive,,,CloudLogonRequest,Related,98799,138268,360606,160396,441377,673934,425863,453297,153085,529644,,1631,635,860,2251,3421,881,,289573,117668,3586,,,5,66,,,,242,1445,10630
60129545171,73,32733,20771,2024-06-04T15:37:27.000Z,80,9550,Exfiltration,,FalsePositive,,,MailMessage,Impacted,98799,138268,360606,160396,441377,491921,425863,453297,153085,1433,,1631,635,860,2251,3421,881,,289573,117668,3586,,,5,66,,,,242,1445,10630
1142461304762,57,222814,428866,2024-06-10T16:17:43.000Z,46,546,Exfiltration,,BenignPositive,,,User,Impacted,98799,138268,360606,160396,30688,49249,30220,32574,153085,529644,,1631,635,860,2251,3421,881,,289573,117668,3586,,,5,66,,,,242,1445,10630
77309414966,1190,58973,145157,2024-06-04T08:03:30.000Z,910,32731,Exfiltration,,FalsePositive,,,File,Impacted,98799,138268,360606,160396,441377,673934,425863,453297,153085,529644,,1631,635,860,2251,3421,881,,13288,12876,3586,,,5,66,,,,242,1445,10630
996432412913,11,418034,885767,2024-06-11T04:20:56.000Z,0,0,InitialAccess,T1078;T1078.004,FalsePositive,,,User,Impacted,98799,138268,360606,160396,837,1135,831,892,153085,529644,,1631,635,860,2251,3421,881,,289573,117668,3586,,,5,66,,,,242,1445,10630
532575944919,11,236798,1033352,2024-06-10T08:28:09.000Z,4,3,InitialAccess,,FalsePositive,,,CloudLogonRequest,Related,98799,138268,360606,160396,441377,673934,425863,453297,153085,529644,,1631,635,860,2251,3421,881,,289573,117668,3586,,,5,66,,,,242,1445,10630
910533071148,234,228755,517835,2024-06-09T06:03:58.000Z,7,6,InitialAccess,,TruePositive,,,User,Impacted,98799,138268,360606,160396,441377,673934,288,453297,153085,529644,,1631,635,860,2251,3421,881,,289573,117668,3586,,,5,66,,,,242,1445,10630
584115553259,129,222375,441423,2024-06-04T19:03:49.000Z,104,49897,Exfiltration,,BenignPositive,,,File,Impacted,98799,138268,360606,160396,441377,673934,425863,453297,153085,529644,,1631,635,860,2251,3421,881,,163118,0,3586,,,5,66,,,,242,1445,10630
1425929143976,189,913,82521,2024-06-09T19:39:33.000Z,290,96,DefenseEvasion,T1562,FalsePositive,,,Machine,Impacted,88,138268,360606,160396,441377,673934,425863,453297,590,529644,,1631,635,860,2251,3421,881,,289573,117668,3586,,,5,66,,,,242,1445,10630
283467843350,0,367,43322,2024-06-04T20:38:23.000Z,4,3,InitialAccess,,TruePositive,,,Ip,Related,98799,138268,16361,160396,441377,673934,425863,453297,153085,529644,,1631,635,860,2251,3421,881,,289573,117668,3586,,,5,66,,,,0,118,147
128849018904,6,2062,1150,2024-05-23T03:16:10.000Z,17,183,Impact,,BenignPositive,,,Ip,Related,98799,138268,6366,160396,441377,673934,425863,453297,153085,529644,,1631,635,860,2251,3421,881,,289573,117668,3586,,,5,66,,,,242,1445,10630
1013612282355,151,14313,9699,2024-06-06T12:38:03.000Z,113,91,InitialAccess,,BenignPositive,,,Ip,Related,98799,138268,4614,160396,441377,673934,425863,453297,153085,529644,,1631,635,860,2251,3421,881,,289573,117668,3586,,,5,66,,,,242,1445,10630
1331439863089,578,15285,594572,2024-06-14T23:37:38.000Z,5,1097,SuspiciousActivity,,BenignPositive,,,Ip,Related,98799,138268,16383,160396,441377,673934,425863,453297,153085,529644,,1631,635,860,2251,3421,881,,289573,117668,3586,,Contextual,5,66,,,,242,1445,10630
1666447311459,93,9,0,2024-06-12T01:27:49.000Z,27,18,Discovery,T1087;T1087.002,FalsePositive,,,User,Impacted,98799,138268,360606,160396,275549,673934,425863,325482,153085,529644,,1631,635,860,2251,3421,881,,289573,117668,3586,,Suspicious,5,66,,,,242,1445,10630
1503238555908,102,302,1110708,2024-06-13T23:40:48.000Z,108,80853,Exfiltration,,BenignPositive,,,User,Impacted,98799,138268,360606,160396,27182,44336,27588,29904,153085,529644,,1631,635,860,2251,3421,881,,289573,117668,3586,,,5,66,,,,242,1445,10630
893353199026,237,4162,1357099,2024-06-03T13:28:30.000Z,9,182,Execution,,TruePositive,,,CloudApplication,Impacted,98799,138268,360606,160396,441377,673934,425863,453297,153085,529644,,1631,635,860,6,6,881,,289573,117668,3586,,,5,66,,,,242,1445,10630
1374389536423,1,39,486428,2024-06-04T22:07:39.000Z,7,6,InitialAccess,,TruePositive,,,User,Impacted,98799,138268,360606,160396,578,767,571,617,153085,529644,,1631,635,860,2251,3421,881,,289573,117668,3586,,,5,66,,,,242,1445,10630
1133871367505,159,67554,252273,2024-06-12T05:28:33.000Z,2,2,CommandAndControl,,FalsePositive,,,Process,Related,98799,1,360606,160396,441377,673934,425863,453297,153085,529644,,1631,635,860,2251,3421,881,,1,1,3586,,,5,66,,Suspicious,Suspicious,242,1445,10630
111669152214,5,31,1021820,2024-06-09T23:06:45.000Z,4,3,InitialAccess,,TruePositive,,,CloudLogonRequest,Related,98799,138268,360606,160396,441377,673934,425863,453297,153085,529644,,1631,635,860,2251,3421,881,,289573,117668,3586,,,5,66,,,,242,1445,10630
824633723785,29,162891,59979,2024-06-11T17:51:10.000Z,1,1,InitialAccess,T1566.002,BenignPositive,,,File,Related,98799,44735,360606,160396,441377,673934,425863,453297,153085,529644,,1631,635,860,2251,3421,881,,133,117668,3586,,,5,66,,,,242,1445,10630
369367189989,371,132699,805010,2024-06-14T19:50:14.000Z,252,235,LateralMovement,T1534,BenignPositive,,,User,Impacted,98799,138268,360606,160396,205097,262389,197094,182013,153085,529644,,1631,635,860,2251,3421,881,,289573,117668,3586,,,5,66,,,,242,1445,10630
1434519080226,2,47082,35937,2024-06-06T17:47:33.000Z,15,13,Exfiltration,,BenignPositive,,,User,Impacted,98799,138268,360606,160396,47190,51135,45488,49944,153085,529644,,1631,635,860,2251,3421,881,,289573,117668,3586,,,5,66,,,,242,1445,10630
549755817771,201,260363,590608,2024-06-13T17:56:57.000Z,5,97,SuspiciousActivity,,BenignPositive,,,Ip,Related,98799,138268,80,160396,441377,673934,425863,453297,153085,529644,,1631,635,860,2251,3421,881,,289573,117668,3586,,Contextual,5,66,,,,242,1445,10630
1322849931052,164,6252,4367,2024-05-29T02:02:34.000Z,392,177,Execution,T1059,BenignPositive,,,Machine,Impacted,98799,138268,360606,160396,441377,673934,425863,453297,20632,529644,,1631,635,860,2251,3421,881,,289573,117668,3586,,,5,66,,,,242,1445,10630
1546188228377,45,4868,22385,2024-06-11T14:56:56.000Z,6,5,InitialAccess,T1566,FalsePositive,,,MailCluster,Related,98799,138268,360606,160396,441377,673934,425863,453297,153085,529644,,1631,635,860,2251,3421,881,,289573,117668,3586,,,5,66,,,,242,1445,10630
1537598294928,449,931,1468471,2024-06-10T18:59:14.000Z,11,9,InitialAccess,T1566,FalsePositive,,,MailMessage,Related,98799,138268,360606,160396,441377,295152,425863,453297,153085,522585,,1631,635,860,2251,3421,881,,289573,117668,3586,,,5,66,,,,242,1445,10630
1563368097501,0,195,387745,2024-06-07T09:51:03.000Z,0,0,InitialAccess,T1078;T1078.004,TruePositive,,,CloudLogonSession,Related,98799,138268,360606,160396,441377,673934,425863,453297,153085,529644,,1631,635,860,2251,3421,881,,289573,117668,3586,,,5,66,,,,242,1445,10630
395136991850,43,644,2996,2024-05-21T07:53:38.000Z,52,10,Impact,,BenignPositive,,,Ip,Related,98799,138268,2732,160396,441377,673934,425863,453297,153085,529644,,1631,635,860,2251,3421,881,,289573,117668,3586,,,5,66,,,,242,1445,10630
1340029801268,112,223887,460883,2024-06-14T14:35:04.000Z,6,5,InitialAccess,T1566,BenignPositive,,,MailMessage,Related,98799,138268,360606,160396,441377,9036,425863,453297,153085,253499,,1631,635,860,2251,3421,881,,289573,117668,3586,,,5,66,,,,242,1445,10630
1649267445072,2,11558,7722,2024-06-05T05:10:58.000Z,18,14,Exfiltration,,BenignPositive,,,MailMessage,Impacted,98799,138268,360606,160396,441377,6,425863,453297,153085,34715,,1631,635,860,2251,3421,881,,289573,117668,3586,,,5,66,,,,242,1445,10630
1503238554267,17,21514,132688,2024-06-06T15:57:19.000Z,20,15764,Exfiltration,,FalsePositive,,,Machine,Impacted,98799,138268,360606,160396,441377,673934,425863,453297,2869,529644,,1631,635,860,2251,3421,881,,289573,117668,3586,,,5,66,,,,242,1445,10630
352187319601,44,11528,10478,2024-06-10T15:31:03.000Z,78,57,Exfiltration,,BenignPositive,,,File,Impacted,98799,138268,360606,160396,441377,673934,425863,453297,153085,529644,,1631,635,860,2251,3421,881,,5279,0,3586,,,5,66,,,,242,1445,10630
670014901898,148,20,154380,2024-06-04T05:03:25.000Z,124,14917,Exfiltration,,TruePositive,,,User,Impacted,98799,138268,360606,160396,441377,64158,425863,95,153085,529644,,1631,635,860,2251,3421,881,,289573,117668,3586,,,5,66,,,,242,1445,10630
1116691497700,772,3289,8538,2024-06-03T23:54:54.000Z,350,360,Persistence,T1546.015;T1559.001,BenignPositive,,,RegistryValue,Related,98799,138268,360606,160396,441377,673934,425863,453297,153085,529644,,153,635,0,2251,3421,881,,289573,117668,3586,,,5,66,,Suspicious,Suspicious,242,1445,10630
85899346329,54,310,1720,2024-06-12T07:48:01.000Z,179,24,CredentialAccess,T1110;T1078,BenignPositive,,,Ip,Related,98799,138268,308894,160396,441377,673934,425863,453297,153085,529644,,1631,635,860,2251,3421,881,,289573,117668,3586,,,5,66,,,,242,1445,10630
223338299970,43,14181,19701,2024-05-23T17:19:44.000Z,52,10,Impact,,BenignPositive,,,Ip,Related,98799,138268,259236,160396,441377,673934,425863,453297,153085,529644,,1631,635,860,2251,3421,881,,289573,117668,3586,,,5,66,,,,242,1445,10630
1056561957366,656,229710,1376955,2024-06-06T10:20:42.000Z,9,11473,Execution,,FalsePositive,,,CloudApplication,Impacted,98799,138268,360606,160396,441377,673934,425863,453297,153085,529644,,1631,635,860,2,2,881,,289573,117668,3586,,,5,66,,,,242,1445,10630
1606317769832,16,219414,792737,2024-06-07T19:44:24.000Z,24,66234,Exfiltration,,BenignPositive,,,User,Impacted,98799,138268,360606,160396,176258,325257,195380,206649,153085,529644,,1631,635,860,2251,3421,881,,289573,117668,3586,,,5,66,,,,242,1445,10630
970662613799,256,100433,207955,2024-06-10T18:39:07.000Z,2,2,CommandAndControl,,FalsePositive,,,Process,Related,98799,1,360606,160396,441377,673934,425863,453297,153085,529644,,1631,635,860,2251,3421,881,,1,1,3586,,,5,66,,Suspicious,Suspicious,242,1445,10630
1168231106269,26,6601,636611,2024-06-10T10:04:16.000Z,492,534,CredentialAccess,T1003;T1003.002;T1003.005;T1012,BenignPositive,,,User,Impacted,98799,138268,360606,160396,2,13,2,2,153085,529644,,1631,635,860,2251,3421,881,,289573,117668,3586,,,5,66,,Suspicious,Suspicious,242,1445,10630
197568500464,4,2610,386,2024-05-30T23:11:04.000Z,8,7,InitialAccess,T1133,FalsePositive,,,Machine,Impacted,98799,138268,360606,160396,441377,673934,425863,453297,222,529644,,1631,635,860,2251,3421,881,,289573,117668,3586,,,5,66,,,,242,1445,10630
25769807559,536,497,356840,2024-06-10T10:29:11.000Z,835,4225,Exfiltration,,FalsePositive,,,Machine,Impacted,98799,138268,360606,160396,441377,673934,425863,453297,3959,529644,,1631,635,860,2251,3421,881,,289573,117668,3586,,,5,66,,,,242,1445,10630
51539609388,0,100,1246853,2024-06-12T07:27:45.000Z,7,6,InitialAccess,,TruePositive,,,CloudLogonRequest,Related,98799,138268,360606,160396,441377,673934,425863,453297,153085,529644,,1631,635,860,2251,3421,881,,289573,117668,3586,,,5,66,,,,242,1445,10630
876173332351,756,231086,1402944,2024-06-12T03:40:35.000Z,5,1889,SuspiciousActivity,,,ContainAccount,update stsrefreshtokenvalidfrom timestamp.,User,Impacted,98799,138268,360606,160396,822,1111,816,873,153085,529644,,1631,635,860,2251,3421,881,,289573,117668,3586,,,5,66,,,,242,1445,10630
1047972021687,116,585285,1106897,2024-06-06T13:51:21.000Z,596,74104,Exfiltration,,,ContainAccount,update stsrefreshtokenvalidfrom timestamp.,User,Impacted,98799,138268,360606,160396,13887,22914,13972,15041,153085,529644,,1631,635,860,2251,3421,881,,289573,117668,3586,,,5,66,,,,242,1445,10630
489626273354,41,44285,26866,2024-06-04T13:40:32.000Z,32,11798,Exfiltration,,TruePositive,,,File,Impacted,98799,138268,360606,160396,441377,673934,425863,453297,153085,529644,,1631,635,860,2251,3421,881,,76855,0,3586,,,5,66,,,,242,1445,10630
704374639189,975,59713,1388820,2024-06-09T10:53:55.000Z,5,62,SuspiciousActivity,,FalsePositive,,,CloudApplication,Impacted,98799,138268,360606,160396,441377,673934,425863,453297,153085,529644,,1631,635,860,2,2,881,,289573,117668,3586,,,5,66,,,,242,1445,10630
171798691841,25,103,133600,2024-06-04T10:27:17.000Z,30,629,Exfiltration,,BenignPositive,,,User,Impacted,98799,138268,360606,160396,17937,8645,18037,19497,153085,529644,,1631,635,860,2251,3421,881,,289573,117668,3586,,,5,66,,,,242,1445,10630
1529008358966,41,154069,49437,2024-06-10T14:23:37.000Z,32,10710,Exfiltration,,TruePositive,,,User,Impacted,98799,138268,360606,160396,13512,22611,13363,14869,153085,529644,,1631,635,860,2251,3421,881,,289573,117668,3586,,,5,66,,,,242,1445,10630
549755815560,7,3305,742,2024-05-27T07:21:09.000Z,21,178,Impact,,FalsePositive,,,Ip,Related,98799,138268,912,160396,441377,673934,425863,453297,153085,529644,,1631,635,860,2251,3421,881,,289573,117668,3586,,,5,66,,,,242,1445,10630
1331439865075,51,67752,134651,2024-06-03T22:06:07.000Z,39,26,Execution,T1559;T1106;T1059.005,BenignPositive,,,Process,Related,98799,4,360606,160396,441377,673934,425863,453297,153085,529644,,1631,635,860,2251,3421,881,,3,6,3586,,,5,66,,,,242,1445,10630
884763267171,20,985,33,2024-05-22T00:49:23.000Z,79,743,Impact,,BenignPositive,,,Ip,Related,98799,138268,926,160396,441377,673934,425863,453297,153085,529644,,1631,635,860,2251,3421,881,,289573,117668,3586,,,5,66,,,,242,1445,10630
77309411693,64,22417,17071,2024-06-09T00:08:59.000Z,83,61,InitialAccess,T1190,BenignPositive,,,Ip,Related,98799,138268,6958,160396,441377,673934,425863,453297,153085,529644,,1631,635,860,2251,3421,881,,289573,117668,3586,,,5,66,,,,242,1445,10630
438086668253,10,2304,115,2024-05-26T08:02:17.000Z,12,393,Impact,,TruePositive,,,Ip,Related,98799,138268,18999,160396,441377,673934,425863,453297,153085,529644,,1631,635,860,2251,3421,881,,289573,117668,3586,,,5,66,,,,242,1445,10630
266287972414,67,155041,157560,2024-06-04T00:54:12.000Z,1,1,InitialAccess,T1566.002,BenignPositive,,,Mailbox,Impacted,98799,138268,360606,160396,70033,61590,66524,70389,153085,529644,,1631,635,860,2251,3421,881,,289573,117668,3586,,,5,66,,,NoThreatsFound,242,1445,10630
1563368097503,0,422,413653,2024-06-05T01:50:23.000Z,4,3,InitialAccess,,TruePositive,,,CloudLogonRequest,Related,98799,138268,360606,160396,441377,673934,425863,453297,153085,529644,,1631,635,860,2251,3421,881,,289573,117668,3586,,,5,66,,,,242,1445,10630
1709396985799,399,389,1311880,2024-06-03T06:06:22.000Z,7,6,InitialAccess,,TruePositive,,,User,Impacted,98799,138268,360606,160396,21963,35750,21982,23973,153085,529644,,1631,635,860,2251,3421,881,,289573,117668,3586,,,5,66,,,,242,1445,10630
635655164258,53,6653,2639,2024-06-04T00:55:31.000Z,116,94,InitialAccess,T1190;T1133,FalsePositive,,,Url,Related,98799,138268,360606,47352,441377,673934,425863,453297,153085,529644,,1631,635,860,2251,3421,881,,289573,117668,3586,,,5,66,,,,242,1445,10630
1108101564151,0,418,529054,2024-06-02T23:39:40.000Z,14,12,CredentialAccess,T1110;T1110.003;T1110.001,TruePositive,,,CloudLogonRequest,Related,98799,138268,360606,160396,441377,673934,425863,453297,153085,529644,,1631,635,860,2251,3421,881,,289573,117668,3586,,,5,66,,,,242,1445,10630
1065151891112,0,347,330860,2024-06-09T03:50:34.000Z,14,12,CredentialAccess,T1110;T1110.003;T1110.001,TruePositive,,,User,Impacted,98799,138268,360606,160396,1126,1542,1123,1188,153085,529644,,1631,635,860,2251,3421,881,,289573,117668,3586,,,5,66,,,,242,1445,10630
352187321818,470,21036,157631,2024-06-08T23:13:10.000Z,1,1,InitialAccess,T1566.002,BenignPositive,,,Mailbox,Impacted,98799,138268,360606,160396,69589,64800,65928,77399,153085,529644,,1631,635,860,2251,3421,881,,289573,117668,3586,,,5,66,,,,242,1445,10630
1305670060158,13,24234,16998,2024-06-11T04:59:57.000Z,158,128,Exfiltration,,BenignPositive,,,MailMessage,Impacted,98799,138268,360606,160396,441377,9616,425863,453297,153085,67684,,1631,635,860,2251,3421,881,,289573,117668,3586,,,5,66,,,,242,1445,10630
1683627181809,0,187,184119,2024-06-08T08:12:21.000Z,0,0,InitialAccess,T1078;T1078.004,TruePositive,,,CloudLogonSession,Related,98799,138268,360606,160396,441377,673934,425863,453297,153085,529644,,1631,635,860,2251,3421,881,,289573,117668,3586,,,5,66,,,,242,1445,10630
1151051237171,0,727,168189,2024-06-07T21:06:42.000Z,7,6,InitialAccess,,TruePositive,,,Ip,Related,98799,138268,284,160396,441377,673934,425863,453297,153085,529644,,1631,635,860,2251,3421,881,,289573,117668,3586,,,5,66,,,,39,62,58
996432416605,353,503089,311056,2024-06-03T13:49:02.000Z,7,6,InitialAccess,,TruePositive,,,Ip,Related,98799,138268,59,160396,441377,673934,425863,453297,153085,529644,,1631,635,860,2251,3421,881,,289573,117668,3586,,,5,66,,,,1,0,0
326417515309,177,370679,466684,2024-06-03T10:33:07.000Z,193,271,SuspiciousActivity,,TruePositive,,,User,Impacted,98799,138268,360606,160396,441377,673934,425863,215,153085,529644,,1631,635,860,2251,3421,881,,289573,117668,3586,,,5,66,,,,242,1445,10630
1425929143976,189,913,61881,2024-06-11T19:07:20.000Z,290,96,DefenseEvasion,T1562,FalsePositive,,,Machine,Impacted,96,138268,360606,160396,441377,673934,425863,453297,615,529644,,1631,635,860,2251,3421,881,,289573,117668,3586,,,5,66,,,,242,1445,10630
111669151584,45,3058,22241,2024-06-11T19:37:24.000Z,6,5,InitialAccess,T1566,FalsePositive,,,MailMessage,Related,98799,138268,360606,160396,441377,1,425863,453297,153085,5409,,1631,635,860,2251,3421,881,,289573,117668,3586,,,5,66,,,,242,1445,10630
180388627132,120,352,92721,2024-06-03T19:27:59.000Z,84,2743,Exfiltration,,BenignPositive,,,MailMessage,Impacted,98799,138268,360606,160396,441377,37078,425863,453297,153085,12780,,1631,635,860,2251,3421,881,,289573,117668,3586,,,5,66,,,,242,1445,10630
1245540516640,952,5618,40812,2024-06-03T09:59:41.000Z,1,1,InitialAccess,T1566.002,TruePositive,,,Url,Related,98799,138268,360606,3227,441377,673934,425863,453297,153085,529644,,1631,635,860,2251,3421,881,,289573,117668,3586,,,5,66,,,Malicious,242,1445,10630
893353201768,86,141525,257731,2024-06-12T21:53:37.000Z,2,2,CommandAndControl,,BenignPositive,,,Process,Related,98799,17,360606,160396,441377,673934,425863,453297,153085,529644,,1631,635,860,2251,3421,881,,0,2,3586,,,5,66,,Suspicious,Suspicious,242,1445,10630
377957122674,93,42623,82870,2024-06-13T19:49:31.000Z,27,18,Discovery,T1087;T1087.002,TruePositive,,,User,Impacted,98799,138268,360606,160396,190420,673934,425863,184575,153085,529644,,1631,635,860,2251,3421,881,,289573,117668,3586,,Suspicious,5,66,,,,242,1445,10630
257698039112,193,35927,419924,2024-06-04T16:31:29.000Z,44,114,UnwantedSoftware,,BenignPositive,,,User,Impacted,98799,138268,360606,160396,1322,1649,1248,1314,153085,529644,,1631,635,860,2251,3421,881,,289573,117668,3586,,,5,66,,Suspicious,Suspicious,242,1445,10630
128849021600,29,3109,631,2024-06-08T17:43:45.000Z,54,33,Persistence,T1078;T1098,BenignPositive,,,User,Impacted,98799,138268,360606,160396,441377,211428,425863,132864,153085,529644,,1631,635,860,2251,3421,881,,289573,117668,3586,,,5,66,,,,242,1445,10630
343597385394,7,6009,2041,2024-05-31T16:23:36.000Z,22,10,Impact,,FalsePositive,,,Ip,Related,98799,138268,2599,160396,441377,673934,425863,453297,153085,529644,,1631,635,860,2251,3421,881,,289573,117668,3586,,,5,66,,,,242,1445,10630
369367187499,6,2466,241,2024-05-26T15:29:53.000Z,17,748,Impact,,BenignPositive,,,Ip,Related,98799,138268,854,160396,441377,673934,425863,453297,153085,529644,,1631,635,860,2251,3421,881,,289573,117668,3586,,,5,66,,,,242,1445,10630
1537598294001,158,55352,19949,2024-06-04T10:11:21.000Z,278,9239,Exfiltration,,BenignPositive,,,MailMessage,Impacted,98799,138268,360606,160396,441377,295135,425863,453297,153085,1617,,1631,635,860,2251,3421,881,,289573,117668,3586,,,5,66,,,,242,1445,10630
128849020715,175,50659,1367599,2024-06-05T01:17:40.000Z,9,266,Execution,,BenignPositive,,,CloudApplication,Impacted,98799,138268,360606,160396,441377,673934,425863,453297,153085,529644,,1631,635,860,2,2,881,,289573,117668,3586,,,5,66,,,,242,1445,10630
1340029799668,492,29057,50540,2024-06-06T21:22:15.000Z,1,1,InitialAccess,T1566.002,TruePositive,,,File,Related,98799,5795,360606,160396,441377,673934,425863,453297,153085,529644,,1631,635,860,2251,3421,881,,56,117668,3586,,,5,66,,,,242,1445,10630
1391569405721,0,120,1174308,2024-06-14T00:55:07.000Z,0,0,InitialAccess,T1078;T1078.004,TruePositive,,,User,Impacted,98799,138268,360606,160396,2462,3253,2480,2599,153085,529644,,1631,635,860,2251,3421,881,,289573,117668,3586,,,5,66,,,,242,1445,10630
266287976121,3,63760,709381,2024-06-15T14:16:31.000Z,2,2,CommandAndControl,,BenignPositive,,,User,Impacted,98799,138268,360606,160396,27683,43917,27373,29568,153085,529644,,1631,635,860,2251,3421,881,,289573,117668,3586,,,5,66,,Suspicious,Suspicious,242,1445,10630
1151051237162,0,890,400556,2024-06-03T04:06:16.000Z,0,0,InitialAccess,T1078;T1078.004,TruePositive,,,CloudLogonSession,Related,98799,138268,360606,160396,441377,673934,425863,453297,153085,529644,,1631,635,860,2251,3421,881,,289573,117668,3586,,,5,66,,,,242,1445,10630
1202590844439,731,120778,737087,2024-06-11T18:07:29.000Z,2,2,CommandAndControl,,BenignPositive,,,User,Impacted,98799,138268,360606,160396,206641,388492,232759,273055,153085,529644,,1631,635,860,2251,3421,881,,289573,117668,3586,,,5,66,,Suspicious,Suspicious,242,1445,10630
154618823232,1438,391585,826215,2024-06-14T00:01:23.000Z,0,0,InitialAccess,T1078;T1078.004,FalsePositive,,,CloudLogonRequest,Related,98799,138268,360606,160396,441377,673934,425863,453297,153085,529644,,1631,635,860,2251,3421,881,,289573,117668,3586,,,5,66,,,,242,1445,10630
773094114070,177,312616,274874,2024-06-06T15:55:56.000Z,2,2,CommandAndControl,,FalsePositive,,,Url,Related,98799,138268,360606,2449,441377,673934,425863,453297,153085,529644,,1631,635,860,2251,3421,881,,289573,117668,3586,,,5,66,,Suspicious,Suspicious,242,1445,10630
738734376335,2795,1877,289408,2024-06-03T21:12:07.000Z,1173,485,InitialAccess,,TruePositive,,,AzureResource,Impacted,10494,138268,360606,160396,441377,673934,425863,453297,7210,529644,,1631,635,860,2251,3421,881,,289573,117668,109,Virtual Machine,,5,66,,,,242,1445,10630
1219770716144,20,1862,1410,2024-06-02T04:47:40.000Z,79,58,Impact,,BenignPositive,,,Ip,Related,98799,138268,6378,160396,441377,673934,425863,453297,153085,529644,,1631,635,860,2251,3421,881,,289573,117668,3586,,,5,66,,,,242,1445,10630
412316863127,95,7044,879175,2024-06-12T15:31:13.000Z,4,3,InitialAccess,,FalsePositive,,,User,Impacted,98799,138268,360606,160396,104836,153481,88676,97183,153085,529644,,1631,635,860,2251,3421,881,,289573,117668,3586,,,5,66,,,,242,1445,10630
1391569407302,59,519373,1483316,2024-06-14T08:13:20.000Z,11,9,InitialAccess,T1566,BenignPositive,,,Mailbox,Impacted,98799,138268,360606,160396,142487,244367,142786,148532,153085,529644,,1631,635,860,2251,3421,881,,289573,117668,3586,,,5,66,,,,242,1445,10630
1374389538163,101,4798,368940,2024-06-04T01:54:06.000Z,1972,4790,LateralMovement,T1534;T1564.008,TruePositive,,,Ip,Related,98799,138268,2689,160396,441377,673934,425863,453297,153085,529644,,1631,635,860,2251,3421,881,,289573,117668,3586,,,5,66,,,,242,1445,10630
1219770715891,12,2330,1224,2024-05-21T06:53:47.000Z,16,41,Impact,,BenignPositive,,,Ip,Related,98799,138268,33781,160396,441377,673934,425863,453297,153085,529644,,1631,635,860,2251,3421,881,,289573,117668,3586,,,5,66,,,,242,1445,10630
283467844262,40,315513,709764,2024-06-12T18:45:11.000Z,2,2,CommandAndControl,,BenignPositive,,,Machine,Impacted,15553,138268,360606,160396,441377,673934,425863,453297,23566,529644,,1631,635,860,2251,3421,881,,289573,117668,3586,,,0,0,,Suspicious,Suspicious,242,1445,10630
584115552383,11,397727,920999,2024-06-03T09:35:22.000Z,0,0,InitialAccess,T1078;T1078.004,FalsePositive,,,CloudLogonRequest,Related,98799,138268,360606,160396,441377,673934,425863,453297,153085,529644,,1631,635,860,2251,3421,881,,289573,117668,3586,,,5,66,,,,242,1445,10630
1537598292771,500,40423,207177,2024-06-17T01:13:29.000Z,2,2,CommandAndControl,,BenignPositive,,,User,Impacted,98799,138268,360606,160396,80669,133577,84866,83880,153085,529644,,1631,635,860,2251,3421,881,,289573,117668,3586,,,5,66,,Suspicious,Suspicious,242,1445,10630
1176821041959,29,143582,232828,2024-06-08T22:16:03.000Z,1,1,InitialAccess,T1566.002,BenignPositive,,,User,Impacted,98799,138268,360606,160396,137450,124189,124900,133879,153085,529644,,1631,635,860,2251,3421,881,,289573,117668,3586,,,5,66,,,,242,1445,10630
601295425685,1437,50663,484342,2024-06-09T10:20:48.000Z,682,914,Persistence,T1098;T1136;T1136.002,BenignPositive,,,SecurityGroup,Related,98799,138268,360606,160396,441377,673934,425863,453297,153085,529644,,1631,635,860,2251,3421,881,,289573,117668,3586,,Suspicious,5,66,,,,242,1445,10630
1073741827503,261,19579,17005,2024-06-13T20:21:05.000Z,183,154,Exfiltration,,BenignPositive,,,MailMessage,Impacted,98799,138268,360606,160396,441377,423370,425863,453297,153085,31454,,1631,635,860,2251,3421,881,,289573,117668,3586,,,5,66,,,,242,1445,10630
987842483055,37,52,30740,2024-06-12T16:06:48.000Z,70,13113,Exfiltration,,FalsePositive,,,MailMessage,Impacted,98799,138268,360606,160396,441377,15623,425863,453297,153085,2987,,1631,635,860,2251,3421,881,,289573,117668,3586,,,5,66,,,,242,1445,10630
171798695380,852,850,11258,2024-06-05T14:27:56.000Z,623,24,CredentialAccess,,TruePositive,,,Ip,Related,98799,138268,356252,160396,441377,673934,425863,453297,153085,529644,,1631,635,860,2251,3421,881,,289573,117668,3586,,,5,66,,,,242,1445,10630
953482741333,1,32,514340,2024-06-09T10:53:43.000Z,7,6,InitialAccess,,TruePositive,,,User,Impacted,98799,138268,360606,160396,3302,4405,3290,3476,153085,529644,,1631,635,860,2251,3421,881,,289573,117668,3586,,,5,66,,,,242,1445,10630
670014900390,349,28820,1433922,2024-06-16T16:38:43.000Z,31,64819,Malware,,BenignPositive,,,File,Related,98799,34797,360606,160396,441377,673934,425863,453297,153085,529644,,1631,635,860,2251,3421,881,Dofoil,282526,1810,3586,,,5,66,,Suspicious,Malicious,242,1445,10630
25769806198,223,114841,294380,2024-06-06T20:32:05.000Z,537,42683,Exfiltration,,BenignPositive,,,User,Impacted,98799,138268,360606,160396,19126,10093,18727,19933,153085,529644,,1631,635,860,2251,3421,881,,289573,117668,3586,,,5,66,,,,242,1445,10630
1649267445069,2,3789,3089,2024-06-04T18:00:05.000Z,15,13,Exfiltration,,BenignPositive,,,MailMessage,Impacted,98799,138268,360606,160396,441377,5,425863,453297,153085,15145,,1631,635,860,2251,3421,881,,289573,117668,3586,,,5,66,,,,242,1445,10630
377957123715,866,182048,215235,2024-06-06T20:24:26.000Z,972,37981,Exfiltration,,BenignPositive,,,File,Impacted,98799,138268,360606,160396,441377,673934,425863,453297,153085,529644,,1631,635,860,2251,3421,881,,52177,4366,3586,,,5,66,,,,242,1445,10630
695784705999,14,3807,2800,2024-05-21T23:50:03.000Z,29,20,Impact,,TruePositive,,,Ip,Related,98799,138268,1948,160396,441377,673934,425863,453297,153085,529644,,1631,635,860,2251,3421,881,,289573,117668,3586,,,5,66,,,,242,1445,10630
1374389535421,22,146,318537,2024-06-05T14:19:07.000Z,100,77,InitialAccess,,TruePositive,,,Ip,Related,98799,138268,456,160396,441377,673934,425863,453297,153085,529644,,1631,635,860,2251,3421,881,,289573,117668,3586,,,5,66,,,,47,71,73
584115553871,7,3426,791,2024-06-01T03:42:47.000Z,21,130,Impact,,FalsePositive,,,Ip,Related,98799,138268,4822,160396,441377,673934,425863,453297,153085,529644,,1631,635,860,2251,3421,881,,289573,117668,3586,,,5,66,,,,242,1445,10630
927712940997,614,76829,610747,2024-06-06T13:09:08.000Z,3,4,SuspiciousActivity,,BenignPositive,,,Process,Related,98799,0,360606,160396,441377,673934,425863,453297,153085,529644,,1631,635,860,2251,3421,881,,0,42515,3586,,,5,66,,Suspicious,Suspicious,242,1445,10630
644245096174,0,81,386367,2024-06-04T22:55:56.000Z,4,3,InitialAccess,,TruePositive,,,User,Impacted,98799,138268,360606,160396,250,343,242,276,153085,529644,,1631,635,860,2251,3421,881,,289573,117668,3586,,,5,66,,,,242,1445,10630
1082331762351,3,112383,199531,2024-06-10T12:34:49.000Z,3,4,SuspiciousActivity,,BenignPositive,,,Machine,Impacted,4383,138268,360606,160396,441377,673934,425863,453297,7833,529644,,1631,635,860,2251,3421,881,,289573,117668,3586,,,5,66,,Suspicious,Suspicious,242,1445,10630
180388630089,3,191435,283438,2024-06-04T10:39:58.000Z,2,2,CommandAndControl,,BenignPositive,,,Machine,Impacted,1477,138268,360606,160396,441377,673934,425863,453297,3143,529644,,1631,635,860,2251,3421,881,,289573,117668,3586,,,0,0,,Suspicious,Suspicious,242,1445,10630
944892806406,358,74242,148248,2024-06-12T23:35:26.000Z,1,1,InitialAccess,T1566.002,FalsePositive,,,MailMessage,Related,98799,138268,360606,160396,441377,15331,425863,453297,153085,69427,,1631,635,860,2251,3421,881,,289573,117668,3586,,,5,66,Inbound,,Malicious,242,1445,10630
1108101564151,0,418,526713,2024-06-02T04:35:47.000Z,7,6,InitialAccess,,TruePositive,,,CloudLogonRequest,Related,98799,138268,360606,160396,441377,673934,425863,453297,153085,529644,,1631,635,860,2251,3421,881,,289573,117668,3586,,,5,66,,,,242,1445,10630
42949674827,163,241,47340,2024-06-13T11:43:20.000Z,406,1844,Exfiltration,,BenignPositive,,,User,Impacted,98799,138268,360606,160396,4840,6798,4842,5188,153085,529644,,1631,635,860,2251,3421,881,,289573,117668,3586,,,5,66,,,,242,1445,10630
919123005247,756,2218,388115,2024-06-11T15:49:44.000Z,4,3,InitialAccess,,FalsePositive,,,CloudLogonRequest,Related,98799,138268,360606,160396,441377,673934,425863,453297,153085,529644,,1631,635,860,2251,3421,881,,289573,117668,3586,,,5,66,,,,242,1445,10630
498216211227,38,455125,1312758,2024-06-05T00:54:44.000Z,0,0,InitialAccess,T1078;T1078.004,TruePositive,,,Ip,Related,98799,138268,12245,160396,441377,673934,425863,453297,153085,529644,,1631,635,860,2251,3421,881,,289573,117668,3586,,,5,66,,,,0,3,15
1056561956622,0,90,1335189,2024-06-06T23:46:13.000Z,7,6,InitialAccess,,TruePositive,,,CloudLogonRequest,Related,98799,138268,360606,160396,441377,673934,425863,453297,153085,529644,,1631,635,860,2251,3421,881,,289573,117668,3586,,,5,66,,,,242,1445,10630
506806141738,61,34630,582474,2024-06-11T15:29:43.000Z,5,31,SuspiciousActivity,,BenignPositive,,,CloudApplication,Impacted,98799,138268,360606,160396,441377,673934,425863,453297,153085,529644,,1631,635,860,0,0,881,,289573,117668,3586,,,5,66,,,,242,1445,10630
292057781094,197,243704,473152,2024-06-13T04:37:29.000Z,3,1824,SuspiciousActivity,,TruePositive,,,Ip,Related,98799,138268,77257,160396,441377,673934,425863,453297,153085,529644,,1631,635,860,2251,3421,881,,289573,117668,3586,,,5,66,,Suspicious,Suspicious,242,1445,10630
901943134387,13,47526,7799,2024-06-14T22:29:08.000Z,371,4448,Exfiltration,,BenignPositive,,,File,Impacted,98799,138268,360606,160396,441377,673934,425863,453297,153085,529644,,1631,635,860,2251,3421,881,,28260,5663,3586,,,5,66,,,,242,1445,10630
506806144722,12,1858,1130,2024-05-24T17:55:54.000Z,16,1421,Impact,,BenignPositive,,,Ip,Related,98799,138268,318,160396,441377,673934,425863,453297,153085,529644,,1631,635,860,2251,3421,881,,289573,117668,3586,,,5,66,,,,242,1445,10630
1073741825802,0,315,402882,2024-06-07T04:16:35.000Z,4,3,InitialAccess,,TruePositive,,,CloudLogonRequest,Related,98799,138268,360606,160396,441377,673934,425863,453297,153085,529644,,1631,635,860,2251,3421,881,,289573,117668,3586,,,5,66,,,,242,1445,10630
635655163898,10,185,254,2024-05-26T20:46:34.000Z,12,684,Impact,,TruePositive,,,Ip,Related,98799,138268,130794,160396,441377,673934,425863,453297,153085,529644,,1631,635,860,2251,3421,881,,289573,117668,3586,,,5,66,,,,242,1445,10630
1503238555908,102,302,1110848,2024-06-14T05:35:55.000Z,108,72130,Exfiltration,,BenignPositive,,,Machine,Impacted,8895,138268,360606,160396,441377,673934,425863,453297,14527,529644,,1631,635,860,2251,3421,881,,289573,117668,3586,,,5,66,,,,242,1445,10630
498216208134,26,1662,2062,2024-06-12T18:49:11.000Z,334,337,SuspiciousActivity,,BenignPositive,,,Ip,Related,98799,138268,174078,160396,441377,673934,425863,453297,153085,529644,,1631,635,860,2251,3421,881,,289573,117668,3586,,,5,66,,,,242,1445,10630
1073741828191,86,441539,674464,2024-06-06T22:41:45.000Z,284,276,Impact,T1640,BenignPositive,,,Machine,Impacted,98799,138268,360606,160396,441377,673934,425863,453297,1417,529644,,1631,635,860,2251,3421,881,,289573,117668,3586,,,5,66,,,,242,1445,10630
42949674740,0,130,869381,2024-06-09T11:31:41.000Z,0,0,InitialAccess,T1078;T1078.004,TruePositive,,,User,Impacted,98799,138268,360606,160396,4108,5628,4099,4399,153085,529644,,1631,635,860,2251,3421,881,,289573,117668,3586,,,5,66,,,,242,1445,10630
1065151893449,24,14489,345089,2024-06-11T02:52:56.000Z,5,21,SuspiciousActivity,,TruePositive,,,User,Impacted,98799,138268,360606,160396,4839,6826,4818,5213,153085,529644,,1631,635,860,2251,3421,881,,289573,117668,3586,,,5,66,,,,242,1445,10630
1374389538794,10,1777,132,2024-05-26T01:42:22.000Z,12,734,Impact,,TruePositive,,,Ip,Related,98799,138268,9769,160396,441377,673934,425863,453297,153085,529644,,1631,635,860,2251,3421,881,,289573,117668,3586,,,5,66,,,,242,1445,10630
335007453704,91,242778,438586,2024-06-05T04:25:34.000Z,2368,48733,Exfiltration,,BenignPositive,,,User,Impacted,98799,138268,360606,160396,50733,83050,48372,52103,153085,529644,,1631,635,860,2251,3421,881,,289573,117668,3586,,,5,66,,,,242,1445,10630
824633723860,75,478,812220,2024-06-03T00:45:35.000Z,0,0,InitialAccess,T1078;T1078.004,TruePositive,,,Ip,Related,98799,138268,229267,160396,441377,673934,425863,453297,153085,529644,,1631,635,860,2251,3421,881,,289573,117668,3586,,,5,66,,,,0,18,99
1185410975377,1,491,172982,2024-06-05T02:22:47.000Z,4,3,InitialAccess,,TruePositive,,,Ip,Related,98799,138268,10485,160396,441377,673934,425863,453297,153085,529644,,1631,635,860,2251,3421,881,,289573,117668,3586,,,5,66,,,,11,1445,10630
1571958030941,42,171919,1138521,2024-06-03T14:08:58.000Z,5863,47097,DefenseEvasion,T1562.010,BenignPositive,,,Process,Related,98799,57,360606,160396,441377,673934,425863,453297,153085,529644,,1631,635,860,2251,3421,881,,5,0,3586,,,5,66,,,,242,1445,10630
420906796303,117,71,864034,2024-06-04T16:31:48.000Z,4,3,InitialAccess,,TruePositive,,,Ip,Related,98799,138268,9228,160396,441377,673934,425863,453297,153085,529644,,1631,635,860,2251,3421,881,,289573,117668,3586,,,5,66,,,,50,1445,10630
773094117644,281,16722,25035,2024-06-09T07:57:23.000Z,1,1,InitialAccess,T1566.002,BenignPositive,,,Url,Related,98799,138268,360606,1670,441377,673934,425863,453297,153085,529644,,1631,635,860,2251,3421,881,,289573,117668,3586,,,5,66,,,Malicious,242,1445,10630
910533071423,301,19841,147344,2024-06-09T06:29:04.000Z,1,1,InitialAccess,T1566.002,BenignPositive,,,Mailbox,Impacted,98799,138268,360606,160396,157478,125483,144418,137386,153085,529644,,1631,635,860,2251,3421,881,,289573,117668,3586,,,5,66,,,,242,1445,10630
25769808822,200,142943,1492478,2024-06-14T11:07:46.000Z,25,17,InitialAccess,,FalsePositive,,,Mailbox,Impacted,98799,138268,360606,160396,152218,168969,126504,160693,153085,529644,,1631,635,860,2251,3421,881,,289573,117668,3586,,,5,66,,,,242,1445,10630
1219770714158,980,11657,66673,2024-06-11T16:08:32.000Z,10,8,InitialAccess,T1566.001,TruePositive,,,MailCluster,Related,98799,138268,360606,160396,441377,673934,425863,453297,153085,529644,4176894990.0,1631,635,860,2251,3421,881,,289573,117668,3586,,,5,66,,,Malicious,242,1445,10630
627065229199,57,222928,289635,2024-06-13T17:02:10.000Z,46,550,Exfiltration,,BenignPositive,,,File,Impacted,98799,138268,360606,160396,441377,673934,425863,453297,153085,529644,,1631,635,860,2251,3421,881,,2469,2188,3586,,,5,66,,,,242,1445,10630
1391569408744,38,219307,385544,2024-06-13T16:35:53.000Z,19,15,InitialAccess,,TruePositive,,,CloudLogonSession,Related,98799,138268,360606,160396,441377,673934,425863,453297,153085,529644,,1631,635,860,2251,3421,881,,289573,117668,3586,,,5,66,,,,242,1445,10630
8589935127,283,335,899325,2024-06-12T11:10:13.000Z,0,0,InitialAccess,T1078;T1078.004,TruePositive,,,Ip,Related,98799,138268,12297,160396,441377,673934,425863,453297,153085,529644,,1631,635,860,2251,3421,881,,289573,117668,3586,,,5,66,,,,0,22,41
1486058686723,48,81720,560084,2024-06-05T20:47:43.000Z,81,802,SuspiciousActivity,,BenignPositive,,,Ip,Related,98799,138268,1545,160396,441377,673934,425863,453297,153085,529644,,1631,635,860,2251,3421,881,,289573,117668,3586,,Contextual,5,66,,,,242,1445,10630
214748368219,183,256749,1122863,2024-06-05T10:14:15.000Z,242,73104,Exfiltration,,BenignPositive,,,User,Impacted,98799,138268,360606,160396,916,1246,906,832,153085,529644,,1631,635,860,2251,3421,881,,289573,117668,3586,,,5,66,,,,242,1445,10630
893353200414,34,333137,761407,2024-06-13T19:08:14.000Z,2,2,CommandAndControl,,BenignPositive,,,Machine,Impacted,13847,138268,360606,160396,441377,673934,425863,453297,18722,529644,,1631,635,860,2251,3421,881,,289573,117668,3586,,,0,0,,Suspicious,Suspicious,242,1445,10630
1460288882288,1,3335,504634,2024-06-04T13:05:25.000Z,0,0,InitialAccess,T1078;T1078.004,TruePositive,,,Ip,Related,98799,138268,260,160396,441377,673934,425863,453297,153085,529644,,1631,635,860,2251,3421,881,,289573,117668,3586,,,5,66,,,,9,33,32
206158431934,0,616,309879,2024-06-03T10:46:02.000Z,7,6,InitialAccess,,TruePositive,,,User,Impacted,98799,138268,360606,160396,1953,2624,1955,2080,153085,529644,,1631,635,860,2251,3421,881,,289573,117668,3586,,,5,66,,,,242,1445,10630
901943132219,6,168116,629074,2024-06-15T17:24:35.000Z,3,4,SuspiciousActivity,,BenignPositive,,,Machine,Impacted,2470,138268,360606,160396,441377,673934,425863,453297,4734,529644,,1631,635,860,2251,3421,881,,289573,117668,3586,,,5,66,,Suspicious,Suspicious,242,1445,10630
300647711124,160,292931,271890,2024-06-05T14:18:43.000Z,2,2,CommandAndControl,,FalsePositive,,,Url,Related,98799,138268,360606,108,441377,673934,425863,453297,153085,529644,,1631,635,860,2251,3421,881,,289573,117668,3586,,,5,66,,Suspicious,Suspicious,242,1445,10630
1675037245520,6,2496,1510,2024-06-01T16:50:55.000Z,17,82,Impact,,BenignPositive,,,Ip,Related,98799,138268,10238,160396,441377,673934,425863,453297,153085,529644,,1631,635,860,2251,3421,881,,289573,117668,3586,,,5,66,,,,242,1445,10630
790273985184,8,10495,197935,2024-06-09T00:37:31.000Z,3,4,SuspiciousActivity,,TruePositive,,,Ip,Related,98799,138268,7421,160396,441377,673934,425863,453297,153085,529644,,1631,635,860,2251,3421,881,,289573,117668,3586,,,5,66,,Suspicious,Suspicious,242,1445,10630
670014901898,148,20,652626,2024-06-04T04:24:28.000Z,124,41799,Exfiltration,,TruePositive,,,MailMessage,Impacted,98799,138268,360606,160396,441377,3419,425863,453297,153085,366313,,1631,635,860,2251,3421,881,,289573,117668,3586,,,5,66,,,,242,1445,10630
764504179767,747,11176,27160,2024-06-14T18:11:25.000Z,47,30,InitialAccess,T1566.002,BenignPositive,,,MailCluster,Related,98799,138268,360606,160396,441377,673934,425863,453297,153085,529644,2966604472.0,1631,635,860,2251,3421,881,,289573,117668,3586,,,5,66,,,NoThreatsFound,242,1445,10630
438086667589,59,180185,707740,2024-06-14T08:59:39.000Z,2,2,CommandAndControl,,BenignPositive,,,User,Impacted,98799,138268,360606,160396,85811,155323,93003,98247,153085,529644,,1631,635,860,2251,3421,881,,289573,117668,3586,,,5,66,,Suspicious,Suspicious,242,1445,10630
42949674274,44,13452,19017,2024-06-12T17:08:39.000Z,50,36,Exfiltration,,BenignPositive,,,User,Impacted,98799,138268,360606,160396,441377,223848,425863,86725,153085,529644,,1631,635,860,2251,3421,881,,289573,117668,3586,,,5,66,,,,242,1445,10630
833223656091,22,197,920622,2024-06-04T13:46:55.000Z,4,3,InitialAccess,,TruePositive,,,User,Impacted,98799,138268,360606,160396,345,458,339,373,153085,529644,,1631,635,860,2251,3421,881,,289573,117668,3586,,,5,66,,,,242,1445,10630
463856473043,126,868,35551,2024-06-10T10:02:39.000Z,0,0,InitialAccess,T1078;T1078.004,TruePositive,,,CloudLogonSession,Related,98799,138268,360606,160396,441377,673934,425863,453297,153085,529644,,1631,635,860,2251,3421,881,,289573,117668,3586,,,5,66,,,,242,1445,10630
884763267072,14,1250,2160,2024-06-04T21:03:30.000Z,342,349,CredentialAccess,T1110,BenignPositive,,,Machine,Impacted,11543,138268,360606,160396,441377,673934,425863,453297,17312,529644,,1631,635,860,2251,3421,881,,289573,117668,3586,,,5,66,,,,242,1445,10630
386547059554,242,99826,262250,2024-06-07T10:58:38.000Z,44,244,Ransomware,,TruePositive,,,File,Related,98799,138268,360606,160396,441377,673934,425863,453297,153085,529644,,1631,635,860,2251,3421,881,,99,46695,3586,,,5,66,,Suspicious,Suspicious,242,1445,10630
1700807051879,8,10191,258936,2024-06-03T22:51:26.000Z,3,4,SuspiciousActivity,,TruePositive,,,User,Impacted,98799,138268,360606,160396,175,244,166,198,153085,529644,,1631,635,860,2251,3421,881,,289573,117668,3586,,,5,66,,Suspicious,Suspicious,242,1445,10630
627065227197,31,3309,214771,2024-06-06T10:51:07.000Z,226,8977,Exfiltration,,BenignPositive,,,User,Impacted,98799,138268,360606,160396,441377,99471,425863,1377,153085,529644,,1631,635,860,2251,3421,881,,289573,117668,3586,,,5,66,,,,242,1445,10630
1486058686131,0,260,314505,2024-06-05T06:08:28.000Z,14,12,CredentialAccess,T1110;T1110.003;T1110.001,TruePositive,,,User,Impacted,98799,138268,360606,160396,5102,7262,5155,5553,153085,529644,,1631,635,860,2251,3421,881,,289573,117668,3586,,,5,66,,,,242,1445,10630
1649267443475,262,10047,37494,2024-06-15T15:32:47.000Z,28,19,InitialAccess,T1566,FalsePositive,,,MailMessage,Related,98799,138268,360606,160396,441377,90317,425863,453297,153085,50385,,1631,635,860,2251,3421,881,,289573,117668,3586,,,5,66,,,,242,1445,10630
661424966283,8,11047,265282,2024-06-11T17:06:25.000Z,3,4,SuspiciousActivity,,TruePositive,,,Ip,Related,98799,138268,21613,160396,441377,673934,425863,453297,153085,529644,,1631,635,860,2251,3421,881,,289573,117668,3586,,,5,66,,Suspicious,Suspicious,242,1445,10630
816043788330,19,15401,20382,2024-06-08T22:43:06.000Z,92,29,CommandAndControl,T1046;T1071;T1210,TruePositive,,,Url,Related,98799,138268,360606,279,441377,673934,425863,453297,153085,529644,,1631,635,860,2251,3421,881,,289573,117668,3586,,,5,66,,,,242,1445,10630
764504183574,4,2107,460,2024-05-23T11:36:01.000Z,8,7,InitialAccess,T1133,BenignPositive,,,Machine,Impacted,98799,138268,360606,160396,441377,673934,425863,453297,654,529644,,1631,635,860,2251,3421,881,,289573,117668,3586,,,5,66,,,,242,1445,10630
523986011928,0,99,831219,2024-06-12T20:16:33.000Z,0,0,InitialAccess,T1078;T1078.004,TruePositive,,,CloudLogonRequest,Related,98799,138268,360606,160396,441377,673934,425863,453297,153085,529644,,1631,635,860,2251,3421,881,,289573,117668,3586,,,5,66,,,,242,1445,10630
566935683323,11,418167,1002264,2024-06-11T04:51:34.000Z,0,0,InitialAccess,T1078;T1078.004,FalsePositive,,,Ip,Related,98799,138268,22169,160396,441377,673934,425863,453297,153085,529644,,1631,635,860,2251,3421,881,,289573,117668,3586,,,5,66,,,,2,2,14
472446403857,546,836,70206,2024-06-07T12:52:03.000Z,204,179,LateralMovement,T1021.002;T1078;T1078.002;T1105;T1570,FalsePositive,,,User,Impacted,98799,138268,360606,160396,846,1152,840,901,153085,529644,,1631,635,860,2251,3421,881,,289573,117668,3586,,,5,66,,Suspicious,Suspicious,242,1445,10630
1589137900102,43,34006,27212,2024-06-16T11:03:35.000Z,1,1,InitialAccess,T1566.002,BenignPositive,,,MailMessage,Related,98799,138268,360606,160396,441377,65337,425863,453297,153085,64352,,1631,635,860,2251,3421,881,,289573,117668,3586,,,5,66,Inbound,,NoThreatsFound,242,1445,10630
352187319885,1,729,53527,2024-06-03T03:03:33.000Z,0,0,InitialAccess,T1078;T1078.004,TruePositive,,,CloudLogonRequest,Related,98799,138268,360606,160396,441377,673934,425863,453297,153085,529644,,1631,635,860,2251,3421,881,,289573,117668,3586,,,5,66,,,,242,1445,10630
1090921697208,735,6256,206868,2024-06-04T18:05:54.000Z,2,2,CommandAndControl,,BenignPositive,,,User,Impacted,98799,138268,360606,160396,320734,350716,206217,300945,153085,529644,,1631,635,860,2251,3421,881,,289573,117668,3586,,,5,66,,Suspicious,Suspicious,242,1445,10630
755914245640,751,5461,500033,2024-06-12T14:39:09.000Z,0,0,InitialAccess,T1078;T1078.004,TruePositive,,,User,Impacted,98799,138268,360606,160396,332,449,324,360,153085,529644,,1631,635,860,2251,3421,881,,289573,117668,3586,,,5,66,,,,242,1445,10630
1254130450969,43,58655,307098,2024-06-05T19:53:14.000Z,172,111,CredentialAccess,T1110,TruePositive,,,User,Impacted,98799,138268,360606,160396,2889,3866,2877,3062,153085,529644,,1631,635,860,2251,3421,881,,289573,117668,3586,,,5,66,,,,242,1445,10630
343597385534,0,31231,171002,2024-06-03T19:59:57.000Z,0,0,InitialAccess,T1078;T1078.004,TruePositive,,,CloudLogonRequest,Related,98799,138268,360606,160396,441377,673934,425863,453297,153085,529644,,1631,635,860,2251,3421,881,,289573,117668,3586,,,5,66,,,,242,1445,10630
1520418423700,18,199729,1556219,2024-06-06T09:55:20.000Z,9,47,Execution,,FalsePositive,,,File,Related,98799,48226,360606,160396,441377,673934,425863,453297,153085,529644,,1631,635,860,2251,3421,881,,68756,117668,3586,,,5,66,,,,242,1445,10630
1039382089874,153,827,25150,2024-06-03T20:39:55.000Z,3,4,SuspiciousActivity,,TruePositive,,,Ip,Related,98799,138268,18086,160396,441377,673934,425863,453297,153085,529644,,1631,635,860,2251,3421,881,,289573,117668,3586,,,5,66,,Suspicious,Suspicious,242,1445,10630
1649267442275,146,400,18278,2024-06-03T12:22:50.000Z,1,1,InitialAccess,T1566.002,FalsePositive,,,MailCluster,Related,98799,138268,360606,160396,441377,673934,425863,453297,153085,529644,,1631,635,860,2251,3421,881,,289573,117668,3586,,,5,66,,,Malicious,242,1445,10630
798863919926,29,2974,1874,2024-05-30T22:03:38.000Z,191,103,CommandAndControl,T1189;T1071;T1203,BenignPositive,,,Ip,Related,98799,138268,167972,160396,441377,673934,425863,453297,153085,529644,,1631,635,860,2251,3421,881,,289573,117668,3586,,,5,66,,,,242,1445,10630
1297080125683,349,557,475124,2024-06-13T01:12:55.000Z,31,2366,Malware,,BenignPositive,,,File,Related,98799,12707,360606,160396,441377,673934,425863,453297,153085,529644,,1631,635,860,2251,3421,881,Nemucod,48528,34544,3586,,,5,66,,Suspicious,Malicious,242,1445,10630
1606317770465,0,92,1304359,2024-06-08T18:41:29.000Z,0,0,InitialAccess,T1078;T1078.004,TruePositive,,,CloudLogonRequest,Related,98799,138268,360606,160396,441377,673934,425863,453297,153085,529644,,1631,635,860,2251,3421,881,,289573,117668,3586,,,5,66,,,,242,1445,10630
876173332172,3,192422,262594,2024-06-07T19:51:46.000Z,36,228,Malware,T1046,BenignPositive,,,Url,Related,98799,138268,360606,474,441377,673934,425863,453297,153085,529644,,1631,635,860,2251,3421,881,,289573,117668,3586,,,5,66,,Suspicious,Suspicious,242,1445,10630
180388626908,77,82580,156504,2024-06-07T02:07:31.000Z,1,1,InitialAccess,T1566.002,BenignPositive,,,Url,Related,98799,138268,360606,66802,441377,673934,425863,453297,153085,529644,,1631,635,860,2251,3421,881,,289573,117668,3586,,,5,66,,,NoThreatsFound,242,1445,10630
1245540520936,37,77463,356478,2024-06-06T07:37:28.000Z,120,43795,Exfiltration,,FalsePositive,,,MailMessage,Impacted,98799,138268,360606,160396,441377,23038,425863,453297,153085,15981,,1631,635,860,2251,3421,881,,289573,117668,3586,,,5,66,,,,242,1445,10630
1468878816981,0,134,1027837,2024-06-09T05:59:27.000Z,0,0,InitialAccess,T1078;T1078.004,TruePositive,,,CloudLogonSession,Related,98799,138268,360606,160396,441377,673934,425863,453297,153085,529644,,1631,635,860,2251,3421,881,,289573,117668,3586,,,5,66,,,,242,1445,10630
1056561955007,11,409654,1060423,2024-06-06T08:28:49.000Z,0,0,InitialAccess,T1078;T1078.004,FalsePositive,,,Ip,Related,98799,138268,67176,160396,441377,673934,425863,453297,153085,529644,,1631,635,860,2251,3421,881,,289573,117668,3586,,,5,66,,,,2,41,70
790273983142,22,145,1305964,2024-06-06T12:44:04.000Z,0,0,InitialAccess,T1078;T1078.004,TruePositive,,,CloudLogonRequest,Related,98799,138268,360606,160396,441377,673934,425863,453297,153085,529644,,1631,635,860,2251,3421,881,,289573,117668,3586,,,5,66,,,,242,1445,10630
1013612285023,121,218138,571742,2024-06-09T01:36:18.000Z,5,66,SuspiciousActivity,,TruePositive,,,User,Impacted,98799,138268,360606,160396,77,104,71,88,153085,529644,,1631,635,860,2251,3421,881,,289573,117668,3586,,,5,66,,,,242,1445,10630
283467842921,65,773,2068,2024-06-04T19:59:58.000Z,35,23,InitialAccess,T1566,TruePositive,,,User,Impacted,98799,138268,360606,160396,19205,18707,19013,20516,153085,529644,,1631,635,860,2251,3421,881,,289573,117668,3586,,,5,66,,,,242,1445,10630
1168231106690,949,57167,307218,2024-06-02T10:26:58.000Z,1587,1471,CommandAndControl,,BenignPositive,,,Ip,Related,98799,138268,11534,160396,441377,673934,425863,453297,153085,529644,,1631,635,860,2251,3421,881,,289573,117668,3586,,,5,66,,,,242,1445,10630
377957126563,1057,208228,559276,2024-06-05T11:13:37.000Z,5,1230,SuspiciousActivity,,BenignPositive,,,CloudApplication,Impacted,98799,138268,360606,160396,441377,673934,425863,453297,153085,529644,,1631,635,860,0,0,881,,289573,117668,3586,,,5,66,,,,242,1445,10630
1700807052576,35,139,1282189,2024-06-08T22:58:45.000Z,7,6,InitialAccess,,TruePositive,,,Ip,Related,98799,138268,55,160396,441377,673934,425863,453297,153085,529644,,1631,635,860,2251,3421,881,,289573,117668,3586,,,5,66,,,,1,0,0
1623497641533,136,509114,1234429,2024-06-01T07:29:59.000Z,14,12,CredentialAccess,T1110;T1110.003;T1110.001,FalsePositive,,,Ip,Related,98799,138268,72,160396,441377,673934,425863,453297,153085,529644,,1631,635,860,2251,3421,881,,289573,117668,3586,,,5,66,,,,2,2,2
1709396983837,6,96996,425984,2024-06-05T11:39:06.000Z,2,2,CommandAndControl,,BenignPositive,,,Machine,Impacted,1432,138268,360606,160396,441377,673934,425863,453297,3236,529644,,1631,635,860,2251,3421,881,,289573,117668,3586,,,0,0,,Suspicious,Suspicious,242,1445,10630
1047972023728,2,15262,4920,2024-06-11T13:25:11.000Z,15,13,Exfiltration,,BenignPositive,,,File,Impacted,98799,138268,360606,160396,441377,673934,425863,453297,153085,529644,,1631,635,860,2251,3421,881,,102309,17326,3586,,,5,66,,,,242,1445,10630
1374389536423,1,39,1008968,2024-06-04T22:43:24.000Z,4,3,InitialAccess,,TruePositive,,,Ip,Related,98799,138268,57,160396,441377,673934,425863,453297,153085,529644,,1631,635,860,2251,3421,881,,289573,117668,3586,,,5,66,,,,1,0,0
670014899997,262,85266,1445254,2024-06-03T20:04:25.000Z,417,45083,Exfiltration,,BenignPositive,,,MailMessage,Impacted,98799,138268,360606,160396,441377,6703,425863,453297,153085,165536,,1631,635,860,2251,3421,881,,289573,117668,3586,,,5,66,,,,242,1445,10630
1365799600181,6,275837,619481,2024-06-11T09:10:30.000Z,3,4,SuspiciousActivity,,BenignPositive,,,Url,Related,98799,138268,360606,140,441377,673934,425863,453297,153085,529644,,1631,635,860,2251,3421,881,,289573,117668,3586,,,5,66,,,,242,1445,10630
661424967059,186,436434,1124784,2024-06-11T17:37:13.000Z,552,4301,Exfiltration,,BenignPositive,,,File,Impacted,98799,138268,360606,160396,441377,673934,425863,453297,153085,529644,,1631,635,860,2251,3421,881,,3685,3145,3586,,,5,66,,,,242,1445,10630
790273983906,116,118823,79186,2024-06-05T03:13:34.000Z,848,23005,Exfiltration,,,ContainAccount,account password changed,User,Impacted,98799,138268,360606,160396,3423,4567,3449,3598,153085,529644,,1631,635,860,2251,3421,881,,289573,117668,3586,,,5,66,,,,242,1445,10630
1468878818987,3,144352,421378,2024-06-08T01:00:08.000Z,36,833,SuspiciousActivity,,BenignPositive,,,User,Impacted,98799,138268,360606,160396,5729,8111,5698,6147,153085,529644,,1631,635,860,2251,3421,881,,289573,117668,3586,,,5,66,,Suspicious,Suspicious,242,1445,10630
738734377746,29,41385,26319,2024-06-12T18:49:01.000Z,790,1084,SuspiciousActivity,,BenignPositive,,,Machine,Impacted,98799,138268,360606,160396,441377,673934,425863,453297,17659,529644,,1631,635,860,2251,3421,881,,289573,117668,3586,,,5,66,,,,242,1445,10630
481036339821,361,18845,8626,2024-06-13T05:55:20.000Z,1,1,InitialAccess,T1566.002,FalsePositive,,,MailMessage,Related,98799,138268,360606,160396,441377,172557,425863,453297,153085,212682,,1631,635,860,2251,3421,881,,289573,117668,3586,,,5,66,,,,242,1445,10630
687194769294,131,16511,27534,2024-06-13T05:03:49.000Z,6,5,InitialAccess,T1566,BenignPositive,,,MailCluster,Related,98799,138268,360606,160396,441377,673934,425863,453297,153085,529644,,1631,635,860,2251,3421,881,,289573,117668,3586,,,5,66,,,NoThreatsFound,242,1445,10630
1503238555166,225,16132,12955,2024-06-11T06:50:07.000Z,1,1,InitialAccess,T1566.002,TruePositive,,,MailCluster,Related,98799,138268,360606,160396,441377,673934,425863,453297,153085,529644,4287448333.0,1631,635,860,2251,3421,881,,289573,117668,3586,,,5,66,,,Malicious,242,1445,10630
773094117234,14,558,7923,2024-05-22T01:59:10.000Z,143,117,Impact,,TruePositive,,,Ip,Related,98799,138268,40655,160396,441377,673934,425863,453297,153085,529644,,1631,635,860,2251,3421,881,,289573,117668,3586,,,5,66,,,,242,1445,10630
936302872198,1,46,394176,2024-06-06T09:08:20.000Z,0,0,InitialAccess,T1078;T1078.004,TruePositive,,,CloudLogonRequest,Related,98799,138268,360606,160396,441377,673934,425863,453297,153085,529644,,1631,635,860,2251,3421,881,,289573,117668,3586,,,5,66,,,,242,1445,10630
1305670061993,20,57403,35178,2024-06-11T03:27:03.000Z,10,8,InitialAccess,T1566.001,BenignPositive,,,MailMessage,Related,98799,138268,360606,160396,441377,48703,425863,453297,153085,30106,,1631,635,860,2251,3421,881,,289573,117668,3586,,,5,66,Inbound,,NoThreatsFound,242,1445,10630
1537598296903,4,2528,328,2024-05-31T19:14:47.000Z,8,7,InitialAccess,T1133,FalsePositive,,,Machine,Impacted,98799,138268,360606,160396,441377,673934,425863,453297,292,529644,,1631,635,860,2251,3421,881,,289573,117668,3586,,,5,66,,,,242,1445,10630
790273986967,71,33,598,2024-06-04T01:34:32.000Z,103,38,InitialAccess,,FalsePositive,,,Ip,Related,98799,138268,73695,160396,441377,673934,425863,453297,153085,529644,,1631,635,860,2251,3421,881,,289573,117668,3586,,,5,66,,,,242,1445,10630
197568499945,797,86990,367092,2024-06-12T22:52:05.000Z,6,5,InitialAccess,T1566,FalsePositive,,,MailMessage,Related,98799,138268,360606,160396,441377,48332,425863,453297,153085,50312,,1631,635,860,2251,3421,881,,289573,117668,3586,,,5,66,Inbound,,NoThreatsFound,242,1445,10630
532575946434,220,68148,1129848,2024-06-04T20:04:53.000Z,178,80198,Exfiltration,,BenignPositive,,,Machine,Impacted,98799,138268,360606,160396,441377,673934,425863,453297,50150,529644,,1631,635,860,2251,3421,881,,289573,117668,3586,,,5,66,,,,242,1445,10630
566935687843,103,10980,274856,2024-06-11T16:59:14.000Z,2,2,CommandAndControl,,FalsePositive,,,User,Impacted,98799,138268,360606,160396,321097,337697,308246,212717,153085,529644,,1631,635,860,2251,3421,881,,289573,117668,3586,,,5,66,,Suspicious,Suspicious,242,1445,10630
266287973032,1352,6746,166296,2024-06-09T22:08:09.000Z,0,0,InitialAccess,T1078;T1078.004,TruePositive,,,Ip,Related,98799,138268,3012,160396,441377,673934,425863,453297,153085,529644,,1631,635,860,2251,3421,881,,289573,117668,3586,,,5,66,,,,0,9,37
1623497639714,664,27232,372935,2024-06-05T10:48:19.000Z,4,3,InitialAccess,,TruePositive,,,User,Impacted,98799,138268,360606,160396,12935,21364,12932,14115,153085,529644,,1631,635,860,2251,3421,881,,289573,117668,3586,,,5,66,,,,242,1445,10630
1503238557595,164,14024,4621,2024-06-08T17:06:21.000Z,306,24,CredentialAccess,T1110;T1078,BenignPositive,,,Ip,Related,98799,138268,181544,160396,441377,673934,425863,453297,153085,529644,,1631,635,860,2251,3421,881,,289573,117668,3586,,,5,66,,,,242,1445,10630
1082331758646,6,524762,228183,2024-06-13T07:32:01.000Z,264,1743,CommandAndControl,,BenignPositive,,,Url,Related,98799,138268,360606,5243,441377,673934,425863,453297,153085,529644,,1631,635,860,2251,3421,881,,289573,117668,3586,,,5,66,,,,242,1445,10630
1073741825805,0,96,1355548,2024-06-10T09:24:58.000Z,7,6,InitialAccess,,TruePositive,,,CloudLogonRequest,Related,98799,138268,360606,160396,441377,673934,425863,453297,153085,529644,,1631,635,860,2251,3421,881,,289573,117668,3586,,,5,66,,,,242,1445,10630
208,11,416085,836197,2024-06-09T23:33:24.000Z,0,0,InitialAccess,T1078;T1078.004,FalsePositive,,,User,Impacted,98799,138268,360606,160396,7054,10392,7075,7631,153085,529644,,1631,635,860,2251,3421,881,,289573,117668,3586,,,5,66,,,,242,1445,10630
816043791589,497,1517,553894,2024-06-04T00:19:33.000Z,5,433,SuspiciousActivity,,FalsePositive,,,User,Impacted,98799,138268,360606,160396,305543,438839,249930,306163,153085,529644,,1631,635,860,2251,3421,881,,289573,117668,3586,,,5,66,,,,242,1445,10630
704374638309,0,94,1234818,2024-06-07T21:02:21.000Z,7,6,InitialAccess,,TruePositive,,,User,Impacted,98799,138268,360606,160396,6495,9563,6545,7064,153085,529644,,1631,635,860,2251,3421,881,,289573,117668,3586,,,5,66,,,,242,1445,10630
352187320015,0,122,871836,2024-06-14T06:39:22.000Z,0,0,InitialAccess,T1078;T1078.004,TruePositive,,,Ip,Related,98799,138268,99,160396,441377,673934,425863,453297,153085,529644,,1631,635,860,2251,3421,881,,289573,117668,3586,,,5,66,,,,8,10,7
1168231108209,3,176484,192666,2024-06-04T10:59:56.000Z,3,142,SuspiciousActivity,,BenignPositive,,,Ip,Related,98799,138268,9,160396,441377,673934,425863,453297,153085,529644,,1631,635,860,2251,3421,881,,289573,117668,3586,,,5,66,,Suspicious,Suspicious,242,1445,10630
240518172499,208,7314,90102,2024-06-07T20:31:20.000Z,114,92,CredentialAccess,T1003;T1005;T1119;T1539;T1550.004;T1552.001;T1555.003;T1555.004,FalsePositive,,,User,Related,98799,138268,360606,160396,441377,673934,425863,453297,153085,529644,,1631,635,860,2251,3421,881,,289573,117668,3586,,,5,66,,Suspicious,Suspicious,242,1445,10630
721554508299,98,349512,982941,2024-06-13T12:40:45.000Z,0,0,InitialAccess,T1078;T1078.004,FalsePositive,,,User,Impacted,98799,138268,360606,160396,207178,430954,236790,298761,153085,529644,,1631,635,860,2251,3421,881,,289573,117668,3586,,,5,66,,,,242,1445,10630
463856473043,126,868,46316,2024-06-07T08:34:12.000Z,7,6,InitialAccess,,TruePositive,,,CloudLogonRequest,Related,98799,138268,360606,160396,441377,673934,425863,453297,153085,529644,,1631,635,860,2251,3421,881,,289573,117668,3586,,,5,66,,,,242,1445,10630
111669153841,24,8844,341261,2024-06-07T21:54:27.000Z,5,21,SuspiciousActivity,,TruePositive,,,Ip,Related,98799,138268,3566,160396,441377,673934,425863,453297,153085,529644,,1631,635,860,2251,3421,881,,289573,117668,3586,,Contextual,5,66,,,,242,1445,10630
824633722193,358,140506,639967,2024-06-15T00:30:29.000Z,303,301,LateralMovement,,FalsePositive,,,GenericEntity,Related,98799,138268,360606,160396,441377,673934,425863,453297,153085,529644,,1631,635,860,2251,3421,881,,289573,117668,3586,,,5,66,,,,242,1445,10630
1176821043239,20,1979,1474,2024-05-27T00:28:20.000Z,79,89,Impact,,FalsePositive,,,Ip,Related,98799,138268,949,160396,441377,673934,425863,453297,153085,529644,,1631,635,860,2251,3421,881,,289573,117668,3586,,,5,66,,,,242,1445,10630
1211180779164,7,1051,854,2024-05-26T23:45:19.000Z,22,10,Impact,,FalsePositive,,,Ip,Related,98799,138268,5441,160396,441377,673934,425863,453297,153085,529644,,1631,635,860,2251,3421,881,,289573,117668,3586,,,5,66,,,,242,1445,10630
833223656550,16,51764,790890,2024-06-03T19:53:59.000Z,55,37,Exfiltration,,BenignPositive,,,MailMessage,Impacted,98799,138268,360606,160396,441377,606128,425863,453297,153085,407822,,1631,635,860,2251,3421,881,,289573,117668,3586,,,5,66,,,,242,1445,10630
1185410975377,1,491,103609,2024-06-05T22:14:43.000Z,0,0,InitialAccess,T1078;T1078.004,TruePositive,,,CloudLogonSession,Related,98799,138268,360606,160396,441377,673934,425863,453297,153085,529644,,1631,635,860,2251,3421,881,,289573,117668,3586,,,5,66,,,,242,1445,10630
309237650430,123,288,2,2024-06-03T11:48:56.000Z,27,18,Discovery,T1087;T1087.002,TruePositive,,,User,Impacted,98799,138268,360606,160396,298435,412683,233168,29949,153085,529644,,1631,635,860,2251,3421,881,,289573,117668,3586,,Suspicious,5,66,,,,242,1445,10630
541165882777,231,128615,304394,2024-06-13T01:45:36.000Z,10,8,InitialAccess,T1566.001,TruePositive,,,MailMessage,Related,98799,138268,360606,160396,441377,7137,425863,453297,153085,134619,,1631,635,860,2251,3421,881,,289573,117668,3586,,,5,66,,,,242,1445,10630
1554778162719,41,8087,16226,2024-06-13T15:21:28.000Z,32,4445,Exfiltration,,TruePositive,,,MailMessage,Impacted,98799,138268,360606,160396,441377,201592,425863,453297,153085,6522,,1631,635,860,2251,3421,881,,289573,117668,3586,,,5,66,,,,242,1445,10630
283467846276,38,455003,1544999,2024-06-04T09:10:52.000Z,1267,318,Persistence,T1078,FalsePositive,,,User,Impacted,98799,138268,360606,160396,24589,37884,24775,30362,153085,529644,,1631,635,860,2251,3421,881,,289573,117668,3586,,,5,66,,,,242,1445,10630
523986011675,731,108148,897653,2024-06-13T16:49:49.000Z,19,15,InitialAccess,,FalsePositive,,,CloudLogonRequest,Related,98799,138268,360606,160396,441377,673934,425863,453297,153085,529644,,1631,635,860,2251,3421,881,,289573,117668,3586,,,5,66,,,,242,1445,10630
575525619493,0,98,1315072,2024-06-10T11:12:28.000Z,7,6,InitialAccess,,TruePositive,,,Ip,Related,98799,138268,28,160396,441377,673934,425863,453297,153085,529644,,1631,635,860,2251,3421,881,,289573,117668,3586,,,5,66,,,,0,1,1
712964573541,2025,436838,1292270,2024-06-04T04:16:52.000Z,7,6,InitialAccess,,TruePositive,,,CloudLogonRequest,Related,98799,138268,360606,160396,441377,673934,425863,453297,153085,529644,,1631,635,860,2251,3421,881,,289573,117668,3586,,,5,66,,,,242,1445,10630
1142461300738,25,106,36153,2024-06-12T10:27:36.000Z,30,15097,Exfiltration,,BenignPositive,,,MailMessage,Impacted,98799,138268,360606,160396,441377,110263,425863,453297,153085,17330,,1631,635,860,2251,3421,881,,289573,117668,3586,,,5,66,,,,242,1445,10630
395136994165,34,280206,611187,2024-06-06T11:15:34.000Z,3,4,SuspiciousActivity,,BenignPositive,,,Ip,Related,98799,138268,96404,160396,441377,673934,425863,453297,153085,529644,,1631,635,860,2251,3421,881,,289573,117668,3586,,,5,66,,Suspicious,Suspicious,242,1445,10630
1503238558268,9,386,645911,2024-06-07T06:10:59.000Z,171,188,Exfiltration,,BenignPositive,,,Machine,Impacted,98799,138268,360606,160396,441377,673934,425863,453297,8992,529644,,1631,635,860,2251,3421,881,,289573,117668,3586,,,5,66,,,,242,1445,10630
833223657017,41,13874,18035,2024-06-13T19:03:51.000Z,32,140,Exfiltration,,TruePositive,,,MailMessage,Impacted,98799,138268,360606,160396,441377,344808,425863,453297,153085,48585,,1631,635,860,2251,3421,881,,289573,117668,3586,,,5,66,,,,242,1445,10630
42949674734,0,533,331091,2024-06-05T15:42:16.000Z,0,0,InitialAccess,T1078;T1078.004,TruePositive,,,CloudLogonRequest,Related,98799,138268,360606,160396,441377,673934,425863,453297,153085,529644,,1631,635,860,2251,3421,881,,289573,117668,3586,,,5,66,,,,242,1445,10630
781684049887,19,684,1917,2024-06-05T05:38:39.000Z,23,16,CommandAndControl,,BenignPositive,,,Url,Related,98799,138268,360606,514,441377,673934,425863,453297,153085,529644,,1631,635,860,2251,3421,881,,289573,117668,3586,,,5,66,,,,242,1445,10630
335007452899,1276,12556,1088931,2024-06-06T19:32:53.000Z,87,145,Discovery,T1047;T1057,BenignPositive,,,Machine,Impacted,12367,138268,360606,160396,441377,673934,425863,453297,19006,529644,,1631,635,860,2251,3421,881,,289573,117668,3586,,,0,0,,Suspicious,Suspicious,242,1445,10630
377957123719,496,66914,63027,2024-06-07T08:27:32.000Z,1,1,InitialAccess,T1566.002,BenignPositive,,,Url,Related,98799,138268,360606,100061,441377,673934,425863,453297,153085,529644,,1631,635,860,2251,3421,881,,289573,117668,3586,,,5,66,,,Malicious,242,1445,10630
1099511627818,6,155661,143937,2024-06-13T07:24:48.000Z,2,2,CommandAndControl,,BenignPositive,,,User,Impacted,98799,138268,360606,160396,48532,85604,48660,53845,153085,529644,,1631,635,860,2251,3421,881,,289573,117668,3586,,,5,66,,Suspicious,Suspicious,242,1445,10630
1417339211179,2,15461,4923,2024-06-14T19:17:08.000Z,18,14,Exfiltration,,BenignPositive,,,MailMessage,Impacted,98799,138268,360606,160396,441377,12,425863,453297,153085,10971,,1631,635,860,2251,3421,881,,289573,117668,3586,,,5,66,,,,242,1445,10630
77309411453,144,70359,1104228,2024-06-16T05:31:09.000Z,2,2,CommandAndControl,,BenignPositive,,,Url,Related,98799,138268,360606,758,441377,673934,425863,453297,153085,529644,,1631,635,860,2251,3421,881,,289573,117668,3586,,,5,66,,Suspicious,Suspicious,242,1445,10630
1185410974105,64,6597,5638,2024-06-16T02:12:50.000Z,83,61,InitialAccess,T1190,BenignPositive,,,Machine,Impacted,98799,138268,360606,160396,441377,673934,425863,453297,6079,529644,,1631,635,860,2251,3421,881,,289573,117668,3586,,,5,66,,,,242,1445,10630
1425929144636,48,450042,582578,2024-06-11T11:14:28.000Z,9,45,Execution,,BenignPositive,,,CloudApplication,Impacted,98799,138268,360606,160396,441377,673934,425863,453297,153085,529644,,1631,635,860,3,3,881,,289573,117668,3586,,,5,66,,,,242,1445,10630
481036338609,88,420,77535,2024-06-12T21:16:03.000Z,58,43,Exfiltration,,FalsePositive,,,User,Impacted,98799,138268,360606,160396,19423,16940,19560,21428,153085,529644,,1631,635,860,2251,3421,881,,289573,117668,3586,,,5,66,,,,242,1445,10630
816043786241,25,105,99438,2024-06-11T22:59:05.000Z,30,27023,Exfiltration,,BenignPositive,,,User,Impacted,98799,138268,360606,160396,76386,25665,78807,73937,153085,529644,,1631,635,860,2251,3421,881,,289573,117668,3586,,,5,66,,,,242,1445,10630
481036338611,88,56406,433042,2024-06-12T04:11:31.000Z,58,43,Exfiltration,,FalsePositive,,,MailMessage,Impacted,98799,138268,360606,160396,441377,32546,425863,453297,153085,529644,,1631,635,860,2251,3421,881,,289573,117668,3586,,,5,66,,,,242,1445,10630
1434519080220,2,163756,461107,2024-06-03T11:49:25.000Z,6,5,InitialAccess,T1566,BenignPositive,,,MailMessage,Related,98799,138268,360606,160396,441377,7825,425863,453297,153085,268749,,1631,635,860,2251,3421,881,,289573,117668,3586,,,5,66,Inbound,,NoThreatsFound,242,1445,10630
644245098364,14,4017,2982,2024-05-26T02:49:00.000Z,29,20,Impact,,TruePositive,,,Ip,Related,98799,138268,9473,160396,441377,673934,425863,453297,153085,529644,,1631,635,860,2251,3421,881,,289573,117668,3586,,,5,66,,,,242,1445,10630
438086668250,108,177893,446367,2024-06-12T17:17:34.000Z,6,5,InitialAccess,T1566,TruePositive,,,MailCluster,Related,98799,138268,360606,160396,441377,673934,425863,453297,153085,529644,3872900575.0,1631,635,860,2251,3421,881,,289573,117668,3586,,,5,66,,,Suspicious,242,1445,10630
1382979471124,669,29175,67077,2024-06-04T05:11:45.000Z,6,5,InitialAccess,T1566,BenignPositive,,,Mailbox,Impacted,98799,138268,360606,160396,981,444,966,1032,153085,529644,,1631,635,860,2251,3421,881,,289573,117668,3586,,,5,66,,,,242,1445,10630
764504178755,6,2511,1471,2024-06-02T05:43:28.000Z,17,285,Impact,,TruePositive,,,Ip,Related,98799,138268,15636,160396,441377,673934,425863,453297,153085,529644,,1631,635,860,2251,3421,881,,289573,117668,3586,,,5,66,,,,242,1445,10630
1357209668053,516,78987,1511331,2024-06-04T21:48:56.000Z,25,17,InitialAccess,,TruePositive,,,User,Impacted,98799,138268,360606,160396,12294,40861,12334,4124,153085,529644,,1631,635,860,2251,3421,881,,289573,117668,3586,,,5,66,,,,242,1445,10630
206158433990,68,31512,24674,2024-06-03T06:51:43.000Z,1,1,InitialAccess,T1566.002,BenignPositive,,,Url,Related,98799,138268,360606,13103,441377,673934,425863,453297,153085,529644,,1631,635,860,2251,3421,881,,289573,117668,3586,,,5,66,,,NoThreatsFound,242,1445,10630
670014901898,148,20,480167,2024-06-03T18:33:52.000Z,124,56581,Exfiltration,,TruePositive,,,File,Impacted,98799,138268,360606,160396,441377,673934,425863,453297,153085,529644,,1631,635,860,2251,3421,881,,52464,0,3586,,,5,66,,,,242,1445,10630
1391569404986,47,8022,11241,2024-05-31T04:25:22.000Z,71,5860,Impact,,FalsePositive,,,Ip,Related,98799,138268,737,160396,441377,673934,425863,453297,153085,529644,,1631,635,860,2251,3421,881,,289573,117668,3586,,,5,66,,,,242,1445,10630
979252548043,9,201,210502,2024-06-14T12:40:56.000Z,94,38369,Exfiltration,,BenignPositive,,,Ip,Related,98799,138268,300,160396,441377,673934,425863,453297,153085,529644,,1631,635,860,2251,3421,881,,289573,117668,3586,,,5,66,,,,242,1445,10630
214748365817,56,530782,1481924,2024-06-13T06:37:57.000Z,33,22,InitialAccess,,BenignPositive,,,Mailbox,Impacted,98799,138268,360606,160396,145708,154434,150508,142312,153085,529644,,1631,635,860,2251,3421,881,,289573,117668,3586,,,5,66,,,,242,1445,10630
1116691497615,17,368494,1119465,2024-06-13T13:56:38.000Z,20,17951,Exfiltration,,FalsePositive,,,File,Impacted,98799,138268,360606,160396,441377,673934,425863,453297,153085,529644,,1631,635,860,2251,3421,881,,12549,10325,3586,,,5,66,,,,242,1445,10630
1348619733773,29,263,572,2024-06-09T19:49:52.000Z,54,33,Persistence,T1078;T1098,BenignPositive,,,User,Impacted,98799,138268,360606,160396,441377,397832,425863,268064,153085,529644,,1631,635,860,2251,3421,881,,289573,117668,3586,,,5,66,,,,242,1445,10630
1168231104609,144,73416,278220,2024-06-05T15:45:44.000Z,2,2,CommandAndControl,,BenignPositive,,,Url,Related,98799,138268,360606,158,441377,673934,425863,453297,153085,529644,,1631,635,860,2251,3421,881,,289573,117668,3586,,,5,66,,Suspicious,Suspicious,242,1445,10630
395136995990,1218,23747,118523,2024-06-03T07:48:47.000Z,1,1,InitialAccess,T1566.002,BenignPositive,,,Url,Related,98799,138268,360606,36867,441377,673934,425863,453297,153085,529644,,1631,635,860,2251,3421,881,,289573,117668,3586,,,5,66,,,Malicious,242,1445,10630
214748367376,98,350365,935643,2024-06-13T17:04:57.000Z,0,0,InitialAccess,T1078;T1078.004,FalsePositive,,,User,Impacted,98799,138268,360606,160396,211772,384862,274462,255973,153085,529644,,1631,635,860,2251,3421,881,,289573,117668,3586,,,5,66,,,,242,1445,10630
730144442143,0,227,547514,2024-06-10T00:24:13.000Z,0,0,InitialAccess,T1078;T1078.004,TruePositive,,,User,Impacted,98799,138268,360606,160396,1574,2126,1571,1663,153085,529644,,1631,635,860,2251,3421,881,,289573,117668,3586,,,5,66,,,,242,1445,10630
944892807034,134,122338,224741,2024-06-09T03:55:52.000Z,1,1,InitialAccess,T1566.002,BenignPositive,,,MailCluster,Related,98799,138268,360606,160396,441377,673934,425863,453297,153085,529644,,1631,635,860,2251,3421,881,,289573,117668,3586,,,5,66,,,Malicious,242,1445,10630
1211180778132,257,174920,116772,2024-06-11T14:31:16.000Z,6,5,InitialAccess,T1566,BenignPositive,,,Mailbox,Impacted,98799,138268,360606,160396,62842,159308,63966,65041,153085,529644,,1631,635,860,2251,3421,881,,289573,117668,3586,,,5,66,,,NoThreatsFound,242,1445,10630
34359739953,489,12577,955947,2024-06-10T18:35:11.000Z,19,15,InitialAccess,,FalsePositive,,,User,Impacted,98799,138268,360606,160396,73256,117036,75915,78750,153085,529644,,1631,635,860,2251,3421,881,,289573,117668,3586,,,5,66,,,,242,1445,10630
1185410975218,871,95264,93485,2024-06-03T12:53:41.000Z,35,23,InitialAccess,T1566,FalsePositive,,,Mailbox,Impacted,98799,138268,360606,160396,19911,20129,20438,21887,153085,529644,,1631,635,860,2251,3421,881,,289573,117668,3586,,,5,66,,,,242,1445,10630
360777256991,20,1276,11875,2024-06-16T21:06:14.000Z,10,8,InitialAccess,T1566.001,BenignPositive,,,User,Impacted,98799,138268,360606,160396,1751,6847,1741,979,153085,529644,,1631,635,860,2251,3421,881,,289573,117668,3586,,,5,66,,,,242,1445,10630
738734379663,412,19911,1072621,2024-06-08T19:31:42.000Z,5,1894,SuspiciousActivity,,TruePositive,,,User,Impacted,98799,138268,360606,160396,30014,46138,29618,30911,153085,529644,,1631,635,860,2251,3421,881,,289573,117668,3586,,,5,66,,,,242,1445,10630
266287972957,1604,40929,22306,2024-06-15T00:52:16.000Z,1,1,InitialAccess,T1566.002,FalsePositive,,,File,Related,98799,21512,360606,160396,441377,673934,425863,453297,153085,529644,,1631,635,860,2251,3421,881,,24949,117668,3586,,,5,66,,,,242,1445,10630
523986014291,24,26028,337977,2024-06-05T00:18:03.000Z,5,21,SuspiciousActivity,,TruePositive,,,User,Impacted,98799,138268,360606,160396,7325,10850,7356,7922,153085,529644,,1631,635,860,2251,3421,881,,289573,117668,3586,,,5,66,,,,242,1445,10630
214748368795,322,30419,238679,2024-06-14T00:09:07.000Z,1,1,InitialAccess,T1566.002,BenignPositive,,,Mailbox,Impacted,98799,138268,360606,160396,13519,10373,12790,13778,153085,529644,,1631,635,860,2251,3421,881,,289573,117668,3586,,,5,66,,,,242,1445,10630
1511828489951,26,31148,1428212,2024-06-16T07:24:22.000Z,31,813,Malware,,BenignPositive,,,File,Related,98799,3205,360606,160396,441377,673934,425863,453297,153085,529644,,1631,635,860,2251,3421,881,Casdet,7021,2246,3586,,,5,66,,Suspicious,Malicious,242,1445,10630
386547059995,51,231121,135756,2024-06-11T07:27:20.000Z,39,26,Execution,T1559;T1106;T1059.005,BenignPositive,,,User,Related,98799,138268,360606,160396,5703,8114,5687,6125,153085,529644,,1631,635,860,2251,3421,881,,289573,117668,3586,,,5,66,,,,242,1445,10630
1529008359045,373,540,799682,2024-06-11T20:40:42.000Z,427,69073,Exfiltration,,TruePositive,,,Ip,Related,98799,138268,6173,160396,441377,673934,425863,453297,153085,529644,,1631,635,860,2251,3421,881,,289573,117668,3586,,,5,66,,,,242,1445,10630
1262720387809,8,10850,199059,2024-06-10T03:24:27.000Z,3,4,SuspiciousActivity,,TruePositive,,,Url,Related,98799,138268,360606,37,441377,673934,425863,453297,153085,529644,,1631,635,860,2251,3421,881,,289573,117668,3586,,,5,66,,,,242,1445,10630
1005022348936,7,627,685,2024-05-30T13:08:20.000Z,22,10,Impact,,FalsePositive,,,Ip,Related,98799,138268,2685,160396,441377,673934,425863,453297,153085,529644,,1631,635,860,2251,3421,881,,289573,117668,3586,,,5,66,,,,242,1445,10630
1185410975377,1,491,174125,2024-06-05T17:11:38.000Z,0,0,InitialAccess,T1078;T1078.004,TruePositive,,,User,Impacted,98799,138268,360606,160396,426,561,418,454,153085,529644,,1631,635,860,2251,3421,881,,289573,117668,3586,,,5,66,,,,242,1445,10630
1666447312511,21,660,55789,2024-06-11T05:11:42.000Z,3,4,SuspiciousActivity,,BenignPositive,,,Process,Related,98799,1,360606,160396,441377,673934,425863,453297,153085,529644,,1631,635,860,2251,3421,881,,1,1,3586,,,5,66,,Suspicious,Suspicious,242,1445,10630
197568497617,364,146946,1615989,2024-06-08T00:56:12.000Z,539,588,InitialAccess,T1192;T1194;T1193;T1566;T1566.003;T1566.002;T1566.001,BenignPositive,,,Mailbox,Impacted,98799,138268,360606,160396,441377,188659,425863,453297,153085,529644,,1631,635,860,2251,3421,881,,289573,117668,3586,,,5,66,,,,242,1445,10630
163208761799,9,78,1118398,2024-06-06T12:13:34.000Z,171,24000,Exfiltration,,BenignPositive,,,User,Impacted,98799,138268,360606,160396,116107,190408,108831,116490,153085,529644,,1631,635,860,2251,3421,881,,289573,117668,3586,,,5,66,,,,242,1445,10630
309237646302,18,391365,209006,2024-06-12T08:29:13.000Z,181,1464,Exfiltration,,FalsePositive,,,User,Impacted,98799,138268,360606,160396,13112,21038,13005,13986,153085,529644,,1631,635,860,2251,3421,881,,289573,117668,3586,,,5,66,,,,242,1445,10630
1297080124892,225,145832,747697,2024-06-04T18:50:26.000Z,2,2,CommandAndControl,,TruePositive,,,Process,Related,98799,10,360606,160396,441377,673934,425863,453297,153085,529644,,1631,635,860,2251,3421,881,,1,1,3586,,,5,66,,Suspicious,Suspicious,242,1445,10630
867583395796,19,25420,19709,2024-06-14T08:17:52.000Z,92,29,CommandAndControl,T1046;T1071;T1210,BenignPositive,,,Ip,Related,98799,138268,2509,160396,441377,673934,425863,453297,153085,529644,,1631,635,860,2251,3421,881,,289573,117668,3586,,,5,66,,,,242,1445,10630
927712938345,113,118356,1160331,2024-06-03T17:24:43.000Z,82,60,InitialAccess,,TruePositive,,,Url,Related,98799,138268,360606,3,441377,673934,425863,453297,153085,529644,,1631,635,860,2251,3421,881,,289573,117668,3586,,,5,66,,,,242,1445,10630
1194000910114,0,163,317699,2024-06-04T04:50:45.000Z,14,12,CredentialAccess,T1110;T1110.003;T1110.001,TruePositive,,,User,Impacted,98799,138268,360606,160396,1105,1516,1099,1165,153085,529644,,1631,635,860,2251,3421,881,,289573,117668,3586,,,5,66,,,,242,1445,10630
635655162268,5,60,1233583,2024-06-05T14:14:39.000Z,0,0,InitialAccess,T1078;T1078.004,TruePositive,,,CloudLogonRequest,Related,98799,138268,360606,160396,441377,673934,425863,453297,153085,529644,,1631,635,860,2251,3421,881,,289573,117668,3586,,,5,66,,,,242,1445,10630
979252548043,9,201,30523,2024-06-14T17:51:27.000Z,90,13263,Exfiltration,,BenignPositive,,,File,Impacted,98799,17441,360606,160396,441377,673934,425863,453297,153085,529644,,1631,635,860,2251,3421,881,,19888,1623,3586,,,5,66,,,,242,1445,10630
120259088072,12,2206,1156,2024-05-31T01:33:23.000Z,16,51,Impact,,BenignPositive,,,Ip,Related,98799,138268,172454,160396,441377,673934,425863,453297,153085,529644,,1631,635,860,2251,3421,881,,289573,117668,3586,,,5,66,,,,242,1445,10630
730144444642,141,25541,38104,2024-06-17T02:44:57.000Z,115,93,Execution,,BenignPositive,,,File,Related,98799,138268,360606,160396,441377,673934,425863,453297,153085,529644,,1631,635,860,2251,3421,881,,86,117668,3586,,,5,66,,,,242,1445,10630
455266538271,4,1486,346,2024-05-21T10:07:04.000Z,8,7,InitialAccess,T1133,FalsePositive,,,Machine,Impacted,98799,138268,360606,160396,441377,673934,425863,453297,289,529644,,1631,635,860,2251,3421,881,,289573,117668,3586,,,5,66,,,,242,1445,10630
1357209670634,162,179519,1508006,2024-06-05T02:46:19.000Z,25,17,InitialAccess,,TruePositive,,,User,Impacted,98799,138268,360606,160396,7,14,5,7,153085,529644,,1631,635,860,2251,3421,881,,289573,117668,3586,,,5,66,,,,242,1445,10630
1245540516897,129,106177,134025,2024-06-12T08:34:06.000Z,104,6040,Exfiltration,,BenignPositive,,,MailMessage,Impacted,98799,138268,360606,160396,441377,213895,425863,453297,153085,21343,,1631,635,860,2251,3421,881,,289573,117668,3586,,,5,66,,,,242,1445,10630
841813590389,142,7902,9378,2024-06-14T03:18:56.000Z,112,1992,Exfiltration,,FalsePositive,,,MailMessage,Impacted,98799,138268,360606,160396,441377,114791,425863,453297,153085,227,,1631,635,860,2251,3421,881,,289573,117668,3586,,,5,66,,,,242,1445,10630
1022202219912,2,12884,8563,2024-06-12T09:15:55.000Z,18,14,Exfiltration,,BenignPositive,,,MailMessage,Impacted,98799,138268,360606,160396,441377,273,425863,453297,153085,83634,,1631,635,860,2251,3421,881,,289573,117668,3586,,,5,66,,,,242,1445,10630
206158431681,237,1484,348828,2024-06-14T07:38:23.000Z,9,182,Execution,,FalsePositive,,,User,Impacted,98799,138268,360606,160396,441377,649,425863,525,153085,529644,,1631,635,860,2251,3421,881,,289573,117668,3586,,,5,66,,,,242,1445,10630
1632087573249,130,1854,170274,2024-06-08T00:41:54.000Z,0,0,InitialAccess,T1078;T1078.004,BenignPositive,,,Ip,Related,98799,138268,470,160396,441377,673934,425863,453297,153085,529644,,1631,635,860,2251,3421,881,,289573,117668,3586,,,5,66,,,,0,3,105
360777256754,12,2080,1129,2024-06-03T00:49:49.000Z,16,175,Impact,,BenignPositive,,,Ip,Related,98799,138268,16779,160396,441377,673934,425863,453297,153085,529644,,1631,635,860,2251,3421,881,,289573,117668,3586,,,5,66,,,,242,1445,10630
481036340271,648,27645,342749,2024-06-09T07:33:30.000Z,5,10658,SuspiciousActivity,,BenignPositive,,,Ip,Related,98799,138268,10040,160396,441377,673934,425863,453297,153085,529644,,1631,635,860,2251,3421,881,,289573,117668,3586,,Contextual,5,66,,,,242,1445,10630
1365799602777,40,315081,700795,2024-06-11T10:26:39.000Z,2,2,CommandAndControl,,BenignPositive,,,User,Impacted,98799,138268,360606,160396,73715,110183,72841,45738,153085,529644,,1631,635,860,2251,3421,881,,289573,117668,3586,,,5,66,,Suspicious,Suspicious,242,1445,10630
206158432583,28,12487,4077,2024-06-03T12:47:26.000Z,1,1,InitialAccess,T1566.002,FalsePositive,,,Mailbox,Impacted,98799,138268,360606,160396,65722,78273,71961,78031,153085,529644,,1631,635,860,2251,3421,881,,289573,117668,3586,,,5,66,,,,242,1445,10630
111669154679,37,34,4695,2024-06-06T10:27:41.000Z,70,2961,Exfiltration,,FalsePositive,,,MailMessage,Impacted,98799,138268,360606,160396,441377,28590,425863,453297,153085,571,,1631,635,860,2251,3421,881,,289573,117668,3586,,,5,66,,,,242,1445,10630
833223657062,7,428,719,2024-06-02T03:44:41.000Z,21,411,Impact,,FalsePositive,,,Ip,Related,98799,138268,50646,160396,441377,673934,425863,453297,153085,529644,,1631,635,860,2251,3421,881,,289573,117668,3586,,,5,66,,,,242,1445,10630
1168231106198,1,357,101835,2024-06-11T14:01:31.000Z,0,0,InitialAccess,T1078;T1078.004,TruePositive,,,Ip,Related,98799,138268,114,160396,441377,673934,425863,453297,153085,529644,,1631,635,860,2251,3421,881,,289573,117668,3586,,,5,66,,,,0,3,20
523986013611,2,4219,5449,2024-06-10T15:28:13.000Z,18,14,Exfiltration,,BenignPositive,,,MailMessage,Impacted,98799,138268,360606,160396,441377,1285,425863,453297,153085,143265,,1631,635,860,2251,3421,881,,289573,117668,3586,,,5,66,,,,242,1445,10630
1005022350209,582,308330,679970,2024-06-09T01:19:38.000Z,73,54,InitialAccess,T1078;T1078.004,BenignPositive,,,Ip,Related,98799,138268,233212,160396,441377,673934,425863,453297,153085,529644,,1631,635,860,2251,3421,881,,289573,117668,3586,,Contextual,5,66,,,,6,1445,10630
257698042673,38,58086,15670,2024-06-03T22:27:40.000Z,488,270,CredentialAccess,,TruePositive,,,User,Impacted,98799,138268,360606,160396,309004,420769,300147,289272,153085,529644,,1631,635,860,2251,3421,881,,289573,117668,3586,,,5,66,,,,242,1445,10630
1245540516016,11,404229,962849,2024-06-04T08:02:56.000Z,4,3,InitialAccess,,FalsePositive,,,Ip,Related,98799,138268,204121,160396,441377,673934,425863,453297,153085,529644,,1631,635,860,2251,3421,881,,289573,117668,3586,,,5,66,,,,108,1445,10630
953482744532,4,1961,380,2024-05-29T15:42:39.000Z,8,7,InitialAccess,T1133,FalsePositive,,,Machine,Impacted,98799,138268,360606,160396,441377,673934,425863,453297,472,529644,,1631,635,860,2251,3421,881,,289573,117668,3586,,,5,66,,,,242,1445,10630
223338302122,8,167855,728232,2024-06-12T02:43:36.000Z,3,4,SuspiciousActivity,,TruePositive,,,User,Impacted,98799,138268,360606,160396,16,28,14,17,153085,529644,,1631,635,860,2251,3421,881,,289573,117668,3586,,,5,66,,Suspicious,Suspicious,242,1445,10630
773094113897,93,510,3,2024-06-11T16:33:15.000Z,27,18,Discovery,T1087;T1087.002,TruePositive,,,User,Impacted,98799,138268,360606,160396,190528,293484,191769,194004,153085,529644,,1631,635,860,2251,3421,881,,289573,117668,3586,,Suspicious,5,66,,,,242,1445,10630
257698042235,36,64593,301458,2024-06-05T10:39:43.000Z,10,8,InitialAccess,T1566.001,BenignPositive,,,MailMessage,Related,98799,138268,360606,160396,441377,154287,425863,453297,153085,164230,,1631,635,860,2251,3421,881,,289573,117668,3586,,,5,66,Inbound,,Malicious,242,1445,10630
1434519078005,16,117071,302837,2024-06-11T17:20:36.000Z,6,5,InitialAccess,T1566,BenignPositive,,,Mailbox,Impacted,98799,138268,360606,160396,80339,166528,80510,84584,153085,529644,,1631,635,860,2251,3421,881,,289573,117668,3586,,,5,66,,,,242,1445,10630
1580547966593,26,21695,45832,2024-06-15T17:32:48.000Z,1,1,InitialAccess,T1566.002,FalsePositive,,,Url,Related,98799,138268,360606,16581,441377,673934,425863,453297,153085,529644,,1631,635,860,2251,3421,881,,289573,117668,3586,,,5,66,,,Malicious,242,1445,10630
1022202216500,6,276141,624592,2024-06-13T13:16:49.000Z,3,4,SuspiciousActivity,,BenignPositive,,,User,Impacted,98799,138268,360606,160396,3825,5190,3865,3332,153085,529644,,1631,635,860,2251,3421,881,,289573,117668,3586,,,5,66,,Suspicious,Suspicious,242,1445,10630
1730,26,3082,83040,2024-06-06T17:14:54.000Z,62,46,Execution,T1059.003,BenignPositive,,,User,Impacted,98799,138268,360606,160396,2,13,2,2,153085,529644,,1631,635,860,2251,3421,881,,289573,117668,3586,,,5,66,,Suspicious,Suspicious,242,1445,10630
1030792152892,0,294,169091,2024-06-07T11:21:31.000Z,4,3,InitialAccess,,TruePositive,,,User,Impacted,98799,138268,360606,160396,12890,21435,13010,14144,153085,529644,,1631,635,860,2251,3421,881,,289573,117668,3586,,,5,66,,,,242,1445,10630
549755818045,24,462593,1368515,2024-06-05T03:24:21.000Z,5,50,SuspiciousActivity,,BenignPositive,,,User,Impacted,98799,138268,360606,160396,70298,115715,64221,76840,153085,529644,,1631,635,860,2251,3421,881,,289573,117668,3586,,,5,66,,,,242,1445,10630
498216209568,74,98301,189781,2024-06-04T15:28:15.000Z,2,2,CommandAndControl,,BenignPositive,,,Url,Related,98799,138268,360606,61331,441377,673934,425863,453297,153085,529644,,1631,635,860,2251,3421,881,,289573,117668,3586,,,5,66,,Suspicious,Suspicious,242,1445,10630
1030792152886,0,203,529355,2024-06-04T02:03:51.000Z,7,6,InitialAccess,,TruePositive,,,CloudLogonRequest,Related,98799,138268,360606,160396,441377,673934,425863,453297,153085,529644,,1631,635,860,2251,3421,881,,289573,117668,3586,,,5,66,,,,242,1445,10630
609885359465,2,10465,3951,2024-06-06T17:10:30.000Z,18,14,Exfiltration,,BenignPositive,,,MailMessage,Impacted,98799,138268,360606,160396,441377,4,425863,453297,153085,11065,,1631,635,860,2251,3421,881,,289573,117668,3586,,,5,66,,,,242,1445,10630
1176821042969,12,2199,1182,2024-05-20T14:58:00.000Z,16,1276,Impact,,BenignPositive,,,Ip,Related,98799,138268,1225,160396,441377,673934,425863,453297,153085,529644,,1631,635,860,2251,3421,881,,289573,117668,3586,,,5,66,,,,242,1445,10630
1597727835599,32,253340,87676,2024-06-04T02:00:08.000Z,3,4,SuspiciousActivity,,BenignPositive,,,Url,Related,98799,138268,360606,2261,441377,673934,425863,453297,153085,529644,,1631,635,860,2251,3421,881,,289573,117668,3586,,,5,66,,,,242,1445,10630
403726931045,162,107496,1529376,2024-06-05T08:25:56.000Z,25,17,InitialAccess,,TruePositive,,,User,Impacted,98799,138268,360606,160396,7,14,5,7,153085,529644,,1631,635,860,2251,3421,881,,289573,117668,3586,,,5,66,,,,242,1445,10630
1090921696384,110,547,527016,2024-06-03T13:48:56.000Z,0,0,InitialAccess,T1078;T1078.004,TruePositive,,,CloudLogonRequest,Related,98799,138268,360606,160396,441377,673934,425863,453297,153085,529644,,1631,635,860,2251,3421,881,,289573,117668,3586,,,5,66,,,,242,1445,10630
506806142706,45,3717,22503,2024-06-11T23:46:20.000Z,6,5,InitialAccess,T1566,FalsePositive,,,MailCluster,Related,98799,138268,360606,160396,441377,673934,425863,453297,153085,529644,,1631,635,860,2251,3421,881,,289573,117668,3586,,,5,66,,,,242,1445,10630
798863922073,114,1010,70058,2024-06-06T19:30:19.000Z,3,112,SuspiciousActivity,,FalsePositive,,,Ip,Related,98799,138268,42037,160396,441377,673934,425863,453297,153085,529644,,1631,635,860,2251,3421,881,,289573,117668,3586,,,5,66,,Suspicious,Suspicious,242,1445,10630
970662609748,61,93922,581482,2024-06-11T08:39:51.000Z,5,31,SuspiciousActivity,,BenignPositive,,,Ip,Related,98799,138268,130,160396,441377,673934,425863,453297,153085,529644,,1631,635,860,2251,3421,881,,289573,117668,3586,,Contextual,5,66,,,,242,1445,10630
85899349856,10,2252,182,2024-05-26T17:36:56.000Z,12,710,Impact,,TruePositive,,,Ip,Related,98799,138268,2145,160396,441377,673934,425863,453297,153085,529644,,1631,635,860,2251,3421,881,,289573,117668,3586,,,5,66,,,,242,1445,10630
627065227345,13,8424,1135793,2024-06-12T01:40:25.000Z,86,78264,Exfiltration,,BenignPositive,,,File,Impacted,98799,107044,360606,160396,441377,673934,425863,453297,153085,529644,,1631,635,860,2251,3421,881,,178641,49797,3586,,,5,66,,,,242,1445,10630
790273985599,4414,34415,670088,2024-06-13T16:32:29.000Z,436,461,Execution,T1204.002,BenignPositive,,,Ip,Related,98799,138268,110557,160396,441377,673934,425863,453297,153085,529644,,1631,635,860,2251,3421,881,,289573,117668,3586,,,5,66,,,,242,1445,10630
730144444398,14,4033,2871,2024-05-30T15:35:11.000Z,29,20,Impact,,TruePositive,,,Ip,Related,98799,138268,1412,160396,441377,673934,425863,453297,153085,529644,,1631,635,860,2251,3421,881,,289573,117668,3586,,,5,66,,,,242,1445,10630
1657857380648,36,1113,262458,2024-06-07T18:00:06.000Z,36,118,SuspiciousActivity,,FalsePositive,,,Ip,Related,98799,138268,149,160396,441377,673934,425863,453297,153085,529644,,1631,635,860,2251,3421,881,,289573,117668,3586,,,5,66,,Suspicious,Suspicious,242,1445,10630
94489284081,2,10083,15131,2024-06-10T20:57:54.000Z,15,13,Exfiltration,,BenignPositive,,,MailMessage,Impacted,98799,138268,360606,160396,441377,16291,425863,453297,153085,111793,,1631,635,860,2251,3421,881,,289573,117668,3586,,,5,66,,,,242,1445,10630
51539607678,11,400771,983053,2024-06-03T19:55:25.000Z,0,0,InitialAccess,T1078;T1078.004,FalsePositive,,,CloudLogonSession,Related,98799,138268,360606,160396,441377,673934,425863,453297,153085,529644,,1631,635,860,2251,3421,881,,289573,117668,3586,,,5,66,,,,242,1445,10630
128849022596,3,112524,629567,2024-06-16T07:41:46.000Z,3,4,SuspiciousActivity,,BenignPositive,,,User,Impacted,98799,138268,360606,160396,30963,51515,30700,33479,153085,529644,,1631,635,860,2251,3421,881,,289573,117668,3586,,,5,66,,Suspicious,Suspicious,242,1445,10630
936302872198,1,46,400570,2024-06-06T16:09:37.000Z,0,0,InitialAccess,T1078;T1078.004,TruePositive,,,Ip,Related,98799,138268,144,160396,441377,673934,425863,453297,153085,529644,,1631,635,860,2251,3421,881,,289573,117668,3586,,,5,66,,,,2,41,88
292057777924,84,351036,440019,2024-06-04T19:08:50.000Z,68,5434,Exfiltration,,TruePositive,,,Machine,Impacted,98799,138268,360606,160396,441377,673934,425863,453297,8867,529644,,1631,635,860,2251,3421,881,,289573,117668,3586,,,5,66,,,,242,1445,10630
403726927900,392,93995,715275,2024-06-03T12:14:21.000Z,3,4,SuspiciousActivity,,TruePositive,,,Ip,Related,98799,138268,167939,160396,441377,673934,425863,453297,153085,529644,,1631,635,860,2251,3421,881,,289573,117668,3586,,,5,66,,Suspicious,Suspicious,242,1445,10630
644245096602,13,64344,38895,2024-06-05T13:39:57.000Z,408,435,Exfiltration,,BenignPositive,,,Ip,Related,98799,138268,25016,160396,441377,673934,425863,453297,153085,529644,,1631,635,860,2251,3421,881,,289573,117668,3586,,,5,66,,,,242,1445,10630
1657857381459,104,5113,942,2024-06-03T15:11:42.000Z,11,9,InitialAccess,T1566,FalsePositive,,,MailMessage,Related,98799,138268,360606,160396,441377,60213,425863,453297,153085,167739,,1631,635,860,2251,3421,881,,289573,117668,3586,,,5,66,,,,242,1445,10630
1632087576883,92,123725,751440,2024-06-07T13:46:06.000Z,2,2,CommandAndControl,,BenignPositive,,,Process,Related,98799,0,360606,160396,441377,673934,425863,453297,153085,529644,,1631,635,860,2251,3421,881,,0,2,3586,,,5,66,,Suspicious,Suspicious,242,1445,10630
1159641172187,119,26,3854,2024-06-14T12:30:47.000Z,28,19,InitialAccess,T1566,FalsePositive,,,MailMessage,Related,98799,138268,360606,160396,441377,109,425863,453297,153085,10654,,1631,635,860,2251,3421,881,,289573,117668,3586,,,5,66,,,,242,1445,10630
996432415062,969,8729,3529,2024-06-12T04:56:40.000Z,1,1,InitialAccess,T1566.002,TruePositive,,,Mailbox,Impacted,98799,138268,360606,160396,44326,42910,44548,50337,153085,529644,,1631,635,860,2251,3421,881,,289573,117668,3586,,,5,66,,,,242,1445,10630
455266535145,0,199,403803,2024-06-03T09:52:47.000Z,4,3,InitialAccess,,TruePositive,,,Ip,Related,98799,138268,104723,160396,441377,673934,425863,453297,153085,529644,,1631,635,860,2251,3421,881,,289573,117668,3586,,,5,66,,,,0,3,152
188978565673,9,281,58006,2024-06-13T23:22:31.000Z,40,20306,Exfiltration,,BenignPositive,,,MailMessage,Impacted,98799,138268,360606,160396,441377,164376,425863,453297,153085,30550,,1631,635,860,2251,3421,881,,289573,117668,3586,,,5,66,,,,242,1445,10630
1511828490659,5,40,1246327,2024-06-13T12:43:48.000Z,0,0,InitialAccess,T1078;T1078.004,TruePositive,,,Ip,Related,98799,138268,416,160396,441377,673934,425863,453297,153085,529644,,1631,635,860,2251,3421,881,,289573,117668,3586,,,5,66,,,,3,136,159
730144442143,0,227,393599,2024-06-10T00:59:56.000Z,0,0,InitialAccess,T1078;T1078.004,TruePositive,,,Ip,Related,98799,138268,382,160396,441377,673934,425863,453297,153085,529644,,1631,635,860,2251,3421,881,,289573,117668,3586,,,5,66,,,,20,20,22
274877909083,483,47569,575462,2024-06-10T05:26:17.000Z,9,74,Execution,,BenignPositive,,,CloudApplication,Impacted,98799,138268,360606,160396,441377,673934,425863,453297,153085,529644,,1631,635,860,14,16,881,,289573,117668,3586,,,5,66,,,,242,1445,10630
472446404757,13,15150,15751,2024-06-14T15:18:04.000Z,142,7794,Exfiltration,,BenignPositive,,,File,Impacted,98799,138268,360606,160396,441377,673934,425863,453297,153085,529644,,1631,635,860,2251,3421,881,,56296,2687,3586,,,5,66,,,,242,1445,10630
584115553031,177,3518,128627,2024-06-04T03:19:10.000Z,2,2,CommandAndControl,,TruePositive,,,User,Impacted,98799,138268,360606,160396,197644,324363,173069,192115,153085,529644,,1631,635,860,2251,3421,881,,289573,117668,3586,,,5,66,,Suspicious,Suspicious,242,1445,10630
292057778178,19,6046,2067,2024-05-29T23:50:55.000Z,23,16,CommandAndControl,,BenignPositive,,,Ip,Related,98799,138268,627,160396,441377,673934,425863,453297,153085,529644,,1631,635,860,2251,3421,881,,289573,117668,3586,,,5,66,,,,242,1445,10630
773094115053,0,553,544405,2024-06-03T06:47:10.000Z,7,6,InitialAccess,,TruePositive,,,User,Impacted,98799,138268,360606,160396,5669,8140,5712,6138,153085,529644,,1631,635,860,2251,3421,881,,289573,117668,3586,,,5,66,,,,242,1445,10630
1614907705399,31,82651,36208,2024-06-07T12:55:46.000Z,45,1511,Exfiltration,,BenignPositive,,,Machine,Impacted,98799,138268,360606,160396,441377,673934,425863,453297,38,529644,,1631,635,860,2251,3421,881,,289573,117668,3586,,,5,66,,,,242,1445,10630
25769804450,844,3004,303550,2024-06-03T16:53:26.000Z,6,5,InitialAccess,T1566,BenignPositive,,,MailCluster,Related,98799,138268,360606,160396,441377,673934,425863,453297,153085,529644,,1631,635,860,2251,3421,881,,289573,117668,3586,,,5,66,,,Malicious,242,1445,10630
987842479741,1,983,53639,2024-06-04T07:16:15.000Z,0,0,InitialAccess,T1078;T1078.004,TruePositive,,,User,Impacted,98799,138268,360606,160396,1370,1857,1368,1437,153085,529644,,1631,635,860,2251,3421,881,,289573,117668,3586,,,5,66,,,,242,1445,10630
283467846310,38,187252,303687,2024-06-12T21:01:02.000Z,10,8,InitialAccess,T1566.001,BenignPositive,,,Mailbox,Impacted,98799,138268,360606,160396,162311,139628,165204,123707,153085,529644,,1631,635,860,2251,3421,881,,289573,117668,3586,,,5,66,,,Malicious,242,1445,10630
429496734082,53,374,169,2024-06-05T01:16:06.000Z,61,44,InitialAccess,T1190;T1133,FalsePositive,,,Ip,Related,98799,138268,153208,160396,441377,673934,425863,453297,153085,529644,,1631,635,860,2251,3421,881,,289573,117668,3586,,,5,66,,,,242,1445,10630
1348619732506,41,56738,34504,2024-06-04T13:09:33.000Z,32,8405,Exfiltration,,TruePositive,,,File,Impacted,98799,138268,360606,160396,441377,673934,425863,453297,153085,529644,,1631,635,860,2251,3421,881,,122798,0,3586,,,5,66,,,,242,1445,10630
446676604015,96,9621,6310,2024-06-16T02:25:55.000Z,27,18,Discovery,T1087;T1087.002,BenignPositive,,,Machine,Related,98799,138268,360606,160396,441377,673934,425863,453297,140797,529644,,1631,635,860,2251,3421,881,,289573,117668,3586,,Destination,5,66,,,,242,1445,10630
498216206984,17,236,46941,2024-06-04T18:41:36.000Z,20,236,Exfiltration,,FalsePositive,,,File,Impacted,98799,138268,360606,160396,441377,673934,425863,453297,153085,529644,,1631,635,860,2251,3421,881,,66,53,3586,,,5,66,,,,242,1445,10630
111669154679,37,34,39517,2024-06-06T09:32:35.000Z,395,16211,Exfiltration,,FalsePositive,,,File,Impacted,98799,138268,360606,160396,441377,673934,425863,453297,153085,529644,,1631,635,860,2251,3421,881,,44169,35734,3586,,,5,66,,,,242,1445,10630
420906799718,9,282,78459,2024-06-06T07:41:06.000Z,77,13640,Exfiltration,,BenignPositive,,,Ip,Related,98799,138268,96,160396,441377,673934,425863,453297,153085,529644,,1631,635,860,2251,3421,881,,289573,117668,3586,,,5,66,,,,242,1445,10630
790273986966,71,299,2196,2024-06-07T14:54:44.000Z,194,167,Exfiltration,,FalsePositive,,,Ip,Related,98799,138268,19990,160396,441377,673934,425863,453297,153085,529644,,1631,635,860,2251,3421,881,,289573,117668,3586,,,5,66,,,,242,1445,10630
300647712994,52,1886,1955,2024-06-07T21:15:28.000Z,188,152,DefenseEvasion,,TruePositive,,,User,Impacted,98799,138268,360606,160396,292269,351170,258610,224700,153085,529644,,1631,635,860,2251,3421,881,,289573,117668,3586,,,5,66,,,,242,1445,10630
1451698949449,231,183927,1707569,2024-06-07T02:18:23.000Z,952,1620,SuspiciousActivity,,TruePositive,,,User,Impacted,98799,138268,360606,160396,10213,10207,10299,11085,153085,529644,,1631,635,860,2251,3421,881,,289573,117668,3586,,,5,66,,,,242,1445,10630
1709396984374,759,72853,66317,2024-06-04T05:49:10.000Z,47,30,InitialAccess,T1566.002,BenignPositive,,,MailCluster,Related,98799,138268,360606,160396,441377,673934,425863,453297,153085,529644,,1631,635,860,2251,3421,881,,289573,117668,3586,,,5,66,,,NoThreatsFound,242,1445,10630
1709396984198,356,54513,71723,2024-06-07T11:18:55.000Z,11,9,InitialAccess,T1566,BenignPositive,,,User,Impacted,98799,138268,360606,160396,296619,246645,308209,213476,153085,529644,,1631,635,860,2251,3421,881,,289573,117668,3586,,,5,66,,,,242,1445,10630
1417339208090,79,2996,205924,2024-06-09T08:45:49.000Z,56,40,CredentialAccess,T1003;T1012;T1552.002,FalsePositive,,,RegistryKey,Related,98799,138268,360606,160396,441377,673934,425863,453297,153085,529644,,0,635,860,2251,3421,881,,289573,117668,3586,,,5,66,,Suspicious,Suspicious,242,1445,10630
721554506752,56,213075,351638,2024-06-16T02:15:19.000Z,3,4,SuspiciousActivity,,BenignPositive,,,Url,Related,98799,138268,360606,879,441377,673934,425863,453297,153085,529644,,1631,635,860,2251,3421,881,,289573,117668,3586,,,5,66,,Suspicious,Suspicious,242,1445,10630
420906796303,117,71,1286524,2024-06-04T01:38:48.000Z,7,6,InitialAccess,,TruePositive,,,User,Impacted,98799,138268,360606,160396,3580,4778,3587,3751,153085,529644,,1631,635,860,2251,3421,881,,289573,117668,3586,,,5,66,,,,242,1445,10630
206158433928,100,9295,7814,2024-05-31T02:55:59.000Z,72,53,Impact,,BenignPositive,,,Ip,Related,98799,138268,936,160396,441377,673934,425863,453297,153085,529644,,1631,635,860,2251,3421,881,,289573,117668,3586,,,5,66,,,,242,1445,10630
944892809016,264,243852,897307,2024-06-13T18:36:13.000Z,0,0,InitialAccess,T1078;T1078.004,FalsePositive,,,CloudLogonRequest,Related,98799,138268,360606,160396,441377,673934,425863,453297,153085,529644,,1631,635,860,2251,3421,881,,289573,117668,3586,,,5,66,,,,242,1445,10630
77309411982,257,294360,368111,2024-06-14T12:30:16.000Z,25,17,InitialAccess,,BenignPositive,,,Mailbox,Impacted,98799,138268,360606,160396,26663,41538,25033,27546,153085,529644,,1631,635,860,2251,3421,881,,289573,117668,3586,,,5,66,,,,242,1445,10630
618475291196,58,463,1084,2024-06-12T16:35:03.000Z,11,9,InitialAccess,T1566,BenignPositive,,,User,Impacted,98799,138268,360606,160396,20247,20296,21365,17514,153085,529644,,1631,635,860,2251,3421,881,,289573,117668,3586,,,5,66,,,,242,1445,10630
1546188230090,35,165,1348593,2024-06-04T01:14:13.000Z,14,12,CredentialAccess,T1110;T1110.003;T1110.001,TruePositive,,,CloudLogonRequest,Related,98799,138268,360606,160396,441377,673934,425863,453297,153085,529644,,1631,635,860,2251,3421,881,,289573,117668,3586,,,5,66,,,,242,1445,10630
962072674575,11,423638,908337,2024-06-13T03:23:47.000Z,0,0,InitialAccess,T1078;T1078.004,FalsePositive,,,User,Impacted,98799,138268,360606,160396,3295,4412,3294,3482,153085,529644,,1631,635,860,2251,3421,881,,289573,117668,3586,,,5,66,,,,242,1445,10630
60129542195,6,3314,2172,2024-05-31T13:51:42.000Z,17,1675,Impact,,BenignPositive,,,Ip,Related,98799,138268,292961,160396,441377,673934,425863,453297,153085,529644,,1631,635,860,2251,3421,881,,289573,117668,3586,,,5,66,,,,242,1445,10630
1417339209460,26,15580,694405,2024-06-07T11:39:53.000Z,31,6136,Malware,,BenignPositive,,,Machine,Impacted,1,138268,360606,160396,441377,673934,425863,453297,1,529644,,1631,635,860,2251,3421,881,,289573,117668,3586,,,0,0,,Suspicious,Suspicious,242,1445,10630
1374389537640,75,56,841711,2024-06-09T20:54:02.000Z,4,3,InitialAccess,,TruePositive,,,CloudLogonRequest,Related,98799,138268,360606,160396,441377,673934,425863,453297,153085,529644,,1631,635,860,2251,3421,881,,289573,117668,3586,,,5,66,,,,242,1445,10630
300647712368,7,429,744,2024-06-02T07:05:17.000Z,22,10,Impact,,FalsePositive,,,Ip,Related,98799,138268,13182,160396,441377,673934,425863,453297,153085,529644,,1631,635,860,2251,3421,881,,289573,117668,3586,,,5,66,,,,242,1445,10630
1546188229671,73,157350,154345,2024-06-04T14:59:52.000Z,80,33241,Exfiltration,,FalsePositive,,,MailMessage,Impacted,98799,138268,360606,160396,441377,105980,425863,453297,153085,278077,,1631,635,860,2251,3421,881,,289573,117668,3586,,,5,66,,,,242,1445,10630
1434519077334,77,50230,82262,2024-06-06T18:30:02.000Z,13,11,InitialAccess,T1566,BenignPositive,,,User,Impacted,98799,138268,360606,160396,26019,19000,26467,27300,153085,529644,,1631,635,860,2251,3421,881,,289573,117668,3586,,,5,66,,,,242,1445,10630
1374389535220,151,5367,3490,2024-06-10T12:08:36.000Z,113,91,InitialAccess,,BenignPositive,,,Ip,Related,98799,138268,4760,160396,441377,673934,425863,453297,153085,529644,,1631,635,860,2251,3421,881,,289573,117668,3586,,,5,66,,,,242,1445,10630
601295422311,61,1058,446716,2024-06-06T22:13:52.000Z,13,11,InitialAccess,T1566,FalsePositive,,,Mailbox,Impacted,98799,138268,360606,160396,104151,81698,88604,110195,153085,529644,,1631,635,860,2251,3421,881,,289573,117668,3586,,,5,66,,,,242,1445,10630
1236950583733,346,11152,7383,2024-05-31T00:21:52.000Z,1237,2352,Collection,T1113;T0852,BenignPositive,,,Machine,Impacted,50811,138268,360606,160396,441377,673934,425863,453297,80031,529644,,1631,635,860,2251,3421,881,,289573,117668,3586,,,5,66,,,,242,1445,10630
1288490192757,14,550,670215,2024-06-12T15:52:53.000Z,169,138,SuspiciousActivity,T1595,BenignPositive,,,Ip,Related,98799,138268,345,160396,441377,673934,425863,453297,153085,529644,,1631,635,860,2251,3421,881,,289573,117668,3586,,,5,66,,,,242,1445,10630
446676602587,3,100972,724217,2024-06-09T13:52:37.000Z,36,216,SuspiciousActivity,,BenignPositive,,,User,Impacted,98799,138268,360606,160396,101172,131823,94296,172355,153085,529644,,1631,635,860,2251,3421,881,,289573,117668,3586,,,5,66,,Suspicious,Suspicious,242,1445,10630
936302872198,1,46,547945,2024-06-06T09:11:16.000Z,0,0,InitialAccess,T1078;T1078.004,TruePositive,,,CloudLogonRequest,Related,98799,138268,360606,160396,441377,673934,425863,453297,153085,529644,,1631,635,860,2251,3421,881,,289573,117668,3586,,,5,66,,,,242,1445,10630
1185410975536,303,394,1185277,2024-06-15T05:13:47.000Z,7,6,InitialAccess,,TruePositive,,,User,Impacted,98799,138268,360606,160396,4930,6928,4957,5287,153085,529644,,1631,635,860,2251,3421,881,,289573,117668,3586,,,5,66,,,,242,1445,10630
1073741827836,72,70,1255504,2024-06-09T05:18:38.000Z,7,6,InitialAccess,,TruePositive,,,Ip,Related,98799,138268,103,160396,441377,673934,425863,453297,153085,529644,,1631,635,860,2251,3421,881,,289573,117668,3586,,,5,66,,,,38,58,55
1288490192243,2,5140,10076,2024-06-06T16:07:40.000Z,42,27,Exfiltration,,BenignPositive,,,File,Impacted,98799,138268,360606,160396,441377,673934,425863,453297,153085,529644,,1631,635,860,2251,3421,881,,126720,0,3586,,,5,66,,,,242,1445,10630
1099511630018,223,47812,49150,2024-06-04T17:03:19.000Z,231,3948,Exfiltration,,BenignPositive,,,MailMessage,Impacted,98799,138268,360606,160396,441377,69116,425863,453297,153085,16406,,1631,635,860,2251,3421,881,,289573,117668,3586,,,5,66,,,,242,1445,10630
1632087576858,1302,147249,497632,2024-06-05T18:52:24.000Z,14,12,CredentialAccess,T1110;T1110.003;T1110.001,TruePositive,,,User,Impacted,98799,138268,360606,160396,15247,26070,15764,17049,153085,529644,,1631,635,860,2251,3421,881,,289573,117668,3586,,,5,66,,,,242,1445,10630
687194767506,11,402029,1034791,2024-06-04T06:08:36.000Z,0,0,InitialAccess,T1078;T1078.004,FalsePositive,,,CloudLogonSession,Related,98799,138268,360606,160396,441377,673934,425863,453297,153085,529644,,1631,635,860,2251,3421,881,,289573,117668,3586,,,5,66,,,,242,1445,10630
704374641200,1037,87828,1630133,2024-06-14T15:16:28.000Z,7297,80754,InitialAccess,,FalsePositive,,,Mailbox,Impacted,98799,138268,360606,160396,235900,414045,299263,3616,153085,529644,,1631,635,860,2251,3421,881,,289573,117668,3586,,,5,66,,,,242,1445,10630
1297080125994,1021,131247,678366,2024-06-03T08:42:07.000Z,91,68,CredentialAccess,T1110;T1110.001;T1110.003,FalsePositive,,,User,Impacted,98799,138268,360606,160396,134511,219074,121970,142507,153085,529644,,1631,635,860,2251,3421,881,,289573,117668,3586,,Suspicious,5,66,,,,242,1445,10630
1202590843353,54,528269,1459127,2024-06-10T14:25:14.000Z,102,87233,Exfiltration,,BenignPositive,,,File,Impacted,98799,138268,360606,160396,441377,673934,425863,453297,153085,529644,,1631,635,860,2251,3421,881,,172135,468,3586,,,5,66,,,,242,1445,10630
1279900256988,575,3978,2485,2024-06-08T07:30:33.000Z,27,18,Discovery,T1087;T1087.002,BenignPositive,,,Machine,Related,98799,138268,360606,160396,441377,673934,425863,453297,90885,529644,,1631,635,860,2251,3421,881,,289573,117668,3586,,Destination,5,66,,,,242,1445,10630
652835029066,6,247758,469911,2024-06-14T15:46:43.000Z,2,2,CommandAndControl,,BenignPositive,,,User,Impacted,98799,138268,360606,160396,340311,466045,44250,213859,153085,529644,,1631,635,860,2251,3421,881,,289573,117668,3586,,,5,66,,Suspicious,Suspicious,242,1445,10630
1022202218170,220,74330,479711,2024-06-06T12:57:28.000Z,178,3083,Exfiltration,,FalsePositive,,,File,Impacted,98799,138268,360606,160396,441377,673934,425863,453297,153085,529644,,1631,635,860,2251,3421,881,,2974,2670,3586,,,5,66,,,,242,1445,10630
850403528543,109,5984,649003,2024-06-05T23:01:50.000Z,75,62710,Exfiltration,,BenignPositive,,,User,Impacted,98799,138268,360606,160396,441377,366039,425863,1377,153085,529644,,1631,635,860,2251,3421,881,,289573,117668,3586,,,5,66,,,,242,1445,10630
824633722714,0,458848,1345703,2024-06-09T22:20:25.000Z,7,6,InitialAccess,,TruePositive,,,User,Impacted,98799,138268,360606,160396,341,455,333,368,153085,529644,,1631,635,860,2251,3421,881,,289573,117668,3586,,,5,66,,,,242,1445,10630
919123003550,13,32510,20482,2024-06-07T12:21:29.000Z,399,2311,Exfiltration,,BenignPositive,,,MailMessage,Impacted,98799,138268,360606,160396,441377,86382,425863,453297,153085,1489,,1631,635,860,2251,3421,881,,289573,117668,3586,,,5,66,,,,242,1445,10630
60129545950,3,63768,254411,2024-06-16T18:08:43.000Z,2,2,CommandAndControl,,BenignPositive,,,Process,Related,98799,12,360606,160396,441377,673934,425863,453297,153085,529644,,1631,635,860,2251,3421,881,,10,13,3586,,,5,66,,Suspicious,Suspicious,242,1445,10630
1365799603318,51,213525,296916,2024-06-10T08:04:42.000Z,39,26,Execution,T1559;T1106;T1059.005,BenignPositive,,,File,Related,98799,6,360606,160396,441377,673934,425863,453297,153085,529644,,1631,635,860,2251,3421,881,,8,1323,3586,,,5,66,,,,242,1445,10630
77309413823,5,1352,104916,2024-06-07T23:17:44.000Z,4,3,InitialAccess,,TruePositive,,,Ip,Related,98799,138268,13,160396,441377,673934,425863,453297,153085,529644,,1631,635,860,2251,3421,881,,289573,117668,3586,,,5,66,,,,6,23,26
1563368097504,0,82,1184005,2024-06-06T06:03:47.000Z,0,0,InitialAccess,T1078;T1078.004,TruePositive,,,Ip,Related,98799,138268,21,160396,441377,673934,425863,453297,153085,529644,,1631,635,860,2251,3421,881,,289573,117668,3586,,,5,66,,,,0,9,18
300647713174,5,350,160369,2024-06-08T14:59:55.000Z,4,3,InitialAccess,,TruePositive,,,CloudLogonRequest,Related,98799,138268,360606,160396,441377,673934,425863,453297,153085,529644,,1631,635,860,2251,3421,881,,289573,117668,3586,,,5,66,,,,242,1445,10630
850403528511,734,372626,1367678,2024-06-05T00:59:08.000Z,5,2518,SuspiciousActivity,,BenignPositive,,,User,Impacted,98799,138268,360606,160396,436219,507908,315130,354618,153085,529644,,1631,635,860,2251,3421,881,,289573,117668,3586,,,5,66,,,,242,1445,10630
532575945351,257,352301,655032,2024-06-14T16:03:48.000Z,25,17,InitialAccess,,BenignPositive,,,Mailbox,Impacted,98799,138268,360606,160396,1263,1718,1258,1325,153085,529644,,1631,635,860,2251,3421,881,,289573,117668,3586,,,5,66,,,,242,1445,10630
1288490192147,97,122162,51426,2024-06-12T21:12:21.000Z,1,1,InitialAccess,T1566.002,TruePositive,,,MailMessage,Related,98799,138268,360606,160396,441377,66248,425863,453297,153085,66792,,1631,635,860,2251,3421,881,,289573,117668,3586,,,5,66,Inbound,,Malicious,242,1445,10630
1374389536423,1,39,388768,2024-06-04T18:16:05.000Z,0,0,InitialAccess,T1078;T1078.004,TruePositive,,,User,Impacted,98799,138268,360606,160396,4242,5793,4223,4498,153085,529644,,1631,635,860,2251,3421,881,,289573,117668,3586,,,5,66,,,,242,1445,10630
369367189190,0,3118,179627,2024-06-10T05:26:37.000Z,0,0,InitialAccess,T1078;T1078.004,TruePositive,,,CloudLogonRequest,Related,98799,138268,360606,160396,441377,673934,425863,453297,153085,529644,,1631,635,860,2251,3421,881,,289573,117668,3586,,,5,66,,,,242,1445,10630
1202590846122,33,5541,3686,2024-06-05T04:56:44.000Z,38,25,Impact,,BenignPositive,,,Url,Related,98799,138268,360606,109577,441377,673934,425863,453297,153085,529644,,1631,635,860,2251,3421,881,,289573,117668,3586,,,5,66,,,,242,1445,10630
1700807052224,55,179373,623873,2024-06-12T21:41:37.000Z,3,4,SuspiciousActivity,,TruePositive,,,Ip,Related,98799,138268,316832,160396,441377,673934,425863,453297,153085,529644,,1631,635,860,2251,3421,881,,289573,117668,3586,,,5,66,,Suspicious,Suspicious,242,1445,10630
575525619493,0,98,974019,2024-06-10T20:32:11.000Z,0,0,InitialAccess,T1078;T1078.004,TruePositive,,,CloudLogonRequest,Related,98799,138268,360606,160396,441377,673934,425863,453297,153085,529644,,1631,635,860,2251,3421,881,,289573,117668,3586,,,5,66,,,,242,1445,10630
1649267445997,36,168201,611268,2024-06-06T12:49:47.000Z,3,18395,CredentialAccess,,TruePositive,,,Ip,Related,98799,138268,227612,160396,441377,673934,425863,453297,153085,529644,,1631,635,860,2251,3421,881,,289573,117668,3586,,,5,66,,Suspicious,Suspicious,242,1445,10630
773094115353,49,110905,704445,2024-06-11T20:24:15.000Z,2,2,CommandAndControl,,TruePositive,,,Machine,Impacted,10530,138268,360606,160396,441377,673934,425863,453297,16234,529644,,1631,635,860,2251,3421,881,,289573,117668,3586,,,0,0,,Suspicious,Suspicious,242,1445,10630
704374638309,0,94,169356,2024-06-08T07:08:00.000Z,0,0,InitialAccess,T1078;T1078.004,TruePositive,,,CloudLogonSession,Related,98799,138268,360606,160396,441377,673934,425863,453297,153085,529644,,1631,635,860,2251,3421,881,,289573,117668,3586,,,5,66,,,,242,1445,10630
1030792155082,14,3741,3041,2024-05-20T02:55:26.000Z,29,20,Impact,,TruePositive,,,Ip,Related,98799,138268,22837,160396,441377,673934,425863,453297,153085,529644,,1631,635,860,2251,3421,881,,289573,117668,3586,,,5,66,,,,242,1445,10630
395136991590,2965,459145,1545329,2024-05-20T21:06:08.000Z,3980,11658,CredentialAccess,,BenignPositive,,,Ip,Related,98799,138268,31957,160396,441377,673934,425863,453297,153085,529644,,1631,635,860,2251,3421,881,,289573,117668,3586,,,5,66,,,,242,1445,10630
652835029038,6,181329,616810,2024-06-10T05:26:51.000Z,3,4,SuspiciousActivity,,BenignPositive,,,Url,Related,98799,138268,360606,186,441377,673934,425863,453297,153085,529644,,1631,635,860,2251,3421,881,,289573,117668,3586,,,5,66,,,,242,1445,10630
755914244580,77,82597,150306,2024-06-09T07:08:12.000Z,1,1,InitialAccess,T1566.002,BenignPositive,,,Url,Related,98799,138268,360606,1678,441377,673934,425863,453297,153085,529644,,1631,635,860,2251,3421,881,,289573,117668,3586,,,5,66,,,Malicious,242,1445,10630
549755815919,23,176,879081,2024-06-05T16:25:40.000Z,4,3,InitialAccess,,TruePositive,,,Ip,Related,98799,138268,64968,160396,441377,673934,425863,453297,153085,529644,,1631,635,860,2251,3421,881,,289573,117668,3586,,,5,66,,,,16,1445,10630
1288490193312,105,1594,1017,2024-06-08T16:06:00.000Z,27,18,Discovery,T1087;T1087.002,BenignPositive,,,Machine,Related,98799,138268,360606,160396,441377,673934,425863,453297,106206,529644,,1631,635,860,2251,3421,881,,289573,117668,3586,,Destination,5,66,,,,242,1445,10630
1065151892494,51,47843,297906,2024-06-17T00:45:52.000Z,39,26,Execution,T1559;T1106;T1059.005,BenignPositive,,,File,Related,98799,4,360606,160396,441377,673934,425863,453297,153085,529644,,1631,635,860,2251,3421,881,,3,6,3586,,,5,66,,,,242,1445,10630
1709396987224,2,16320,5277,2024-06-11T18:06:15.000Z,15,13,Exfiltration,,BenignPositive,,,MailMessage,Impacted,98799,138268,360606,160396,441377,12,425863,453297,153085,7233,,1631,635,860,2251,3421,881,,289573,117668,3586,,,5,66,,,,242,1445,10630
1486058687753,85,166483,56545,2024-06-12T05:52:59.000Z,69,19455,Exfiltration,,BenignPositive,,,Machine,Impacted,98799,138268,360606,160396,441377,673934,425863,453297,4447,529644,,1631,635,860,2251,3421,881,,289573,117668,3586,,,5,66,,,,242,1445,10630
1236950585709,281,98604,364433,2024-06-15T04:41:10.000Z,10,8,InitialAccess,T1566.001,BenignPositive,,,File,Related,98799,127346,360606,160396,441377,673934,425863,453297,153085,529644,,1631,635,860,2251,3421,881,,894,117668,3586,,,5,66,,,,242,1445,10630
953482743569,14,3816,2749,2024-05-24T11:01:29.000Z,29,20,Impact,,TruePositive,,,Ip,Related,98799,138268,2272,160396,441377,673934,425863,453297,153085,529644,,1631,635,860,2251,3421,881,,289573,117668,3586,,,5,66,,,,242,1445,10630
1709396986930,532,144837,584186,2024-06-11T21:08:04.000Z,5,1199,SuspiciousActivity,,FalsePositive,,,Ip,Related,98799,138268,3427,160396,441377,673934,425863,453297,153085,529644,,1631,635,860,2251,3421,881,,289573,117668,3586,,Contextual,5,66,,,,242,1445,10630
523986013511,97,171241,59779,2024-06-12T11:46:13.000Z,1,1,InitialAccess,T1566.002,TruePositive,,,MailCluster,Related,98799,138268,360606,160396,441377,673934,425863,453297,153085,529644,3989172773.0,1631,635,860,2251,3421,881,,289573,117668,3586,,,5,66,,,Suspicious,242,1445,10630
558345751948,2,4476,5445,2024-06-06T12:35:50.000Z,15,13,Exfiltration,,BenignPositive,,,MailMessage,Impacted,98799,138268,360606,160396,441377,5,425863,453297,153085,96238,,1631,635,860,2251,3421,881,,289573,117668,3586,,,5,66,,,,242,1445,10630
1159641174879,4,284,316,2024-05-31T03:13:23.000Z,8,7,InitialAccess,T1133,FalsePositive,,,Machine,Impacted,98799,138268,360606,160396,441377,673934,425863,453297,715,529644,,1631,635,860,2251,3421,881,,289573,117668,3586,,,5,66,,,,242,1445,10630
1357209669612,10,958,248,2024-05-20T00:19:46.000Z,12,52,Impact,,TruePositive,,,Ip,Related,98799,138268,785,160396,441377,673934,425863,453297,153085,529644,,1631,635,860,2251,3421,881,,289573,117668,3586,,,5,66,,,,242,1445,10630
584115557360,222,37013,853530,2024-06-13T05:33:52.000Z,0,0,InitialAccess,T1078;T1078.004,FalsePositive,,,CloudLogonRequest,Related,98799,138268,360606,160396,441377,673934,425863,453297,153085,529644,,1631,635,860,2251,3421,881,,289573,117668,3586,,,5,66,,,,242,1445,10630
8589939525,4,202,428,2024-05-26T01:42:06.000Z,8,7,InitialAccess,T1133,FalsePositive,,,Machine,Impacted,98799,138268,360606,160396,441377,673934,425863,453297,115,529644,,1631,635,860,2251,3421,881,,289573,117668,3586,,,5,66,,,,242,1445,10630
1116691500518,351,201960,582931,2024-06-11T20:12:53.000Z,5,6948,SuspiciousActivity,,BenignPositive,,,User,Impacted,98799,138268,360606,160396,20501,34248,21428,22896,153085,529644,,1631,635,860,2251,3421,881,,289573,117668,3586,,,5,66,,,,242,1445,10630
1494648622732,3,191868,754758,2024-06-05T14:57:19.000Z,2,2,CommandAndControl,,BenignPositive,,,User,Impacted,98799,138268,360606,160396,33748,52549,31392,34887,153085,529644,,1631,635,860,2251,3421,881,,289573,117668,3586,,,5,66,,Suspicious,Suspicious,242,1445,10630
94489281598,129,7764,83755,2024-06-07T15:45:02.000Z,104,24290,Exfiltration,,BenignPositive,,,File,Impacted,98799,138268,360606,160396,441377,673934,425863,453297,153085,529644,,1631,635,860,2251,3421,881,,173676,0,3586,,,5,66,,,,242,1445,10630
1563368097990,502,8950,33842,2024-06-03T06:42:40.000Z,1,1,InitialAccess,T1566.002,TruePositive,,,Url,Related,98799,138268,360606,6762,441377,673934,425863,453297,153085,529644,,1631,635,860,2251,3421,881,,289573,117668,3586,,,5,66,,,Malicious,242,1445,10630
206158432788,1245,64588,580182,2024-06-11T03:34:56.000Z,9,185,Execution,,TruePositive,,,CloudApplication,Impacted,98799,138268,360606,160396,441377,673934,425863,453297,153085,529644,,1631,635,860,3,3,881,,289573,117668,3586,,,5,66,,,,242,1445,10630
472446405772,154,140780,298836,2024-06-10T22:27:24.000Z,10,8,InitialAccess,T1566.001,BenignPositive,,,MailMessage,Related,98799,138268,360606,160396,441377,78075,425863,453297,153085,134910,,1631,635,860,2251,3421,881,,289573,117668,3586,,,5,66,Inbound,,NoThreatsFound,242,1445,10630
309237647398,19,4918,2025,2024-06-02T11:00:19.000Z,23,16,CommandAndControl,,TruePositive,,,Ip,Related,98799,138268,1207,160396,441377,673934,425863,453297,153085,529644,,1631,635,860,2251,3421,881,,289573,117668,3586,,,5,66,,,,242,1445,10630
309237647732,48,451066,587197,2024-06-13T00:28:42.000Z,9,45,Execution,,BenignPositive,,,User,Impacted,98799,138268,360606,160396,3232,4272,3230,3375,153085,529644,,1631,635,860,2251,3421,881,,289573,117668,3586,,,5,66,,,,242,1445,10630
1546188230452,3,269342,203985,2024-06-14T09:01:45.000Z,3,135,SuspiciousActivity,,BenignPositive,,,Machine,Impacted,32688,138268,360606,160396,441377,673934,425863,453297,48972,529644,,1631,635,860,2251,3421,881,,289573,117668,3586,,,5,66,,Suspicious,Suspicious,242,1445,10630
1082331759668,125,775,14236,2024-06-12T10:34:46.000Z,257,3932,Exfiltration,,BenignPositive,,,User,Impacted,98799,138268,360606,160396,441377,8962,425863,6676,153085,529644,,1631,635,860,2251,3421,881,,289573,117668,3586,,,5,66,,,,242,1445,10630
1675037250375,4,2607,428,2024-05-26T01:42:06.000Z,8,7,InitialAccess,T1133,FalsePositive,,,Machine,Impacted,98799,138268,360606,160396,441377,673934,425863,453297,144,529644,,1631,635,860,2251,3421,881,,289573,117668,3586,,,5,66,,,,242,1445,10630
146028890581,5,254,499302,2024-06-09T13:30:38.000Z,0,0,InitialAccess,T1078;T1078.004,TruePositive,,,CloudLogonRequest,Related,98799,138268,360606,160396,441377,673934,425863,453297,153085,529644,,1631,635,860,2251,3421,881,,289573,117668,3586,,,5,66,,,,242,1445,10630
489626275919,20,611,184,2024-05-25T22:07:07.000Z,59,10,Impact,,FalsePositive,,,Ip,Related,98799,138268,1057,160396,441377,673934,425863,453297,153085,529644,,1631,635,860,2251,3421,881,,289573,117668,3586,,,5,66,,,,242,1445,10630
764504180705,19,5207,3895,2024-06-05T16:48:45.000Z,23,16,CommandAndControl,,BenignPositive,,,Url,Related,98799,138268,360606,1065,441377,673934,425863,453297,153085,529644,,1631,635,860,2251,3421,881,,289573,117668,3586,,,5,66,,,,242,1445,10630
352187320240,19,7669,21549,2024-06-04T08:17:02.000Z,92,29,CommandAndControl,T1046;T1071;T1210,BenignPositive,,,Url,Related,98799,138268,360606,242,441377,673934,425863,453297,153085,529644,,1631,635,860,2251,3421,881,,289573,117668,3586,,,5,66,,,,242,1445,10630
498216210127,3,33188,251448,2024-06-04T18:03:26.000Z,2,2,CommandAndControl,,BenignPositive,,,Url,Related,98799,138268,360606,56,441377,673934,425863,453297,153085,529644,,1631,635,860,2251,3421,881,,289573,117668,3586,,,5,66,,Suspicious,Suspicious,242,1445,10630
1382979470156,107,39863,38018,2024-06-03T11:03:41.000Z,1,1,InitialAccess,T1566.002,TruePositive,,,Mailbox,Impacted,98799,138268,360606,160396,8194,7547,8132,8785,153085,529644,,1631,635,860,2251,3421,881,,289573,117668,3586,,,5,66,,,,242,1445,10630
1271310322872,471,48503,777488,2024-06-12T13:55:07.000Z,2,2,CommandAndControl,,BenignPositive,,,Machine,Impacted,62245,138268,360606,160396,441377,673934,425863,453297,75135,529644,,1631,635,860,2251,3421,881,,289573,117668,3586,,,0,0,,Suspicious,Suspicious,242,1445,10630
1125281434896,51,77096,135985,2024-06-12T06:48:31.000Z,39,26,Execution,T1559;T1106;T1059.005,BenignPositive,,,Machine,Impacted,2665,138268,360606,160396,441377,673934,425863,453297,5272,529644,,1631,635,860,2251,3421,881,,289573,117668,3586,,,5,66,,,,242,1445,10630
996432413124,348,32709,804846,2024-06-06T20:29:07.000Z,252,235,LateralMovement,T1534,BenignPositive,,,User,Impacted,98799,138268,360606,160396,197546,439209,199787,204807,153085,529644,,1631,635,860,2251,3421,881,,289573,117668,3586,,,5,66,,,,242,1445,10630
352187322839,9,5634,79331,2024-06-03T14:38:06.000Z,40,22845,Exfiltration,,BenignPositive,,,MailMessage,Impacted,98799,138268,360606,160396,441377,417104,425863,453297,153085,17208,,1631,635,860,2251,3421,881,,289573,117668,3586,,,5,66,,,,242,1445,10630
42949676419,2,18719,5811,2024-06-12T18:04:03.000Z,15,13,Exfiltration,,BenignPositive,,,MailMessage,Impacted,98799,138268,360606,160396,441377,406392,425863,453297,153085,56921,,1631,635,860,2251,3421,881,,289573,117668,3586,,,5,66,,,,242,1445,10630
60129543933,0,84,386904,2024-06-05T21:19:40.000Z,4,3,InitialAccess,,TruePositive,,,User,Impacted,98799,138268,360606,160396,436,581,430,469,153085,529644,,1631,635,860,2251,3421,881,,289573,117668,3586,,,5,66,,,,242,1445,10630
292057781060,4,1863,366,2024-05-31T10:39:15.000Z,8,7,InitialAccess,T1133,FalsePositive,,,Machine,Impacted,98799,138268,360606,160396,441377,673934,425863,453297,467,529644,,1631,635,860,2251,3421,881,,289573,117668,3586,,,5,66,,,,242,1445,10630
403726928797,50,76,1221256,2024-06-08T02:40:03.000Z,0,0,InitialAccess,T1078;T1078.004,TruePositive,,,CloudLogonRequest,Related,98799,138268,360606,160396,441377,673934,425863,453297,153085,529644,,1631,635,860,2251,3421,881,,289573,117668,3586,,,5,66,,,,242,1445,10630
352187321032,29,52231,32873,2024-06-13T01:37:19.000Z,101,78,CredentialAccess,,BenignPositive,,,User,Impacted,98799,138268,360606,160396,441377,673934,425863,23815,153085,529644,,1631,635,860,2251,3421,881,,289573,117668,3586,,,5,66,,,,242,1445,10630
661424966711,228,49819,455263,2024-06-11T16:31:01.000Z,6,5,InitialAccess,T1566,BenignPositive,,,User,Impacted,98799,138268,360606,160396,61662,154251,62179,35018,153085,529644,,1631,635,860,2251,3421,881,,289573,117668,3586,,,5,66,,,,242,1445,10630
240518170241,373,38893,90487,2024-06-12T14:11:21.000Z,315,314,CredentialAccess,T1003;T1003.002;T1003.004;T1012;T1021;T1090.001;T1112;T1489;T1543.003;T1559;T1569.002,TruePositive,,,RegistryValue,Related,98799,138268,360606,160396,441377,673934,425863,453297,153085,529644,,6,6,9,2251,3421,881,,289573,117668,3586,,,5,66,,Suspicious,Suspicious,242,1445,10630
549755816410,5,360404,870579,2024-06-13T08:00:48.000Z,0,0,InitialAccess,T1078;T1078.004,FalsePositive,,,User,Impacted,98799,138268,360606,160396,243462,398140,292855,268331,153085,529644,,1631,635,860,2251,3421,881,,289573,117668,3586,,,5,66,,,,242,1445,10630
927712937713,0,328,406679,2024-06-13T03:58:31.000Z,4,3,InitialAccess,,TruePositive,,,Ip,Related,98799,138268,22434,160396,441377,673934,425863,453297,153085,529644,,1631,635,860,2251,3421,881,,289573,117668,3586,,,5,66,,,,5,1445,10630
1597727835808,26,24397,474983,2024-06-16T10:34:28.000Z,31,309,Malware,,BenignPositive,,,File,Related,98799,1522,360606,160396,441377,673934,425863,453297,153085,529644,,1631,635,860,2251,3421,881,Malgent,3456,14736,3586,,,5,66,,Suspicious,Malicious,242,1445,10630
584115553727,88,66426,644627,2024-06-16T18:26:27.000Z,58,43,Exfiltration,,FalsePositive,,,User,Impacted,98799,138268,360606,160396,5125,4843,5151,5489,153085,529644,,1631,635,860,2251,3421,881,,289573,117668,3586,,,5,66,,,,242,1445,10630
60129544025,905,5908,2093,2024-06-11T16:12:53.000Z,1,1,InitialAccess,T1566.002,FalsePositive,,,Mailbox,Impacted,98799,138268,360606,160396,141949,159865,129271,149232,153085,529644,,1631,635,860,2251,3421,881,,289573,117668,3586,,,5,66,,,,242,1445,10630
25769806689,188,157697,158206,2024-06-09T02:02:32.000Z,1,1,InitialAccess,T1566.002,BenignPositive,,,MailCluster,Related,98799,138268,360606,160396,441377,673934,425863,453297,153085,529644,,1631,635,860,2251,3421,881,,289573,117668,3586,,,5,66,,,Malicious,242,1445,10630
326417516844,236,33230,100054,2024-06-05T16:47:06.000Z,10,8,InitialAccess,T1566.001,BenignPositive,,,Mailbox,Impacted,98799,138268,360606,160396,99214,76442,90160,99749,153085,529644,,1631,635,860,2251,3421,881,,289573,117668,3586,,,5,66,,,,242,1445,10630
120259085868,1,318,171084,2024-06-08T10:38:09.000Z,0,0,InitialAccess,T1078;T1078.004,TruePositive,,,Ip,Related,98799,138268,8243,160396,441377,673934,425863,453297,153085,529644,,1631,635,860,2251,3421,881,,289573,117668,3586,,,5,66,,,,3,5,21
1228360651414,301,84718,156800,2024-06-03T12:52:39.000Z,1,1,InitialAccess,T1566.002,BenignPositive,,,Url,Related,98799,138268,360606,38165,441377,673934,425863,453297,153085,529644,,1631,635,860,2251,3421,881,,289573,117668,3586,,,5,66,,,NoThreatsFound,242,1445,10630
197568498042,5,317,174372,2024-06-02T13:54:49.000Z,14,12,CredentialAccess,T1110;T1110.003;T1110.001,TruePositive,,,User,Impacted,98799,138268,360606,160396,13898,23145,13799,15160,153085,529644,,1631,635,860,2251,3421,881,,289573,117668,3586,,,5,66,,,,242,1445,10630
377957122648,567,19067,808460,2024-06-06T17:48:40.000Z,0,0,InitialAccess,T1078;T1078.004,FalsePositive,,,User,Impacted,98799,138268,360606,160396,176247,260484,182152,19054,153085,529644,,1631,635,860,2251,3421,881,,289573,117668,3586,,,5,66,,,,242,1445,10630
781684050746,34,147903,266335,2024-06-13T01:48:28.000Z,3,4,SuspiciousActivity,,BenignPositive,,,Ip,Related,98799,138268,3469,160396,441377,673934,425863,453297,153085,529644,,1631,635,860,2251,3421,881,,289573,117668,3586,,,5,66,,Suspicious,Suspicious,242,1445,10630
773094114444,16,203352,792413,2024-06-05T12:59:07.000Z,24,37,Exfiltration,,BenignPositive,,,MailMessage,Impacted,98799,138268,360606,160396,441377,166303,425863,453297,153085,464204,,1631,635,860,2251,3421,881,,289573,117668,3586,,,5,66,,,,242,1445,10630
85899346470,58,119270,657777,2024-06-04T19:30:36.000Z,11,9,InitialAccess,T1566,BenignPositive,,,Mailbox,Impacted,98799,138268,360606,160396,16675,17080,16579,18670,153085,529644,,1631,635,860,2251,3421,881,,289573,117668,3586,,,5,66,,,,242,1445,10630
790273982874,79,1377,418786,2024-06-04T10:34:37.000Z,56,40,CredentialAccess,T1003;T1012;T1552.002,FalsePositive,,,Machine,Impacted,3132,138268,360606,160396,441377,673934,425863,453297,5916,529644,,1631,635,860,2251,3421,881,,289573,117668,3586,,,0,0,,Suspicious,Suspicious,242,1445,10630
1340029800931,103,80912,90629,2024-06-05T17:13:09.000Z,2,2,CommandAndControl,,FalsePositive,,,Url,Related,98799,138268,360606,2568,441377,673934,425863,453297,153085,529644,,1631,635,860,2251,3421,881,,289573,117668,3586,,,5,66,,Suspicious,Suspicious,242,1445,10630
420906797051,23,171,74186,2024-06-04T11:15:09.000Z,0,0,InitialAccess,T1078;T1078.004,TruePositive,,,User,Impacted,98799,138268,360606,160396,10211,15914,10087,11094,153085,529644,,1631,635,860,2251,3421,881,,289573,117668,3586,,,5,66,,,,242,1445,10630
1305670061099,76,61,1008441,2024-06-08T13:43:34.000Z,4,3,InitialAccess,,TruePositive,,,Ip,Related,98799,138268,85,160396,441377,673934,425863,453297,153085,529644,,1631,635,860,2251,3421,881,,289573,117668,3586,,,5,66,,,,3,1445,10630
34359743094,9,231,1120173,2024-06-03T04:32:05.000Z,164,37377,Exfiltration,,BenignPositive,,,Machine,Impacted,98799,138268,360606,160396,441377,673934,425863,453297,17310,529644,,1631,635,860,2251,3421,881,,289573,117668,3586,,,5,66,,,,242,1445,10630
360777252883,6,2359,1531,2024-05-21T10:47:11.000Z,17,82,Impact,,BenignPositive,,,Ip,Related,98799,138268,26296,160396,441377,673934,425863,453297,153085,529644,,1631,635,860,2251,3421,881,,289573,117668,3586,,,5,66,,,,242,1445,10630
515396077947,5,35,1042617,2024-06-06T15:12:47.000Z,4,3,InitialAccess,,TruePositive,,,Ip,Related,98799,138268,6049,160396,441377,673934,425863,453297,153085,529644,,1631,635,860,2251,3421,881,,289573,117668,3586,,,5,66,,,,14,25,830
1340029796971,22,360,1164913,2024-06-03T16:28:12.000Z,0,0,InitialAccess,T1078;T1078.004,TruePositive,,,Ip,Related,98799,138268,10520,160396,441377,673934,425863,453297,153085,529644,,1631,635,860,2251,3421,881,,289573,117668,3586,,,5,66,,,,13,231,315
1632087575492,736,10715,119551,2024-06-11T16:46:55.000Z,1,1,InitialAccess,T1566.002,BenignPositive,,,MailCluster,Related,98799,138268,360606,160396,441377,673934,425863,453297,153085,529644,,1631,635,860,2251,3421,881,,289573,117668,3586,,,5,66,,,Suspicious,242,1445,10630
1185410975536,303,394,1055852,2024-06-03T13:24:48.000Z,0,0,InitialAccess,T1078;T1078.004,TruePositive,,,CloudLogonRequest,Related,98799,138268,360606,160396,441377,673934,425863,453297,153085,529644,,1631,635,860,2251,3421,881,,289573,117668,3586,,,5,66,,,,242,1445,10630
1348619733421,5,42,372587,2024-06-11T16:14:47.000Z,4,3,InitialAccess,,TruePositive,,,CloudLogonRequest,Related,98799,138268,360606,160396,441377,673934,425863,453297,153085,529644,,1631,635,860,2251,3421,881,,289573,117668,3586,,,5,66,,,,242,1445,10630
17179872613,2,6338,30165,2024-06-06T05:11:43.000Z,42,27,Exfiltration,,BenignPositive,,,User,Impacted,98799,138268,360606,160396,6572,878,6554,7050,153085,529644,,1631,635,860,2251,3421,881,,289573,117668,3586,,,5,66,,,,242,1445,10630
1151051235777,54,527788,1470470,2024-06-06T14:11:09.000Z,25,17,InitialAccess,,TruePositive,,,Mailbox,Impacted,98799,138268,360606,160396,177,148,168,200,153085,529644,,1631,635,860,2251,3421,881,,289573,117668,3586,,,5,66,,,,242,1445,10630
755914246049,39,1172,22521,2024-06-04T16:33:41.000Z,10,8,InitialAccess,T1566.001,BenignPositive,,,MailMessage,Related,98799,138268,360606,160396,441377,8510,425863,453297,153085,17579,,1631,635,860,2251,3421,881,,289573,117668,3586,,,5,66,Inbound,,NoThreatsFound,242,1445,10630
523986012728,445,11552,1103450,2024-06-13T22:32:25.000Z,538,586,DefenseEvasion,T1218.011,TruePositive,,,Machine,Impacted,251,138268,360606,160396,441377,673934,425863,453297,1257,529644,,1631,635,860,2251,3421,881,,289573,117668,3586,,,0,0,,Suspicious,Suspicious,242,1445,10630
1640677512284,112,125037,116385,2024-06-13T00:50:06.000Z,13,11,InitialAccess,T1566,BenignPositive,,,File,Related,98799,28365,360606,160396,441377,673934,425863,453297,153085,529644,,1631,635,860,2251,3421,881,,87,117668,3586,,,5,66,,,,242,1445,10630
1262720387781,8,16638,714928,2024-06-03T11:43:45.000Z,3,4,SuspiciousActivity,,TruePositive,,,Ip,Related,98799,138268,9936,160396,441377,673934,425863,453297,153085,529644,,1631,635,860,2251,3421,881,,289573,117668,3586,,,5,66,,Suspicious,Suspicious,242,1445,10630
335007452854,12,1969,1186,2024-05-30T11:41:07.000Z,16,51,Impact,,BenignPositive,,,Ip,Related,98799,138268,5978,160396,441377,673934,425863,453297,153085,529644,,1631,635,860,2251,3421,881,,289573,117668,3586,,,5,66,,,,242,1445,10630
661424968337,299,338281,1700321,2024-06-06T11:56:01.000Z,765,1046,InitialAccess,,BenignPositive,,,Mailbox,Impacted,98799,138268,360606,160396,441377,227,425863,453297,153085,529644,,1631,635,860,2251,3421,881,,289573,117668,3586,,,5,66,,,,242,1445,10630
25769806944,1694,18616,666391,2024-06-12T17:18:25.000Z,35,23,InitialAccess,T1566,FalsePositive,,,Mailbox,Impacted,98799,138268,360606,160396,37503,40407,39031,42021,153085,529644,,1631,635,860,2251,3421,881,,289573,117668,3586,,,5,66,,,,242,1445,10630
1185410973772,67,17117,641430,2024-06-06T16:49:23.000Z,154,126,InitialAccess,,TruePositive,,,Url,Related,98799,138268,360606,804,441377,673934,425863,453297,153085,529644,,1631,635,860,2251,3421,881,,289573,117668,3586,,,5,66,,,,242,1445,10630
1451698950487,451,11014,139701,2024-06-04T20:34:54.000Z,1,1,InitialAccess,T1566.002,BenignPositive,,,Mailbox,Impacted,98799,138268,360606,160396,121157,135363,164913,163499,153085,529644,,1631,635,860,2251,3421,881,,289573,117668,3586,,,5,66,,,NoThreatsFound,242,1445,10630
1142461304162,35,348,105292,2024-06-03T02:22:13.000Z,0,0,InitialAccess,T1078;T1078.004,TruePositive,,,CloudLogonRequest,Related,98799,138268,360606,160396,441377,673934,425863,453297,153085,529644,,1631,635,860,2251,3421,881,,289573,117668,3586,,,5,66,,,,242,1445,10630
644245098192,293,89814,1039459,2024-06-14T00:42:27.000Z,0,0,InitialAccess,T1078;T1078.004,FalsePositive,,,User,Impacted,98799,138268,360606,160396,299917,391736,204770,262438,153085,529644,,1631,635,860,2251,3421,881,,289573,117668,3586,,,5,66,,,,242,1445,10630
558345750097,41,76098,49261,2024-06-13T22:30:08.000Z,32,18144,Exfiltration,,TruePositive,,,File,Impacted,98799,138268,360606,160396,441377,673934,425863,453297,153085,529644,,1631,635,860,2251,3421,881,,152425,0,3586,,,5,66,,,,242,1445,10630
420906798971,12,1954,1201,2024-06-02T08:30:35.000Z,16,1320,Impact,,BenignPositive,,,Ip,Related,98799,138268,2302,160396,441377,673934,425863,453297,153085,529644,,1631,635,860,2251,3421,881,,289573,117668,3586,,,5,66,,,,242,1445,10630
1666447315280,425,168155,1563939,2024-06-12T01:00:12.000Z,5,3821,SuspiciousActivity,,BenignPositive,,,User,Impacted,98799,138268,360606,160396,26189,42339,26693,28391,153085,529644,,1631,635,860,2251,3421,881,,289573,117668,3586,,,5,66,,,,242,1445,10630
627065230328,46,6909,4808,2024-06-02T21:57:25.000Z,435,459,Discovery,,FalsePositive,,,Machine,Impacted,98799,138268,360606,160396,441377,673934,425863,453297,84989,529644,,1631,635,860,2251,3421,881,,289573,117668,3586,,,5,66,,,,242,1445,10630
498216210722,330,62093,84963,2024-06-03T06:07:58.000Z,1,1,InitialAccess,T1566.002,BenignPositive,,,MailCluster,Related,98799,138268,360606,160396,441377,673934,425863,453297,153085,529644,4208653831.0,1631,635,860,2251,3421,881,,289573,117668,3586,,,5,66,,,Malicious,242,1445,10630
369367187965,246,126739,451300,2024-06-10T05:53:51.000Z,28,19,InitialAccess,T1566,BenignPositive,,,MailMessage,Related,98799,138268,360606,160396,441377,181183,425863,453297,153085,170711,,1631,635,860,2251,3421,881,,289573,117668,3586,,,5,66,Inbound,,Malicious,242,1445,10630
1597727836979,34,333393,769130,2024-06-14T00:40:47.000Z,2,2,CommandAndControl,,BenignPositive,,,Process,Related,98799,40,360606,160396,441377,673934,425863,453297,153085,529644,,1631,635,860,2251,3421,881,,0,2,3586,,,5,66,,Suspicious,Suspicious,242,1445,10630
249108107150,164,31310,244291,2024-06-03T23:43:02.000Z,2200,519,CredentialAccess,T1078;T1110,BenignPositive,,,Machine,Impacted,98799,138268,360606,160396,441377,673934,425863,453297,12002,529644,,1631,635,860,2251,3421,881,,289573,117668,3586,,,5,66,,,,242,1445,10630
1623497641490,697,19842,148197,2024-06-12T00:33:08.000Z,28,19,InitialAccess,T1566,TruePositive,,,Mailbox,Impacted,98799,138268,360606,160396,441377,115375,425863,453297,153085,529644,,1631,635,860,2251,3421,881,,289573,117668,3586,,,5,66,,,,242,1445,10630
523986011496,580,8361,1426340,2024-06-03T18:14:35.000Z,190,161,Execution,T1569.002,FalsePositive,,,Process,Related,98799,1157,360606,160396,441377,673934,425863,453297,153085,529644,,1631,635,860,2251,3421,881,,25,3,3586,,,5,66,,Suspicious,Suspicious,242,1445,10630
249108105006,262,13785,28479,2024-06-15T14:43:42.000Z,28,19,InitialAccess,T1566,FalsePositive,,,MailMessage,Related,98799,138268,360606,160396,441377,101356,425863,453297,153085,125396,,1631,635,860,2251,3421,881,,289573,117668,3586,,,5,66,,,,242,1445,10630
841813592563,28,41766,72173,2024-06-05T05:30:36.000Z,6,5,InitialAccess,T1566,TruePositive,,,Url,Related,98799,138268,360606,36969,441377,673934,425863,453297,153085,529644,,1631,635,860,2251,3421,881,,289573,117668,3586,,,5,66,,,Malicious,242,1445,10630
1211180777532,6,2486,1616,2024-05-31T08:04:10.000Z,17,58,Impact,,BenignPositive,,,Ip,Related,98799,138268,1845,160396,441377,673934,425863,453297,153085,529644,,1631,635,860,2251,3421,881,,289573,117668,3586,,,5,66,,,,242,1445,10630
17179874269,910,12264,44872,2024-06-08T21:59:43.000Z,1,1,InitialAccess,T1566.002,TruePositive,,,Mailbox,Impacted,98799,138268,360606,160396,73153,63128,78157,73738,153085,529644,,1631,635,860,2251,3421,881,,289573,117668,3586,,,5,66,,,NoThreatsFound,242,1445,10630
1546188230090,35,165,1268797,2024-06-05T09:10:02.000Z,7,6,InitialAccess,,TruePositive,,,User,Impacted,98799,138268,360606,160396,1240,1695,1236,1306,153085,529644,,1631,635,860,2251,3421,881,,289573,117668,3586,,,5,66,,,,242,1445,10630
1357209667315,0,174,126052,2024-06-04T15:24:45.000Z,7,6,InitialAccess,,TruePositive,,,Ip,Related,98799,138268,2,160396,441377,673934,425863,453297,153085,529644,,1631,635,860,2251,3421,881,,289573,117668,3586,,,5,66,,,,0,11,8
171798695887,14,219,103,2024-05-27T01:38:28.000Z,41,84,Impact,,TruePositive,,,Ip,Related,98799,138268,38170,160396,441377,673934,425863,453297,153085,529644,,1631,635,860,2251,3421,881,,289573,117668,3586,,,5,66,,,,242,1445,10630
292057780948,295,12855,237109,2024-06-07T18:23:06.000Z,6,5,InitialAccess,T1566,TruePositive,,,File,Related,98799,1457,360606,160396,441377,673934,425863,453297,153085,529644,,1631,635,860,2251,3421,881,,134,117668,3586,,,5,66,,,,242,1445,10630
274877909482,845,35278,241168,2024-06-14T13:07:06.000Z,1,1,InitialAccess,T1566.002,TruePositive,,,Mailbox,Impacted,98799,138268,360606,160396,3139,1670,3118,3281,153085,529644,,1631,635,860,2251,3421,881,,289573,117668,3586,,,5,66,,,,242,1445,10630
1340029799882,136,369294,901766,2024-06-10T18:07:19.000Z,19,15,InitialAccess,,BenignPositive,,,CloudLogonRequest,Related,98799,138268,360606,160396,441377,673934,425863,453297,153085,529644,,1631,635,860,2251,3421,881,,289573,117668,3586,,,5,66,,,,242,1445,10630
1520418426609,2255,19720,1494427,2024-06-04T05:54:52.000Z,33,22,InitialAccess,,FalsePositive,,,User,Impacted,98799,138268,360606,160396,216542,271553,309156,24718,153085,529644,,1631,635,860,2251,3421,881,,289573,117668,3586,,,5,66,,,,242,1445,10630
532575945583,18,533243,1361902,2024-06-04T06:41:11.000Z,9,32,Execution,,FalsePositive,,,File,Related,98799,91053,360606,160396,441377,673934,425863,453297,153085,529644,,1631,635,860,2251,3421,881,,215427,117668,3586,,,5,66,,,,242,1445,10630
987842480754,8,25776,716759,2024-06-04T15:00:56.000Z,3,4,SuspiciousActivity,,TruePositive,,,Machine,Impacted,9,138268,360606,160396,441377,673934,425863,453297,8,529644,,1631,635,860,2251,3421,881,,289573,117668,3586,,,5,66,,Suspicious,Suspicious,242,1445,10630
644245096174,0,81,1246935,2024-06-05T08:34:11.000Z,0,0,InitialAccess,T1078;T1078.004,TruePositive,,,Ip,Related,98799,138268,2269,160396,441377,673934,425863,453297,153085,529644,,1631,635,860,2251,3421,881,,289573,117668,3586,,,5,66,,,,12,12,9
1202590847663,81,86863,83143,2024-06-05T22:10:05.000Z,65,24474,Exfiltration,,BenignPositive,,,File,Impacted,98799,138268,360606,160396,441377,673934,425863,453297,153085,529644,,1631,635,860,2251,3421,881,,232115,0,3586,,,5,66,,,,242,1445,10630
1082331761123,665,51699,400481,2024-06-10T17:00:04.000Z,4,3,InitialAccess,,TruePositive,,,CloudLogonRequest,Related,98799,138268,360606,160396,441377,673934,425863,453297,153085,529644,,1631,635,860,2251,3421,881,,289573,117668,3586,,,5,66,,,,242,1445,10630
1700807050382,16,160348,353529,2024-06-07T15:49:55.000Z,24,200,Exfiltration,,BenignPositive,,,MailMessage,Impacted,98799,138268,360606,160396,441377,284597,425863,453297,153085,232299,,1631,635,860,2251,3421,881,,289573,117668,3586,,,5,66,,,,242,1445,10630
721554509094,265,8809,4018,2024-06-04T04:21:18.000Z,1,1,InitialAccess,T1566.002,FalsePositive,,,Mailbox,Impacted,98799,138268,360606,160396,10707,12002,10928,11486,153085,529644,,1631,635,860,2251,3421,881,,289573,117668,3586,,,5,66,,,,242,1445,10630
644245099193,138,203890,1502318,2024-06-04T14:20:14.000Z,96,75,InitialAccess,,BenignPositive,,,Mailbox,Impacted,98799,138268,360606,160396,39203,37086,39044,40864,153085,529644,,1631,635,860,2251,3421,881,,289573,117668,3586,,,5,66,,,,242,1445,10630
420906796686,1,301,108501,2024-06-04T06:47:25.000Z,4,3,InitialAccess,,TruePositive,,,Ip,Related,98799,138268,46712,160396,441377,673934,425863,453297,153085,529644,,1631,635,860,2251,3421,881,,289573,117668,3586,,,5,66,,,,11,1445,10630
1142461304534,12,247,1154629,2024-06-10T16:01:46.000Z,74,55,CommandAndControl,T1071;T1048,BenignPositive,,,Ip,Related,98799,138268,19,160396,441377,673934,425863,453297,153085,529644,,1631,635,860,2251,3421,881,,289573,117668,3586,,,5,66,,,,242,1445,10630
773094114970,1,432,106437,2024-06-11T15:16:37.000Z,0,0,InitialAccess,T1078;T1078.004,TruePositive,,,User,Impacted,98799,138268,360606,160396,3344,4453,3336,3508,153085,529644,,1631,635,860,2251,3421,881,,289573,117668,3586,,,5,66,,,,242,1445,10630
206158432320,13,378755,1126512,2024-06-07T11:59:20.000Z,220,9048,Exfiltration,,BenignPositive,,,File,Impacted,98799,5093,360606,160396,441377,673934,425863,453297,153085,529644,,1631,635,860,2251,3421,881,,5608,4958,3586,,,5,66,,,,242,1445,10630
85899346329,54,310,2502,2024-06-15T01:21:05.000Z,179,24,CredentialAccess,T1110;T1078,BenignPositive,,,User,Impacted,98799,138268,360606,160396,397515,538491,396928,372434,153085,529644,,1631,635,860,2251,3421,881,,289573,117668,3586,,,5,66,,,,242,1445,10630
68719477803,47,7588,3237,2024-06-04T12:47:41.000Z,57,29,CommandAndControl,T1046;T1071;T1210,FalsePositive,,,Ip,Related,98799,138268,11376,160396,441377,673934,425863,453297,153085,529644,,1631,635,860,2251,3421,881,,289573,117668,3586,,,5,66,,,,242,1445,10630
1005022348603,44,9117,18126,2024-06-07T20:26:06.000Z,78,57,Exfiltration,,BenignPositive,,,User,Impacted,98799,138268,360606,160396,441377,5835,425863,18626,153085,529644,,1631,635,860,2251,3421,881,,289573,117668,3586,,,5,66,,,,242,1445,10630
781684048466,43,5821,29735,2024-06-16T16:21:29.000Z,1,1,InitialAccess,T1566.002,BenignPositive,,,User,Impacted,98799,138268,360606,160396,5804,4008,5769,5876,153085,529644,,1631,635,860,2251,3421,881,,289573,117668,3586,,,5,66,,,,242,1445,10630
1262720386613,41,69811,52288,2024-06-05T19:52:15.000Z,32,8412,Exfiltration,,TruePositive,,,File,Impacted,98799,138268,360606,160396,441377,673934,425863,453297,153085,529644,,1631,635,860,2251,3421,881,,150228,0,3586,,,5,66,,,,242,1445,10630
1047972022344,487,8838,3299,2024-06-05T16:36:44.000Z,1,1,InitialAccess,T1566.002,TruePositive,,,User,Impacted,98799,138268,360606,160396,143458,428765,157396,162052,153085,529644,,1631,635,860,2251,3421,881,,289573,117668,3586,,,5,66,,,,242,1445,10630
1228360651018,30,30117,20689,2024-06-13T13:58:59.000Z,37,3428,Exfiltration,,FalsePositive,,,MailMessage,Impacted,98799,138268,360606,160396,441377,578,425863,453297,153085,97356,,1631,635,860,2251,3421,881,,289573,117668,3586,,,5,66,,,,242,1445,10630
1425929146602,30,136286,133821,2024-06-06T17:30:42.000Z,37,30791,Exfiltration,,FalsePositive,,,MailMessage,Impacted,98799,138268,360606,160396,441377,385262,425863,453297,153085,203561,,1631,635,860,2251,3421,881,,289573,117668,3586,,,5,66,,,,242,1445,10630
1030792154274,33,5688,3637,2024-06-06T11:51:31.000Z,38,25,Impact,,BenignPositive,,,Machine,Impacted,98799,138268,360606,160396,441377,673934,425863,453297,4801,529644,,1631,635,860,2251,3421,881,,289573,117668,3586,,,5,66,,,,242,1445,10630
1443109013265,0,303,69467,2024-06-05T02:44:48.000Z,0,0,InitialAccess,T1078;T1078.004,TruePositive,,,CloudLogonRequest,Related,98799,138268,360606,160396,441377,673934,425863,453297,153085,529644,,1631,635,860,2251,3421,881,,289573,117668,3586,,,5,66,,,,242,1445,10630
1125281433373,0,80,312464,2024-06-05T18:31:18.000Z,0,0,InitialAccess,T1078;T1078.004,TruePositive,,,Ip,Related,98799,138268,145,160396,441377,673934,425863,453297,153085,529644,,1631,635,860,2251,3421,881,,289573,117668,3586,,,5,66,,,,0,1,1
893353199617,422,10784,39857,2024-06-11T09:36:01.000Z,1,1,InitialAccess,T1566.002,BenignPositive,,,Mailbox,Impacted,98799,138268,360606,160396,74548,63091,75402,5428,153085,529644,,1631,635,860,2251,3421,881,,289573,117668,3586,,,5,66,,,Malicious,242,1445,10630
901943133951,0,204,324478,2024-06-04T12:12:35.000Z,0,0,InitialAccess,T1078;T1078.004,TruePositive,,,User,Impacted,98799,138268,360606,160396,468,624,462,505,153085,529644,,1631,635,860,2251,3421,881,,289573,117668,3586,,,5,66,,,,242,1445,10630
188978565504,53,1132,57,2024-06-04T10:12:57.000Z,61,44,InitialAccess,T1190;T1133,FalsePositive,,,Ip,Related,98799,138268,104277,160396,441377,673934,425863,453297,153085,529644,,1631,635,860,2251,3421,881,,289573,117668,3586,,,5,66,,,,242,1445,10630
1108101564005,21,34791,192980,2024-06-05T00:15:12.000Z,3,4,SuspiciousActivity,,BenignPositive,,,Url,Related,98799,138268,360606,1074,441377,673934,425863,453297,153085,529644,,1631,635,860,2251,3421,881,,289573,117668,3586,,,5,66,,,,242,1445,10630
601295421728,11,425302,1039580,2024-06-13T07:36:52.000Z,0,0,InitialAccess,T1078;T1078.004,FalsePositive,,,Ip,Related,98799,138268,32617,160396,441377,673934,425863,453297,153085,529644,,1631,635,860,2251,3421,881,,289573,117668,3586,,,5,66,,,,8,6,3
128849019531,22,155,1230797,2024-06-10T09:22:27.000Z,0,0,InitialAccess,T1078;T1078.004,TruePositive,,,User,Impacted,98799,138268,360606,160396,227,315,218,252,153085,529644,,1631,635,860,2251,3421,881,,289573,117668,3586,,,5,66,,,,242,1445,10630
481036339854,8,11512,622082,2024-06-12T13:09:58.000Z,3,4,SuspiciousActivity,,TruePositive,,,Process,Related,98799,96,360606,160396,441377,673934,425863,453297,153085,529644,,1631,635,860,2251,3421,881,,2,275,3586,,,5,66,,Suspicious,Suspicious,242,1445,10630
566935684727,1,54,402998,2024-06-05T01:27:46.000Z,4,3,InitialAccess,,TruePositive,,,Ip,Related,98799,138268,5165,160396,441377,673934,425863,453297,153085,529644,,1631,635,860,2251,3421,881,,289573,117668,3586,,,5,66,,,,11,1445,10630
901943133506,605,101355,298502,2024-06-06T23:16:19.000Z,10,8,InitialAccess,T1566.001,BenignPositive,,,Mailbox,Impacted,98799,138268,360606,160396,48038,39081,41739,16247,153085,529644,,1631,635,860,2251,3421,881,,289573,117668,3586,,,5,66,,,,242,1445,10630
755914244117,6,76515,773438,2024-06-05T06:19:38.000Z,2,2,CommandAndControl,,BenignPositive,,,User,Impacted,98799,138268,360606,160396,11533,18396,11621,12465,153085,529644,,1631,635,860,2251,3421,881,,289573,117668,3586,,,5,66,,Suspicious,Suspicious,242,1445,10630
1133871370861,9,53,20810,2024-06-11T13:58:33.000Z,40,9484,Exfiltration,,BenignPositive,,,MailMessage,Impacted,98799,138268,360606,160396,441377,488715,425863,453297,153085,1209,,1631,635,860,2251,3421,881,,289573,117668,3586,,,5,66,,,,242,1445,10630
1185410977250,932,51450,66781,2024-06-12T01:13:50.000Z,6,5,InitialAccess,T1566,FalsePositive,,,MailCluster,Related,98799,138268,360606,160396,441377,673934,425863,453297,153085,529644,,1631,635,860,2251,3421,881,,289573,117668,3586,,,5,66,,,NoThreatsFound,242,1445,10630
609885356628,42,2,83004,2024-06-05T15:11:09.000Z,43,28,Malware,T1027;T1027.002;T1027.005;T1105;T1204.002,BenignPositive,,,Process,Related,98799,135,360606,160396,441377,673934,425863,453297,153085,529644,,1631,635,860,2251,3421,881,,7,3,3586,,,5,66,,Suspicious,Suspicious,242,1445,10630
755914248153,1634,559026,447100,2024-06-03T17:13:42.000Z,2543,7881,InitialAccess,,,ContainAccount,account password changed,Mailbox,Impacted,98799,138268,360606,160396,22919,37556,23244,25482,153085,529644,,1631,635,860,2251,3421,881,,289573,117668,3586,,,5,66,,,,242,1445,10630
1202590847626,66,543901,596271,2024-06-16T16:05:42.000Z,5,34,SuspiciousActivity,,TruePositive,,,CloudApplication,Impacted,98799,138268,360606,160396,441377,673934,425863,453297,153085,529644,,1631,635,860,2,2,881,,289573,117668,3586,,,5,66,,,,242,1445,10630
171798695887,14,219,238,2024-05-27T05:57:08.000Z,41,690,Impact,,TruePositive,,,Ip,Related,98799,138268,1409,160396,441377,673934,425863,453297,153085,529644,,1631,635,860,2251,3421,881,,289573,117668,3586,,,5,66,,,,242,1445,10630
1709396983817,749,8818,23360,2024-06-03T13:09:39.000Z,1,1,InitialAccess,T1566.002,TruePositive,,,Url,Related,98799,138268,360606,24757,441377,673934,425863,453297,153085,529644,,1631,635,860,2251,3421,881,,289573,117668,3586,,,5,66,,,Malicious,242,1445,10630
1365799602593,5,447,380682,2024-06-10T19:55:00.000Z,0,0,InitialAccess,T1078;T1078.004,TruePositive,,,CloudLogonSession,Related,98799,138268,360606,160396,441377,673934,425863,453297,153085,529644,,1631,635,860,2251,3421,881,,289573,117668,3586,,,5,66,,,,242,1445,10630
979252548043,9,201,47205,2024-06-14T16:13:31.000Z,77,4294,Exfiltration,,BenignPositive,,,File,Impacted,98799,9494,360606,160396,441377,673934,425863,453297,153085,529644,,1631,635,860,2251,3421,881,,321,1552,3586,,,5,66,,,,242,1445,10630
188978564854,293,110178,1147327,2024-06-03T05:20:56.000Z,10,8,InitialAccess,T1566.001,BenignPositive,,,User,Impacted,98799,138268,360606,160396,100089,422062,99079,104655,153085,529644,,1631,635,860,2251,3421,881,,289573,117668,3586,,,5,66,,,,242,1445,10630
128849023828,83,26199,212206,2024-06-11T22:38:41.000Z,60,36638,Exfiltration,,BenignPositive,,,MailMessage,Impacted,98799,138268,360606,160396,441377,4232,425863,453297,153085,22483,,1631,635,860,2251,3421,881,,289573,117668,3586,,,5,66,,,,242,1445,10630
1065151889449,6,739,1175,2024-05-26T13:10:40.000Z,17,1270,Impact,,BenignPositive,,,Ip,Related,98799,138268,19106,160396,441377,673934,425863,453297,153085,529644,,1631,635,860,2251,3421,881,,289573,117668,3586,,,5,66,,,,242,1445,10630
111669151757,407,22826,243841,2024-06-10T17:42:45.000Z,10,8,InitialAccess,T1566.001,BenignPositive,,,Mailbox,Impacted,98799,138268,360606,160396,5132,3246,5131,5492,153085,529644,,1631,635,860,2251,3421,881,,289573,117668,3586,,,5,66,,,Malicious,242,1445,10630
936302874915,380,39555,48302,2024-06-07T20:10:51.000Z,1,1,InitialAccess,T1566.002,BenignPositive,,,Url,Related,98799,138268,360606,51030,441377,673934,425863,453297,153085,529644,,1631,635,860,2251,3421,881,,289573,117668,3586,,,5,66,,,NoThreatsFound,242,1445,10630
386547057499,107,110286,115977,2024-06-09T20:49:58.000Z,1,1,InitialAccess,T1566.002,TruePositive,,,Mailbox,Impacted,98799,138268,360606,160396,38863,34426,38594,28708,153085,529644,,1631,635,860,2251,3421,881,,289573,117668,3586,,,5,66,,,Malicious,242,1445,10630
712964575328,115,184852,721938,2024-06-07T19:08:15.000Z,3,4,SuspiciousActivity,,BenignPositive,,,Ip,Related,98799,138268,4015,160396,441377,673934,425863,453297,153085,529644,,1631,635,860,2251,3421,881,,289573,117668,3586,,,5,66,,Suspicious,Suspicious,242,1445,10630
395136992289,444,42589,445503,2024-06-07T13:23:40.000Z,276,263,SuspiciousActivity,,BenignPositive,,,Process,Related,98799,200,360606,160396,441377,673934,425863,453297,153085,529644,,1631,635,860,2251,3421,881,,76,20,3586,,,5,66,,,,242,1445,10630
541165879854,274,522,631038,2024-06-10T23:53:09.000Z,87,280,Discovery,T1007;T1059.001,FalsePositive,,,Process,Related,98799,15,360606,160396,441377,673934,425863,453297,153085,529644,,1631,635,860,2251,3421,881,,4,8,3586,,,5,66,,Suspicious,Suspicious,242,1445,10630
850403525608,56,23804,15107,2024-06-08T06:26:20.000Z,27,18,Discovery,T1087;T1087.002,BenignPositive,,,User,Impacted,98799,138268,360606,160396,112461,194708,109182,118682,153085,529644,,1631,635,860,2251,3421,881,,289573,117668,3586,,Suspicious,5,66,,,,242,1445,10630
1288490189065,11,423686,989485,2024-06-13T05:09:23.000Z,0,0,InitialAccess,T1078;T1078.004,FalsePositive,,,Ip,Related,98799,138268,11710,160396,441377,673934,425863,453297,153085,529644,,1631,635,860,2251,3421,881,,289573,117668,3586,,,5,66,,,,2,15,13
1271310324564,4,442,548,2024-05-27T14:36:07.000Z,8,7,InitialAccess,T1133,BenignPositive,,,Machine,Impacted,98799,138268,360606,160396,441377,673934,425863,453297,419,529644,,1631,635,860,2251,3421,881,,289573,117668,3586,,,5,66,,,,242,1445,10630
1468878816981,0,134,1183693,2024-06-09T04:15:15.000Z,0,0,InitialAccess,T1078;T1078.004,TruePositive,,,User,Impacted,98799,138268,360606,160396,277,376,267,303,153085,529644,,1631,635,860,2251,3421,881,,289573,117668,3586,,,5,66,,,,242,1445,10630
163208758939,2575,51934,841065,2024-06-12T00:18:23.000Z,0,0,InitialAccess,T1078;T1078.004,FalsePositive,,,CloudLogonSession,Related,98799,138268,360606,160396,441377,673934,425863,453297,153085,529644,,1631,635,860,2251,3421,881,,289573,117668,3586,,,5,66,,,,242,1445,10630
910533068553,0,409,328948,2024-06-03T09:06:09.000Z,7,6,InitialAccess,,TruePositive,,,User,Impacted,98799,138268,360606,160396,4091,5599,4122,4379,153085,529644,,1631,635,860,2251,3421,881,,289573,117668,3586,,,5,66,,,,242,1445,10630
68719478404,189,1032,121472,2024-06-06T12:50:15.000Z,400,96,DefenseEvasion,T1562,FalsePositive,,,Machine,Impacted,89,138268,360606,160396,441377,673934,425863,453297,591,529644,,1631,635,860,2251,3421,881,,289573,117668,3586,,,5,66,,,,242,1445,10630
1211180781446,437,161916,195187,2024-06-06T13:04:27.000Z,3,4,SuspiciousActivity,,BenignPositive,,,Ip,Related,98799,138268,120627,160396,441377,673934,425863,453297,153085,529644,,1631,635,860,2251,3421,881,,289573,117668,3586,,,5,66,,Suspicious,Suspicious,242,1445,10630
489626273554,0,131,1352663,2024-06-08T20:19:45.000Z,0,0,InitialAccess,T1078;T1078.004,TruePositive,,,Ip,Related,98799,138268,43,160396,441377,673934,425863,453297,153085,529644,,1631,635,860,2251,3421,881,,289573,117668,3586,,,5,66,,,,1,0,0
1494648623094,57,52244,360862,2024-06-07T12:09:37.000Z,361,369,InitialAccess,,TruePositive,,,MailMessage,Related,98799,138268,360606,160396,441377,307296,425863,453297,153085,327688,,1631,635,860,2251,3421,881,,289573,117668,3586,,,5,66,,,,242,1445,10630
584115555003,29,26720,96291,2024-06-03T07:15:40.000Z,1,1,InitialAccess,T1566.002,BenignPositive,,,MailMessage,Related,98799,138268,360606,160396,441377,8343,425863,453297,153085,421106,,1631,635,860,2251,3421,881,,289573,117668,3586,,,5,66,,,,242,1445,10630
111669154679,37,34,14040,2024-06-06T05:52:05.000Z,97,3797,Exfiltration,,FalsePositive,,,MailMessage,Impacted,98799,138268,360606,160396,441377,26633,425863,453297,153085,141,,1631,635,860,2251,3421,881,,289573,117668,3586,,,5,66,,,,242,1445,10630
695784705482,2,6613,20443,2024-06-13T19:34:11.000Z,230,210,Discovery,,BenignPositive,,,AzureResource,Impacted,98799,138268,360606,160396,441377,673934,425863,453297,153085,529644,,1631,635,860,2251,3421,881,,289573,117668,858,Virtual Machine,,5,66,,,,242,1445,10630
34359740206,26,18285,1593260,2024-06-12T13:23:25.000Z,346,353,Ransomware,,BenignPositive,,,Machine,Impacted,1,138268,360606,160396,441377,673934,425863,453297,1,529644,,1631,635,860,2251,3421,881,,289573,117668,3586,,,0,0,,Suspicious,Suspicious,242,1445,10630
463856468682,329,128477,933784,2024-06-03T16:34:28.000Z,0,0,InitialAccess,T1078;T1078.004,FalsePositive,,,Ip,Related,98799,138268,145989,160396,441377,673934,425863,453297,153085,529644,,1631,635,860,2251,3421,881,,289573,117668,3586,,,5,66,,,,0,11,359
1451698950268,30,107035,213571,2024-06-05T22:58:52.000Z,37,7158,Exfiltration,,FalsePositive,,,File,Impacted,98799,138268,360606,160396,441377,673934,425863,453297,153085,529644,,1631,635,860,2251,3421,881,,14406,0,3586,,,5,66,,,,242,1445,10630
1460288882423,0,136,975361,2024-06-11T00:00:18.000Z,4,3,InitialAccess,,TruePositive,,,User,Impacted,98799,138268,360606,160396,197,276,188,222,153085,529644,,1631,635,860,2251,3421,881,,289573,117668,3586,,,5,66,,,,242,1445,10630
858993461457,236,58862,1105887,2024-06-15T10:24:49.000Z,950,1619,InitialAccess,,BenignPositive,,,Ip,Related,98799,138268,4518,160396,441377,673934,425863,453297,153085,529644,,1631,635,860,2251,3421,881,,289573,117668,3586,,,5,66,,,,0,9,18
1262720386789,0,72,1025077,2024-06-10T03:56:41.000Z,4,3,InitialAccess,,TruePositive,,,Ip,Related,98799,138268,87792,160396,441377,673934,425863,453297,153085,529644,,1631,635,860,2251,3421,881,,289573,117668,3586,,,5,66,,,,5,1445,10630
635655162983,110,998,165816,2024-06-06T19:12:01.000Z,4,3,InitialAccess,,TruePositive,,,User,Impacted,98799,138268,360606,160396,9954,15378,10081,10740,153085,529644,,1631,635,860,2251,3421,881,,289573,117668,3586,,,5,66,,,,242,1445,10630
352187318903,478,43291,273084,2024-06-13T11:05:08.000Z,2,2,CommandAndControl,,BenignPositive,,,Url,Related,98799,138268,360606,115,441377,673934,425863,453297,153085,529644,,1631,635,860,2251,3421,881,,289573,117668,3586,,,5,66,,Suspicious,Suspicious,242,1445,10630
1675037247246,0,351,160353,2024-06-06T16:59:37.000Z,0,0,InitialAccess,T1078;T1078.004,TruePositive,,,Ip,Related,98799,138268,0,160396,441377,673934,425863,453297,153085,529644,,1631,635,860,2251,3421,881,,289573,117668,3586,,,5,66,,,,2,2,2
257698041641,338,84201,66080,2024-06-03T18:00:23.000Z,6,5,InitialAccess,T1566,FalsePositive,,,MailCluster,Related,98799,138268,360606,160396,441377,673934,425863,453297,153085,529644,3153653823.0,1631,635,860,2251,3421,881,,289573,117668,3586,,,5,66,,,NoThreatsFound,242,1445,10630
575525621205,2,4420,6423,2024-06-03T18:11:02.000Z,15,13,Exfiltration,,BenignPositive,,,User,Impacted,98799,138268,360606,160396,441377,477732,425863,12,153085,529644,,1631,635,860,2251,3421,881,,289573,117668,3586,,,5,66,,,,242,1445,10630
506806143012,147,8857,343380,2024-06-09T23:27:48.000Z,5,221,SuspiciousActivity,,TruePositive,,,CloudApplication,Impacted,98799,138268,360606,160396,441377,673934,425863,453297,153085,529644,,1631,635,860,3,3,881,,289573,117668,3586,,,5,66,,,,242,1445,10630
60129544973,29,41369,48793,2024-06-04T21:49:58.000Z,1016,1760,CredentialAccess,,BenignPositive,,,User,Impacted,98799,138268,360606,160396,441377,673934,425863,16632,153085,529644,,1631,635,860,2251,3421,881,,289573,117668,3586,,,5,66,,,,242,1445,10630
1365799600482,142,5959,132633,2024-06-12T20:52:24.000Z,112,30136,Exfiltration,,FalsePositive,,,User,Impacted,98799,138268,360606,160396,7496,11066,7456,8100,153085,529644,,1631,635,860,2251,3421,881,,289573,117668,3586,,,5,66,,,,242,1445,10630
532575946513,45,76855,97589,2024-06-11T15:37:02.000Z,6,5,InitialAccess,T1566,FalsePositive,,,MailMessage,Related,98799,138268,360606,160396,441377,1,425863,453297,153085,63729,,1631,635,860,2251,3421,881,,289573,117668,3586,,,5,66,,,,242,1445,10630
747324310817,216,260062,1524573,2024-06-03T08:42:34.000Z,25,17,InitialAccess,,TruePositive,,,Mailbox,Impacted,98799,138268,360606,160396,11209,9914,11184,12193,153085,529644,,1631,635,860,2251,3421,881,,289573,117668,3586,,,5,66,,,,242,1445,10630
1640677511793,69,46790,473574,2024-06-15T06:35:23.000Z,3,4062,SuspiciousActivity,,BenignPositive,,,User,Impacted,98799,138268,360606,160396,329371,588323,374690,402213,153085,529644,,1631,635,860,2251,3421,881,,289573,117668,3586,,,5,66,,Suspicious,Suspicious,242,1445,10630
996432417311,173,12308,16125,2024-06-05T14:23:58.000Z,1,1,InitialAccess,T1566.002,TruePositive,,,MailMessage,Related,98799,138268,360606,160396,441377,16831,425863,453297,153085,63741,,1631,635,860,2251,3421,881,,289573,117668,3586,,,5,66,Inbound,,NoThreatsFound,242,1445,10630
317827584460,69,9258,6279,2024-06-11T22:14:54.000Z,1,1,InitialAccess,T1566.002,BenignPositive,,,MailCluster,Related,98799,138268,360606,160396,441377,673934,425863,453297,153085,529644,,1631,635,860,2251,3421,881,,289573,117668,3586,,,5,66,,,Malicious,242,1445,10630
1357209667315,0,174,488378,2024-06-04T00:27:48.000Z,7,6,InitialAccess,,TruePositive,,,CloudLogonRequest,Related,98799,138268,360606,160396,441377,673934,425863,453297,153085,529644,,1631,635,860,2251,3421,881,,289573,117668,3586,,,5,66,,,,242,1445,10630
712964571760,308,33538,95097,2024-06-11T14:57:08.000Z,6,5,InitialAccess,T1566,BenignPositive,,,Mailbox,Impacted,98799,138268,360606,160396,62528,78875,58595,59830,153085,529644,,1631,635,860,2251,3421,881,,289573,117668,3586,,,5,66,,,,242,1445,10630
987842478097,6,2455,1651,2024-05-21T04:31:40.000Z,17,1332,Impact,,BenignPositive,,,Ip,Related,98799,138268,25215,160396,441377,673934,425863,453297,153085,529644,,1631,635,860,2251,3421,881,,289573,117668,3586,,,5,66,,,,242,1445,10630
111669150300,17,91352,14865,2024-06-04T15:17:44.000Z,20,3589,Exfiltration,,FalsePositive,,,Machine,Impacted,98799,138268,360606,160396,441377,673934,425863,453297,8680,529644,,1631,635,860,2251,3421,881,,289573,117668,3586,,,5,66,,,,242,1445,10630
154618826641,345,66666,1148905,2024-06-13T01:56:43.000Z,1,1,InitialAccess,T1566.002,TruePositive,,,MailMessage,Related,98799,138268,360606,160396,441377,5968,425863,453297,153085,364480,,1631,635,860,2251,3421,881,,289573,117668,3586,,,5,66,,,,242,1445,10630
1030792154205,320,32909,278619,2024-06-13T17:50:37.000Z,2,2,CommandAndControl,,BenignPositive,,,Process,Related,98799,0,360606,160396,441377,673934,425863,453297,153085,529644,,1631,635,860,2251,3421,881,,0,4,3586,,,5,66,,Suspicious,Suspicious,242,1445,10630
876173329326,18,390359,209021,2024-06-11T03:05:28.000Z,181,10970,Exfiltration,,FalsePositive,,,Machine,Impacted,98799,138268,360606,160396,441377,673934,425863,453297,299,529644,,1631,635,860,2251,3421,881,,289573,117668,3586,,,5,66,,,,242,1445,10630
1391569407371,2,5769,4120,2024-06-10T16:30:56.000Z,15,13,Exfiltration,,BenignPositive,,,MailMessage,Impacted,98799,138268,360606,160396,441377,19671,425863,453297,153085,42270,,1631,635,860,2251,3421,881,,289573,117668,3586,,,5,66,,,,242,1445,10630
850403528706,10,2097,131,2024-05-27T09:52:11.000Z,12,171,Impact,,TruePositive,,,Ip,Related,98799,138268,710,160396,441377,673934,425863,453297,153085,529644,,1631,635,860,2251,3421,881,,289573,117668,3586,,,5,66,,,,242,1445,10630
1357209666519,672,27738,158836,2024-06-03T16:18:57.000Z,1,1,InitialAccess,T1566.002,BenignPositive,,,MailMessage,Related,98799,138268,360606,160396,441377,9788,425863,453297,153085,112191,,1631,635,860,2251,3421,881,,289573,117668,3586,,,5,66,Inbound,,Malicious,242,1445,10630
901943136270,20,1815,119,2024-05-23T14:05:51.000Z,59,10,Impact,,FalsePositive,,,Ip,Related,98799,138268,4504,160396,441377,673934,425863,453297,153085,529644,,1631,635,860,2251,3421,881,,289573,117668,3586,,,5,66,,,,242,1445,10630
1374389536545,0,267,164277,2024-06-08T16:21:31.000Z,7,6,InitialAccess,,TruePositive,,,Ip,Related,98799,138268,36,160396,441377,673934,425863,453297,153085,529644,,1631,635,860,2251,3421,881,,289573,117668,3586,,,5,66,,,,1,0,0
249108104505,159,12508,247872,2024-06-04T21:07:07.000Z,2,2,CommandAndControl,,FalsePositive,,,Url,Related,98799,138268,360606,80,441377,673934,425863,453297,153085,529644,,1631,635,860,2251,3421,881,,289573,117668,3586,,,5,66,,Suspicious,Suspicious,242,1445,10630
326417518912,36,1099,423925,2024-06-16T16:44:48.000Z,36,118,SuspiciousActivity,,TruePositive,,,Ip,Related,98799,138268,149,160396,441377,673934,425863,453297,153085,529644,,1631,635,860,2251,3421,881,,289573,117668,3586,,,5,66,,Suspicious,Suspicious,242,1445,10630
249108105903,8,40554,629843,2024-06-16T12:37:12.000Z,3,4,SuspiciousActivity,,TruePositive,,,Machine,Impacted,6,138268,360606,160396,441377,673934,425863,453297,6,529644,,1631,635,860,2251,3421,881,,289573,117668,3586,,,5,66,,Suspicious,Suspicious,242,1445,10630
463856469751,0,183,1261299,2024-06-04T07:41:54.000Z,0,0,InitialAccess,T1078;T1078.004,TruePositive,,,CloudLogonRequest,Related,98799,138268,360606,160396,441377,673934,425863,453297,153085,529644,,1631,635,860,2251,3421,881,,289573,117668,3586,,,5,66,,,,242,1445,10630
867583397164,85,6988,261770,2024-06-07T01:19:40.000Z,3,4,SuspiciousActivity,,BenignPositive,,,Process,Related,98799,158,360606,160396,441377,673934,425863,453297,153085,529644,,1631,635,860,2251,3421,881,,0,2,3586,,,5,66,,Suspicious,Suspicious,242,1445,10630
1039382086911,938,24952,40683,2024-06-03T16:36:53.000Z,11,9,InitialAccess,T1566,TruePositive,,,MailMessage,Related,98799,138268,360606,160396,441377,169861,425863,453297,153085,264223,,1631,635,860,2251,3421,881,,289573,117668,3586,,,5,66,,,,242,1445,10630
249108107227,57,3136,36063,2024-06-03T16:28:41.000Z,46,1041,Exfiltration,,BenignPositive,,,File,Impacted,98799,138268,360606,160396,441377,673934,425863,453297,153085,529644,,1631,635,860,2251,3421,881,,488,392,3586,,,5,66,,,,242,1445,10630
146028889737,21,587,87617,2024-06-04T02:46:18.000Z,3,4,SuspiciousActivity,,BenignPositive,,,Machine,Impacted,380,138268,360606,160396,441377,673934,425863,453297,1432,529644,,1631,635,860,2251,3421,881,,289573,117668,3586,,,5,66,,Suspicious,Suspicious,242,1445,10630
163208761799,9,78,214287,2024-06-05T20:24:33.000Z,95,34783,Exfiltration,,BenignPositive,,,Ip,Related,98799,138268,576,160396,441377,673934,425863,453297,153085,529644,,1631,635,860,2251,3421,881,,289573,117668,3586,,,5,66,,,,242,1445,10630
429496731204,5266,147161,1622130,2024-06-11T04:33:16.000Z,8843,107276,InitialAccess,,,ContainAccount,change user password.,User,Impacted,98799,138268,360606,160396,146243,212546,141477,134322,153085,529644,,1631,635,860,2251,3421,881,,289573,117668,3586,,,5,66,,,,242,1445,10630
171798693639,0,169,310358,2024-06-04T07:57:14.000Z,0,0,InitialAccess,T1078;T1078.004,TruePositive,,,Ip,Related,98799,138268,401,160396,441377,673934,425863,453297,153085,529644,,1631,635,860,2251,3421,881,,289573,117668,3586,,,5,66,,,,1,0,0
1503238557720,20,7743,2429,2024-05-22T03:27:07.000Z,117,95,Impact,,BenignPositive,,,Ip,Related,98799,138268,32414,160396,441377,673934,425863,453297,153085,529644,,1631,635,860,2251,3421,881,,289573,117668,3586,,,5,66,,,,242,1445,10630
3173,695,65166,654468,2024-05-19T00:41:53.000Z,2276,6442,Discovery,,TruePositive,,,Process,Related,98799,138268,360606,160396,441377,673934,425863,453297,153085,529644,,1631,635,860,2251,3421,881,,19,3,3586,,,5,66,,,,242,1445,10630
609885357988,39,474,8418,2024-06-14T21:09:09.000Z,6,5,InitialAccess,T1566,BenignPositive,,,MailMessage,Related,98799,138268,360606,160396,441377,15199,425863,453297,153085,8677,,1631,635,860,2251,3421,881,,289573,117668,3586,,,5,66,,,,242,1445,10630
188978563629,452,10959,7954,2024-06-05T18:11:31.000Z,91,68,CredentialAccess,T1110;T1110.001;T1110.003,FalsePositive,,,User,Related,98799,138268,360606,160396,30288,50007,30314,29597,153085,529644,,1631,635,860,2251,3421,881,,289573,117668,3586,,Contextual,5,66,,,,242,1445,10630
695784703262,117,604,73107,2024-06-04T03:12:44.000Z,4,3,InitialAccess,,TruePositive,,,User,Impacted,98799,138268,360606,160396,699,937,692,747,153085,529644,,1631,635,860,2251,3421,881,,289573,117668,3586,,,5,66,,,,242,1445,10630
549755816383,5,286,103372,2024-06-05T03:44:10.000Z,0,0,InitialAccess,T1078;T1078.004,TruePositive,,,Ip,Related,98799,138268,74,160396,441377,673934,425863,453297,153085,529644,,1631,635,860,2251,3421,881,,289573,117668,3586,,,5,66,,,,10,7,4
240518170224,1,24,838778,2024-06-08T23:06:02.000Z,4,3,InitialAccess,,TruePositive,,,Ip,Related,98799,138268,229642,160396,441377,673934,425863,453297,153085,529644,,1631,635,860,2251,3421,881,,289573,117668,3586,,,5,66,,,,11,1445,10630
180388631256,4,287,400,2024-05-29T16:34:32.000Z,8,7,InitialAccess,T1133,FalsePositive,,,Machine,Impacted,98799,138268,360606,160396,441377,673934,425863,453297,84,529644,,1631,635,860,2251,3421,881,,289573,117668,3586,,,5,66,,,,242,1445,10630
1340029796971,22,360,415058,2024-06-03T02:37:02.000Z,4,3,InitialAccess,,TruePositive,,,CloudLogonRequest,Related,98799,138268,360606,160396,441377,673934,425863,453297,153085,529644,,1631,635,860,2251,3421,881,,289573,117668,3586,,,5,66,,,,242,1445,10630
240518169168,42,228,189407,2024-06-06T20:56:41.000Z,43,28,Malware,T1027;T1027.002;T1027.005;T1105;T1204.002,BenignPositive,,,File,Related,98799,552,360606,160396,441377,673934,425863,453297,153085,529644,,1631,635,860,2251,3421,881,,606,10,3586,,,5,66,,Suspicious,Suspicious,242,1445,10630
1271310320027,356,13044,4983,2024-06-05T08:34:40.000Z,255,243,InitialAccess,T1566,BenignPositive,,,User,Impacted,98799,138268,360606,160396,33538,30294,34115,34072,153085,529644,,1631,635,860,2251,3421,881,,289573,117668,3586,,,5,66,,,,242,1445,10630
1571958033999,3,44079,274430,2024-06-03T07:47:58.000Z,2,2,CommandAndControl,,BenignPositive,,,Machine,Impacted,3532,138268,360606,160396,441377,673934,425863,453297,6476,529644,,1631,635,860,2251,3421,881,,289573,117668,3586,,,0,0,,Suspicious,Suspicious,242,1445,10630
1340029796966,257,60889,81097,2024-06-06T12:43:58.000Z,6,5,InitialAccess,T1566,BenignPositive,,,MailCluster,Related,98799,138268,360606,160396,441377,673934,425863,453297,153085,529644,,1631,635,860,2251,3421,881,,289573,117668,3586,,,5,66,,,NoThreatsFound,242,1445,10630
558345750524,19,6215,4458,2024-05-27T13:38:05.000Z,23,16,CommandAndControl,,BenignPositive,,,Url,Related,98799,138268,360606,788,441377,673934,425863,453297,153085,529644,,1631,635,860,2251,3421,881,,289573,117668,3586,,,5,66,,,,242,1445,10630
858993462004,29,8666,5925,2024-06-10T23:24:53.000Z,428,454,InitialAccess,,BenignPositive,,,Ip,Related,98799,138268,40605,160396,441377,673934,425863,453297,153085,529644,,1631,635,860,2251,3421,881,,289573,117668,3586,,,5,66,,,,242,1445,10630
858993460943,0,177,164576,2024-06-04T17:52:33.000Z,4,3,InitialAccess,,TruePositive,,,User,Impacted,98799,138268,360606,160396,473,627,464,509,153085,529644,,1631,635,860,2251,3421,881,,289573,117668,3586,,,5,66,,,,242,1445,10630
1374389537640,75,56,1354499,2024-06-10T15:42:25.000Z,0,0,InitialAccess,T1078;T1078.004,TruePositive,,,User,Impacted,98799,138268,360606,160396,25893,42627,25288,28636,153085,529644,,1631,635,860,2251,3421,881,,289573,117668,3586,,,5,66,,,,242,1445,10630
231928237860,533,13276,4853,2024-06-07T21:12:29.000Z,464,24,CredentialAccess,T1110;T1078,BenignPositive,,,User,Impacted,98799,138268,360606,160396,37316,65681,39267,41558,153085,529644,,1631,635,860,2251,3421,881,,289573,117668,3586,,,5,66,,,,242,1445,10630
670014901898,148,20,231565,2024-06-03T21:30:16.000Z,124,38629,Exfiltration,,TruePositive,,,MailMessage,Impacted,98799,138268,360606,160396,441377,213244,425863,453297,153085,481952,,1631,635,860,2251,3421,881,,289573,117668,3586,,,5,66,,,,242,1445,10630
1288490189877,305,95403,193952,2024-06-05T09:36:06.000Z,3,4,SuspiciousActivity,,BenignPositive,,,Url,Related,98799,138268,360606,203,441377,673934,425863,453297,153085,529644,,1631,635,860,2251,3421,881,,289573,117668,3586,,,5,66,,,,242,1445,10630
171798695887,14,219,200,2024-05-27T04:27:15.000Z,41,737,Impact,,TruePositive,,,Ip,Related,98799,138268,5221,160396,441377,673934,425863,453297,153085,529644,,1631,635,860,2251,3421,881,,289573,117668,3586,,,5,66,,,,242,1445,10630
1357209667315,0,174,123833,2024-06-04T13:52:42.000Z,7,6,InitialAccess,,TruePositive,,,CloudLogonRequest,Related,98799,138268,360606,160396,441377,673934,425863,453297,153085,529644,,1631,635,860,2251,3421,881,,289573,117668,3586,,,5,66,,,,242,1445,10630
1090921696615,101,253,232039,2024-06-03T20:04:13.000Z,6,5,InitialAccess,T1566,TruePositive,,,MailMessage,Related,98799,138268,360606,160396,441377,298725,425863,453297,153085,3030,,1631,635,860,2251,3421,881,,289573,117668,3586,,,5,66,,,,242,1445,10630
876173330979,977,170987,808085,2024-06-05T13:52:35.000Z,91,68,CredentialAccess,T1110;T1110.001;T1110.003,BenignPositive,,,Machine,Impacted,98799,138268,360606,160396,441377,673934,425863,453297,5072,529644,,1631,635,860,2251,3421,881,,289573,117668,3586,,Destination,5,66,,,,242,1445,10630
103079216720,1,624,108350,2024-06-07T22:41:47.000Z,0,0,InitialAccess,T1078;T1078.004,TruePositive,,,CloudLogonRequest,Related,98799,138268,360606,160396,441377,673934,425863,453297,153085,529644,,1631,635,860,2251,3421,881,,289573,117668,3586,,,5,66,,,,242,1445,10630
1365799604135,108,125686,446858,2024-06-06T15:09:36.000Z,13,11,InitialAccess,T1566,BenignPositive,,,Ip,Related,98799,138268,6720,160396,441377,673934,425863,453297,153085,529644,,1631,635,860,2251,3421,881,,289573,117668,3586,,,5,66,,,NoThreatsFound,242,1445,10630
1486058686131,0,260,493247,2024-06-06T06:05:45.000Z,0,0,InitialAccess,T1078;T1078.004,TruePositive,,,CloudLogonRequest,Related,98799,138268,360606,160396,441377,673934,425863,453297,153085,529644,,1631,635,860,2251,3421,881,,289573,117668,3586,,,5,66,,,,242,1445,10630
1692217118252,1179,61458,368671,2024-06-04T11:51:38.000Z,6,5,InitialAccess,T1566,TruePositive,,,User,Impacted,98799,138268,360606,160396,2864,7717,2856,3006,153085,529644,,1631,635,860,2251,3421,881,,289573,117668,3586,,,5,66,,,,242,1445,10630
1125281436653,190,8256,95319,2024-06-04T21:40:57.000Z,6,5,InitialAccess,T1566,TruePositive,,,MailMessage,Related,98799,138268,360606,160396,441377,16808,425863,453297,153085,6435,,1631,635,860,2251,3421,881,,289573,117668,3586,,,5,66,Inbound,,,242,1445,10630
335007452011,73,393975,442920,2024-06-07T17:54:20.000Z,80,28906,Exfiltration,,FalsePositive,,,MailMessage,Impacted,98799,138268,360606,160396,441377,212568,425863,453297,153085,301862,,1631,635,860,2251,3421,881,,289573,117668,3586,,,5,66,,,,242,1445,10630
249108104569,149,37950,255548,2024-06-07T10:12:02.000Z,2,2,CommandAndControl,,BenignPositive,,,Url,Related,98799,138268,360606,18,441377,673934,425863,453297,153085,529644,,1631,635,860,2251,3421,881,,289573,117668,3586,,,5,66,,Suspicious,Suspicious,242,1445,10630
773094115057,0,196,72536,2024-06-04T19:25:46.000Z,4,3,InitialAccess,,TruePositive,,,User,Impacted,98799,138268,360606,160396,276,375,266,302,153085,529644,,1631,635,860,2251,3421,881,,289573,117668,3586,,,5,66,,,,242,1445,10630
1408749277650,1278,9485,39922,2024-06-03T11:02:40.000Z,1,1,InitialAccess,T1566.002,TruePositive,,,MailMessage,Related,98799,138268,360606,160396,441377,2530,425863,453297,153085,89438,,1631,635,860,2251,3421,881,,289573,117668,3586,,,5,66,Inbound,,NoThreatsFound,242,1445,10630
773094117234,14,558,121173,2024-05-22T16:23:19.000Z,143,117,Impact,,TruePositive,,,Url,Related,98799,138268,360606,510,441377,673934,425863,453297,153085,529644,,1631,635,860,2251,3421,881,,289573,117668,3586,,,5,66,,,,242,1445,10630
1056561959390,155,489,1244749,2024-06-02T02:51:52.000Z,7,6,InitialAccess,,TruePositive,,,CloudLogonRequest,Related,98799,138268,360606,160396,441377,673934,425863,453297,153085,529644,,1631,635,860,2251,3421,881,,289573,117668,3586,,,5,66,,,,242,1445,10630
1047972020247,6,1692,1196,2024-05-22T09:36:19.000Z,17,1279,Impact,,BenignPositive,,,Ip,Related,98799,138268,330,160396,441377,673934,425863,453297,153085,529644,,1631,635,860,2251,3421,881,,289573,117668,3586,,,5,66,,,,242,1445,10630
146028888629,58,504,2575,2024-06-14T18:21:39.000Z,11,9,InitialAccess,T1566,BenignPositive,,,Mailbox,Impacted,98799,138268,360606,160396,16754,16910,16495,18486,153085,529644,,1631,635,860,2251,3421,881,,289573,117668,3586,,,5,66,,,,242,1445,10630
644245095086,329,80985,931861,2024-06-13T22:12:06.000Z,0,0,InitialAccess,T1078;T1078.004,FalsePositive,,,CloudLogonSession,Related,98799,138268,360606,160396,441377,673934,425863,453297,153085,529644,,1631,635,860,2251,3421,881,,289573,117668,3586,,,5,66,,,,242,1445,10630
1151051239713,36,198334,725543,2024-06-10T18:59:05.000Z,36,118,SuspiciousActivity,,FalsePositive,,,Ip,Related,98799,138268,3141,160396,441377,673934,425863,453297,153085,529644,,1631,635,860,2251,3421,881,,289573,117668,3586,,,5,66,,Suspicious,Suspicious,242,1445,10630
601295424398,50,0,162839,2024-06-09T21:39:35.000Z,0,0,InitialAccess,T1078;T1078.004,TruePositive,,,CloudLogonSession,Related,98799,138268,360606,160396,441377,673934,425863,453297,153085,529644,,1631,635,860,2251,3421,881,,289573,117668,3586,,,5,66,,,,242,1445,10630
1331439862049,11,425265,827979,2024-06-13T02:26:15.000Z,0,0,InitialAccess,T1078;T1078.004,FalsePositive,,,Ip,Related,98799,138268,55817,160396,441377,673934,425863,453297,153085,529644,,1631,635,860,2251,3421,881,,289573,117668,3586,,,5,66,,,,2,175,617
901943134422,52,972,89,2024-05-22T21:46:10.000Z,99,669,CommandAndControl,T1568;T1008,BenignPositive,,,Ip,Related,98799,138268,185270,160396,441377,673934,425863,453297,153085,529644,,1631,635,860,2251,3421,881,,289573,117668,3586,,,5,66,,,,242,1445,10630
876173329364,18,574612,1081298,2024-06-15T06:46:50.000Z,9,47,Execution,,FalsePositive,,,File,Related,98799,48105,360606,160396,441377,673934,425863,453297,153085,529644,,1631,635,860,2251,3421,881,,69368,117668,3586,,,5,66,,,,242,1445,10630
1614907708073,9,160,47473,2024-06-13T12:08:28.000Z,40,17569,Exfiltration,,BenignPositive,,,User,Impacted,98799,138268,360606,160396,18009,29202,18131,18085,153085,529644,,1631,635,860,2251,3421,881,,289573,117668,3586,,,5,66,,,,242,1445,10630
446676599574,960,47631,117757,2024-06-08T13:51:31.000Z,28,19,InitialAccess,T1566,BenignPositive,,,MailMessage,Related,98799,138268,360606,160396,441377,30826,425863,453297,153085,73408,,1631,635,860,2251,3421,881,,289573,117668,3586,,,5,66,Inbound,,Malicious,242,1445,10630
910533069341,445,7534,768959,2024-06-14T09:13:40.000Z,1288,2506,DefenseEvasion,T1055;T1055.001;T1055.002;T1055.003;T1055.012,TruePositive,,,Process,Related,98799,17913,360606,160396,441377,673934,425863,453297,153085,529644,,1631,635,860,2251,3421,881,,23671,3,3586,,,5,66,,Suspicious,Suspicious,242,1445,10630
575525619493,0,98,1303028,2024-06-10T23:58:52.000Z,7,6,InitialAccess,,TruePositive,,,Ip,Related,98799,138268,0,160396,441377,673934,425863,453297,153085,529644,,1631,635,860,2251,3421,881,,289573,117668,3586,,,5,66,,,,2,2,2
498216207390,56,168738,601017,2024-06-05T20:37:36.000Z,2,2,CommandAndControl,,BenignPositive,,,Process,Related,98799,2,360606,160396,441377,673934,425863,453297,153085,529644,,1631,635,860,2251,3421,881,,1,1,3586,,,5,66,,Suspicious,Suspicious,242,1445,10630
738734377497,1812,380761,825817,2024-06-15T10:28:06.000Z,19,15,InitialAccess,,FalsePositive,,,User,Impacted,98799,138268,360606,160396,13338,22310,13423,14630,153085,529644,,1631,635,860,2251,3421,881,,289573,117668,3586,,,5,66,,,,242,1445,10630
1666447312182,44,6933,11827,2024-06-14T15:17:27.000Z,50,36,Exfiltration,,BenignPositive,,,User,Impacted,98799,138268,360606,160396,5737,1023,5706,6130,153085,529644,,1631,635,860,2251,3421,881,,289573,117668,3586,,,5,66,,,,242,1445,10630
635655160196,64,22422,120465,2024-06-12T10:55:27.000Z,10,8,InitialAccess,T1566.001,BenignPositive,,,File,Related,98799,49288,360606,160396,441377,673934,425863,453297,153085,529644,,1631,635,860,2251,3421,881,,7975,117668,3586,,,5,66,,,,242,1445,10630
137438955883,5,73,829467,2024-06-08T16:56:04.000Z,4,3,InitialAccess,,TruePositive,,,CloudLogonRequest,Related,98799,138268,360606,160396,441377,673934,425863,453297,153085,529644,,1631,635,860,2251,3421,881,,289573,117668,3586,,,5,66,,,,242,1445,10630
34359740685,313,32722,28518,2024-06-04T02:27:50.000Z,696,324,CommandAndControl,T1071;T1571,BenignPositive,,,Ip,Related,98799,138268,23343,160396,441377,673934,425863,453297,153085,529644,,1631,635,860,2251,3421,881,,289573,117668,3586,,,5,66,,,,242,1445,10630
1460288882796,487,3804,1101,2024-06-05T20:47:30.000Z,1,1,InitialAccess,T1566.002,TruePositive,,,User,Impacted,98799,138268,360606,160396,143484,444277,156926,168618,153085,529644,,1631,635,860,2251,3421,881,,289573,117668,3586,,,5,66,,,,242,1445,10630
420906796303,117,71,1220670,2024-06-06T01:24:10.000Z,0,0,InitialAccess,T1078;T1078.004,TruePositive,,,Ip,Related,98799,138268,5,160396,441377,673934,425863,453297,153085,529644,,1631,635,860,2251,3421,881,,289573,117668,3586,,,5,66,,,,0,16,17
1563368100522,295,1441,222920,2024-06-06T19:11:29.000Z,6,5,InitialAccess,T1566,TruePositive,,,MailCluster,Related,98799,138268,360606,160396,441377,673934,425863,453297,153085,529644,4229093502.0,1631,635,860,2251,3421,881,,289573,117668,3586,,,5,66,,,NoThreatsFound,242,1445,10630
326417516769,1003,200873,654480,2024-06-07T21:18:39.000Z,3357,14057,Persistence,T1543.003,FalsePositive,,,Process,Related,98799,138268,360606,160396,441377,673934,425863,453297,153085,529644,,1631,635,860,2251,3421,881,,1508,18056,3586,,,5,66,,,,242,1445,10630
137438955883,5,73,1316710,2024-06-08T10:39:14.000Z,0,0,InitialAccess,T1078;T1078.004,TruePositive,,,User,Impacted,98799,138268,360606,160396,14,26,12,15,153085,529644,,1631,635,860,2251,3421,881,,289573,117668,3586,,,5,66,,,,242,1445,10630
927712938467,28,23726,61290,2024-06-09T03:05:43.000Z,1,1,InitialAccess,T1566.002,TruePositive,,,MailMessage,Related,98799,138268,360606,160396,441377,62431,425863,453297,153085,69400,,1631,635,860,2251,3421,881,,289573,117668,3586,,,5,66,Inbound,,Malicious,242,1445,10630
103079216935,342,137954,120823,2024-06-11T18:01:54.000Z,28,19,InitialAccess,T1566,BenignPositive,,,Ip,Related,98799,138268,160,160396,441377,673934,425863,453297,153085,529644,,1631,635,860,2251,3421,881,,289573,117668,3586,,,5,66,,,NoThreatsFound,242,1445,10630
